epoch,train_loss,train_self_probe_loss,train_cross_probe_loss,train_lambda_cross,train_lambda_proto,train_prototype_alignment_loss,train_latent_alignment_loss,train_latent_alignment_weight,train_feature_alignment_loss,train_self_probe_local_loss,train_cross_probe_local_loss,train_self_probe_region_time_loss,train_cross_probe_region_time_loss,train_self_probe_derivative_loss,train_cross_probe_derivative_loss,train_self_probe_frequency_loss,train_cross_probe_frequency_loss,train_self_probe_correlation_loss,train_cross_probe_correlation_loss,val_loss,val_self_probe_loss,val_cross_probe_loss,val_lambda_cross,val_lambda_proto,val_prototype_alignment_loss,val_latent_alignment_loss,val_latent_alignment_weight,val_feature_alignment_loss,val_self_probe_local_loss,val_cross_probe_local_loss,val_self_probe_region_time_loss,val_cross_probe_region_time_loss,val_self_probe_derivative_loss,val_cross_probe_derivative_loss,val_self_probe_frequency_loss,val_cross_probe_frequency_loss,val_self_probe_correlation_loss,val_cross_probe_correlation_loss,monitor_metric_raw,monitor_metric,monitor_key
1,2.553115514480191,2.553115514480191,0.09050738435283581,0.0,0.0,4.579300464835308,0.3504337906902891,0.0,0.3504337906902891,0.9923489099014734,0.03593878946895788,1.4979662982978,0.03724807794446087,0.021999093913498746,0.04253118423464924,0.022518445113029754,0.04032549209704645,1.1009725444795795,0.05310343558011672,6.969967493266793,6.969967493266793,0.06419497663560121,0.0,0.0,4.470898894789796,0.299405249564544,0.0,0.299405249564544,2.6354634566521793,0.02694319527573097,4.273985346397443,0.024395506077023767,0.02039269364861228,0.03087087084325204,0.03247802330886725,0.026245207450589777,1.0434555244741972,0.05028074142170248,6.969967493266793,6.969967493266793,val_self_probe_loss
2,2.5130862424847322,2.5130862424847322,0.08384001884777119,0.0,0.0,4.549849049581785,0.39398114937720524,0.0,0.39398114937720524,0.9623450538885712,0.03904073379533089,1.4942412137592662,0.029963733098836685,0.014917625770643435,0.03360281909410111,0.018396832318782284,0.031443637866285575,1.0186156793431054,0.06580967200116451,6.929790933911475,6.929790933911475,0.06349923216408083,0.0,0.0,4.493073031028605,0.3487178435236771,0.0,0.3487178435236771,2.608395825215378,0.03472076645641593,4.266617919867916,0.018430764491883866,0.013325246253415295,0.019824855376659713,0.02910317128570461,0.019126687812046236,0.9707032697541373,0.06957637486250504,6.929790933911475,6.949879213589134,val_self_probe_loss
3,2.483471001665037,2.483471001665037,0.08661834160366906,0.0,0.0,4.53301929092826,0.43168441877668695,0.0,0.43168441877668695,0.9411718189045705,0.04790477745815637,1.490624866508659,0.025494181668604638,0.010512298719321595,0.025084214943382404,0.015279400057101093,0.024526390888034055,0.9503697285144441,0.08991379703831594,6.8959045340740905,6.8959045340740905,0.06875847770560602,0.0,0.0,4.45951325256632,0.3681285031463789,0.0,0.3681285031463789,2.5869113067222864,0.0444962417024263,4.258231535461379,0.01506054539071477,0.01031808704296879,0.013006645329990742,0.025885923216061563,0.01359941686578789,0.9118716465020031,0.0918017399977453,6.8959045340740905,6.929790933911475,val_self_probe_loss
4,2.4595305820524236,2.4595305820524236,0.09229493234408805,0.0,0.0,4.488916117587545,0.4448997325352858,0.0,0.4448997325352858,0.9255230201226297,0.05750380195963527,1.485584069309198,0.022428614061845122,0.008582057853553416,0.01875949327749099,0.01278698889990506,0.019323558294092654,0.899983711418022,0.114805741053643,6.868591914913669,6.868591914913669,0.07260387865190181,0.0,0.0,4.392218856337648,0.3585338029802216,0.0,0.3585338029802216,2.570666031304585,0.05116122401093844,4.249550833144104,0.012537402725599197,0.009380826447448282,0.009007739898118173,0.024238366262715378,0.01033615504293153,0.8721335371088538,0.11239399737823083,6.868591914913669,6.8959045340740905,val_self_probe_loss
5,2.4421638632285214,2.4421638632285214,0.0952407912188644,0.0,0.0,4.427485338288526,0.4336356332548102,0.0,0.4336356332548102,0.9138139587357788,0.06381864387758739,1.4818648984441054,0.01953371366205841,0.007310597045075161,0.014285303766785024,0.011441185973322941,0.015305523573534418,0.8702669567648326,0.13573110502716215,6.8414982290510435,6.8414982290510435,0.07995091283821171,0.0,0.0,4.383768481497439,0.35621571929558465,0.0,0.35621571929558465,2.555881543698148,0.05941540914477769,4.2385969666347645,0.011567439993855006,0.009207053851156917,0.006488779987792791,0.023618735322404816,0.008747520127698132,0.8471050079194655,0.1294223320502672,6.8414982290510435,6.868591914913669,val_self_probe_loss
6,2.4229110762820416,2.4229110762820416,0.10089359394020098,0.0,0.0,4.385185709114786,0.4229894218277329,0.0,0.4229894218277329,0.903047420023138,0.07070561067398502,1.4746352859029523,0.018494786455425814,0.006712280030839726,0.011171493397128045,0.01048736466640764,0.01260918509276455,0.8500302818682531,0.15278810036954452,6.8119804870267835,6.8119804870267835,0.08924070097829985,0.0,0.0,4.329078532153775,0.3603859551204658,0.0,0.3603859551204658,2.540573514546759,0.06773222459954505,4.225843123053287,0.01161384620119511,0.008926134070986014,0.005255152679609586,0.02274094923740681,0.0071884262121010645,0.8211603316461077,0.1572399702131378,6.8119804870267835,6.8414982290510435,val_self_probe_loss
7,2.408626799084222,2.408626799084222,0.10600654514246793,0.0,0.0,4.3314763999796595,0.4143138959038794,0.0,0.4143138959038794,0.89587250963246,0.07609063936509887,1.4686513827943972,0.01801761200919371,0.005946441158411041,0.008912046065780976,0.009660514391566148,0.010651915815672158,0.8330061666005005,0.17210181245557823,6.788302225980514,6.788302225980514,0.09646035425411248,0.0,0.0,4.2897257804870605,0.3569067127956367,0.0,0.3569067127956367,2.529450959928033,0.07390951612813873,4.214361893105673,0.011948529642468654,0.00866536519335444,0.0040532527722834805,0.022089168264513244,0.005985423506046674,0.8022672524733573,0.17980906867092442,6.788302225980514,6.8119804870267835,val_self_probe_loss
8,2.399527428424319,2.399527428424319,0.1089239546744936,0.0,0.0,4.294900486942965,0.4090183711601534,0.0,0.4090183711601534,0.8906626314758993,0.07912157453866481,1.4657852351992635,0.017667876055584782,0.005273402558126447,0.007158830920367222,0.008854864531684294,0.008760936090029555,0.8175141862404465,0.1893740518818048,6.7619382737678775,6.7619382737678775,0.0960938390691458,0.0,0.0,4.255206682667229,0.3453528148046932,0.0,0.3453528148046932,2.5168507063287016,0.07320330773266207,4.201270980592701,0.012121603696936776,0.008455947208722983,0.0030310310319251153,0.021515105746871568,0.00463466094633252,0.7910075165470194,0.19095408027956945,6.7619382737678775,6.788302225980514,val_self_probe_loss
9,2.392411155198853,2.392411155198853,0.11272573263336354,0.0,0.0,4.265471828494192,0.39787397122278434,0.0,0.39787397122278434,0.8885845948198787,0.08246932343122856,1.4616657520054495,0.017865922351078457,0.004727156624263387,0.00572841139009343,0.008400229048382585,0.007266173213842999,0.8027796182621978,0.20463532364787176,6.738306664115524,6.738306664115524,0.09949455842931078,0.0,0.0,4.2371344240555855,0.33901156771997487,0.0,0.33901156771997487,2.506584057029082,0.07544709459780166,4.188503520563245,0.013021420427129506,0.008293016520487896,0.0022855426766186585,0.021052497460778734,0.003889628321580265,0.7808161627802049,0.20131390139182903,6.738306664115524,6.7619382737678775,val_self_probe_loss
10,2.3770348528966423,2.3770348528966423,0.11563527994634815,0.0,0.0,4.241658874453096,0.3901779310109194,0.0,0.3901779310109194,0.8806638398977522,0.0850719274333489,1.454773035170316,0.017901784811949952,0.004242328438768828,0.00460957617265848,0.0075279675693988276,0.006169405615552196,0.7956959692235835,0.21784465731367975,6.719013694997715,6.719013694997715,0.11064391171339877,0.0,0.0,4.233415034987171,0.3575276447379071,0.0,0.3575276447379071,2.497328343222739,0.08523425284009542,4.179188229210142,0.013265997194540427,0.008237099942844505,0.0017452529582385875,0.020843657489247065,0.0036606484234495006,0.7670705973731805,0.2268256900473411,6.719013694997715,6.738306664115524,val_self_probe_loss
11,2.358371236190838,2.358371236190838,0.12007069121535079,0.0,0.0,4.2251524867655545,0.3911648517317097,0.0,0.3911648517317097,0.8713013300003584,0.08822026426784293,1.4458261714444693,0.018819126060271366,0.003860216940989315,0.0037494783763059145,0.00713785227774576,0.0053972185018925254,0.7912971775173225,0.23108419654921564,6.682231436605039,6.682231436605039,0.11242521771733065,0.0,0.0,4.208889324472557,0.33198333601033464,0.0,0.33198333601033464,2.480969585929506,0.0851388766852595,4.159121811303154,0.014917701916618746,0.008128334043774558,0.0013160806912813126,0.02037624868178185,0.003035827693153427,0.7614106572933078,0.23472073729734244,6.682231436605039,6.719013694997715,val_self_probe_loss
12,2.3378021243538476,2.3378021243538476,0.12470510847351292,0.0,0.0,4.208494290038861,0.3744429493840256,0.0,0.3744429493840256,0.8626231049380697,0.09133047173791345,1.4344701552385328,0.020044602380102475,0.003525011105085677,0.0030074164396076248,0.006579302471390752,0.004798934736179697,0.7833943200163731,0.24196575801210268,6.651627697305094,6.651627697305094,0.10175895792727145,0.0,0.0,4.196794634279997,0.32420319985158697,0.0,0.32420319985158697,2.4681115599453265,0.07454865236089837,4.141576761466607,0.015123385941806417,0.00806616995346614,0.0010024343876844932,0.020136485829470703,0.0024944798694055826,0.7581806330947403,0.231737307324913,6.651627697305094,6.682231436605039,val_self_probe_loss
13,2.3361667285537355,2.3361667285537355,0.1269147770497723,0.0,0.0,4.197519821079057,0.36871192062071206,0.0,0.36871192062071206,0.8613707826244844,0.0934074267532378,1.4343168459603672,0.01998099388450417,0.0031311801927620146,0.0023797753621731055,0.00617108410674134,0.0042517551657478975,0.7815876033251162,0.25012474460476186,6.624576230516067,6.624576230516067,0.11313873325815853,0.0,0.0,4.189265150461138,0.32864739935590614,0.0,0.32864739935590614,2.4553708299439148,0.08397162601536845,4.12763290192284,0.016247527650702073,0.00802872755752026,0.0007652233720624021,0.019870987567639914,0.0024913212715399376,0.7515560296011268,0.24958282486992592,6.624576230516067,6.651627697305094,val_self_probe_loss
14,2.331516886941688,2.331516886941688,0.13044928944987602,0.0,0.0,4.188858468760251,0.3636157766197175,0.0,0.3636157766197175,0.8585103886400306,0.09538881661437869,1.43261627444198,0.021384227894140257,0.002937547021937014,0.002045225613504141,0.006270643662299417,0.004032466920965753,0.7805779202055068,0.25523382153783225,6.599287009526114,6.599287009526114,0.10858833405727185,0.0,0.0,4.182085149776862,0.31510724303144844,0.0,0.31510724303144844,2.444633540847796,0.07929509459352642,4.113237957854795,0.01657184974654861,0.007992594366114419,0.0005699393313424372,0.01982920380798747,0.002204694255162609,0.7486776576279113,0.24716870070244215,6.599287009526114,6.624576230516067,val_self_probe_loss
15,2.3114045049042393,2.3114045049042393,0.1314412318619886,0.0,0.0,4.182119828024235,0.36079965893314125,0.0,0.36079965893314125,0.8498962051669621,0.09633025248932656,1.4216713019146796,0.02114351749272954,0.0026975902642479162,0.0016602296793667762,0.005790912900958313,0.003677501226775348,0.7716695626402268,0.2636930952022418,6.566281858611829,6.566281858611829,0.1213541918011926,0.0,0.0,4.1772965999863905,0.32243971239706004,0.0,0.32243971239706004,2.429756443837646,0.09007814373844159,4.095320000839622,0.017883545157979734,0.008043789194659286,0.0004539223816621794,0.019529245228373578,0.0025088327534797585,0.744839072227478,0.26056280806197885,6.566281858611829,6.599287009526114,val_self_probe_loss
16,2.3011898816973133,2.3011898816973133,0.1341052472133406,0.0,0.0,4.176257631257912,0.358877825979082,0.0,0.358877825979082,0.8478398908606427,0.09787032558581701,1.413621224609176,0.0220890381403112,0.0025463636356797457,0.0013552027019446166,0.005430192202937909,0.0034728360530520606,0.7709839511519598,0.269196000011509,6.530955918295228,6.530955918295228,0.13005526567467993,0.0,0.0,4.172739875983007,0.3178907462528774,0.0,0.3178907462528774,2.4145692779468546,0.09573243394123841,4.075312861487246,0.020604366274631542,0.00801363185461884,0.00034250535927018766,0.01929441770005057,0.0025058813503023632,0.7428109075712122,0.2676450452819374,6.530955918295228,6.566281858611829,val_self_probe_loss
17,2.2988569275951414,2.2988569275951414,0.1360180330197976,0.0,0.0,4.1714971816631365,0.3476352559813553,0.0,0.3476352559813553,0.8456381311625831,0.09902015474801791,1.4137161492526482,0.022661162965596705,0.002383041691263007,0.0010989442684674383,0.005289822741453541,0.003265932354663062,0.7675592018338381,0.27470771083454926,6.5022212427502835,6.5022212427502835,0.12467733215286124,0.0,0.0,4.168643548621894,0.30615983098190025,0.0,0.30615983098190025,2.4030945700107385,0.09074489994448905,4.05814505642951,0.020378739636692202,0.007963832988951829,0.0002552498942197688,0.019083260290284197,0.002336558632434039,0.7416515098595471,0.2651244540762457,6.5022212427502835,6.530955918295228,val_self_probe_loss
18,2.285053173818193,2.285053173818193,0.13920627626806137,0.0,0.0,4.168108041932895,0.3456504374709794,0.0,0.3456504374709794,0.839864717093097,0.10095436844062858,1.405706834297476,0.02389650532421702,0.0023068062863726697,0.000927039210477069,0.005238188767517405,0.0031229549497273942,0.7676243440510805,0.2762269322094881,6.475693845276877,6.475693845276877,0.13201971824124734,0.0,0.0,4.165917710487887,0.30515055015960835,0.0,0.30515055015960835,2.3916994661977804,0.09647908709619356,4.043173071897953,0.021527968827195418,0.00794849590895848,0.00019252379041639453,0.019033368678708557,0.0025949290077207808,0.7386160298534061,0.274100788446687,6.475693845276877,6.5022212427502835,val_self_probe_loss
19,2.267203293810266,2.267203293810266,0.1397335878629585,0.0,0.0,4.165279511955253,0.3438779700273478,0.0,0.3438779700273478,0.8309762391535735,0.10122429386484635,1.3969263506482807,0.023906633922366097,0.0021890264636894195,0.0007658013759608228,0.005117247086100109,0.0031668509252657695,0.7648340434850113,0.2818905039885696,6.442028550812917,6.442028550812917,0.12860824940552623,0.0,0.0,4.163765433412161,0.3012442037185527,0.0,0.3012442037185527,2.37726582166224,0.09392341064370197,4.024060501922385,0.020575601179499803,0.007917336371556642,0.00014987671163919388,0.018724372650219,0.0023701853163667626,0.7370119005996988,0.2766950515486439,6.442028550812917,6.475693845276877,val_self_probe_loss
20,2.2433274648715584,2.2433274648715584,0.14145083383592633,0.0,0.0,4.163183135860707,0.33361575180822095,0.0,0.33361575180822095,0.8236400907395078,0.10225096215319163,1.3804257344188726,0.024507933998588805,0.001942358502114251,0.0006518619221023823,0.004737215361207249,0.0030390260987490842,0.7660467675697922,0.28450138521770224,6.384868936856156,6.384868936856156,0.1278662234544754,0.0,0.0,4.161933377662801,0.2872708467593104,0.0,0.2872708467593104,2.352585418774567,0.09250062352381878,3.991686794516393,0.021230631898394466,0.007903962705471635,0.00012077250328458706,0.0183380563965397,0.002363175805224256,0.7357456219492492,0.27736913732119967,6.384868936856156,6.442028550812917,val_self_probe_loss
21,2.254263561394814,2.254263561394814,0.1423696325652293,0.0,0.0,4.161694242977808,0.327633708682725,0.0,0.327633708682725,0.8250909546138688,0.10315850053215656,1.3900151024178962,0.024546204443558903,0.0019307060320028456,0.0005365360402231208,0.004944829349216936,0.002937713718710367,0.7636050459582249,0.2847404385764565,6.357045458386773,6.357045458386773,0.12962519437629985,0.0,0.0,4.160807094218568,0.2795004888165812,0.0,0.2795004888165812,2.3405660461368307,0.09450888464817349,3.9759519796642064,0.02079747041097339,0.007875133943631927,0.00010101498194654929,0.018180248963860623,0.0023726801740827025,0.7348126622830858,0.2811263164748316,6.357045458386773,6.384868936856156,val_self_probe_loss
22,2.225902617603344,2.225902617603344,0.14364310769460334,0.0,0.0,4.1606401674833835,0.31916212011639816,0.0,0.31916212011639816,0.8120467230886156,0.10370785921288636,1.3746939917983392,0.025260255380679827,0.0019066684299713955,0.0004536923659126081,0.004666612615183192,0.002907242327437835,0.7643721107593876,0.2854169316990577,6.304840240858912,6.304840240858912,0.15090620240069325,0.0,0.0,4.160104947060532,0.282106838241127,0.0,0.282106838241127,2.31739656958058,0.10957416538033427,3.946979286872221,0.026718387305042387,0.007885920894888999,0.00010583113399656021,0.01777131522366465,0.0029393840438009513,0.7343290527785047,0.2858650003160749,6.304840240858912,6.357045458386773,val_self_probe_loss
23,2.2166929431791234,2.2166929431791234,0.14586746048194515,0.0,0.0,4.159937400064144,0.311399170484815,0.0,0.311399170484815,0.807774271071775,0.10534258477970483,1.3697605628446645,0.02565871100590598,0.0018367221509055342,0.0004023067615098196,0.004587335205221862,0.002955305266360682,0.7648017856606275,0.2894011766012885,6.271592756004437,6.271592756004437,0.1423296039889318,0.0,0.0,4.159647760924345,0.28139662853679304,0.0,0.28139662853679304,2.303307801354908,0.10125582026583808,3.927875253781156,0.02655089079685833,0.007855069206236508,9.395347013377211e-05,0.017528043080103924,0.002732315196175568,0.7338556278936611,0.2845234819080519,6.271592756004437,6.304840240858912,val_self_probe_loss
24,2.1801067021655984,2.1801067021655984,0.14972492592852935,0.0,0.0,4.159497951963992,0.310886764074916,0.0,0.310886764074916,0.7939369536600966,0.10735263445636443,1.3471306965642422,0.027462926675881433,0.0018105562252394292,0.00037531879367986665,0.004229207473329619,0.0030565339408438696,0.7632695884003204,0.2901976180848646,6.2240849720163745,6.2240849720163745,0.1458360451904143,0.0,0.0,4.159309422747689,0.2786866979939597,0.0,0.2786866979939597,2.2829377611763544,0.1027988724364257,3.9007806105116924,0.028576277254253442,0.00783005508096919,8.947341300441192e-05,0.01719069958488046,0.0027904140217785045,0.7338014052521368,0.2831897483849377,6.2240849720163745,6.271592756004437,val_self_probe_loss
25,2.1465387824681534,2.1465387824681534,0.1526599222820755,0.0,0.0,4.159242102395821,0.31364740841867633,0.0,0.31364740841867633,0.7788037080603982,0.10864051047029663,1.328727856728235,0.02908590479327609,0.0016905838204113281,0.000332577017801824,0.004237271654296924,0.0030393656614133282,0.7632164329650243,0.29092851408750114,6.182567162867288,6.182567162867288,0.15637799912357922,0.0,0.0,4.1591111473415205,0.276708682131323,0.0,0.276708682131323,2.265538389777175,0.11234737911857433,3.8767579322194923,0.029284164396270834,0.007807082934044764,9.945088807042971e-05,0.016912790443943466,0.0031178902302469525,0.7325612765661678,0.2881960531939631,6.182567162867288,6.2240849720163745,val_self_probe_loss
26,2.1986550426296687,2.1986550426296687,0.14844737110330297,0.0,0.0,4.159055563280795,0.2970982922484401,0.0,0.2970982922484401,0.8017946733683184,0.10653863480860525,1.3579173680991916,0.02673301871039963,0.0016464309438599966,0.00030192807808446335,0.004414957226918546,0.0029353023172917435,0.7617970915709579,0.29613410186689065,6.12918612558788,6.12918612558788,0.1525070608957954,0.0,0.0,4.158994242271281,0.26721140335065235,0.0,0.26721140335065235,2.2428550963284253,0.10647263595406313,3.8460710995905796,0.031454978889629524,0.007797754660036534,0.0001005519088269562,0.016541990323168637,0.002972871115755128,0.7331208170200727,0.285140417747616,6.12918612558788,6.182567162867288,val_self_probe_loss
27,2.1232060562209947,2.1232060562209947,0.1575118802430601,0.0,0.0,4.158971558287167,0.29812217275606945,0.0,0.29812217275606945,0.7707870167329433,0.11128017751236255,1.31351922898585,0.0311502035304446,0.0016041908605621247,0.0003044060670065823,0.004175767242452528,0.0031570975858366485,0.7616256939985357,0.2937937781918062,6.077229474549708,6.077229474549708,0.1428737282660437,0.0,0.0,4.158934480655267,0.2579256155476067,0.0,0.2579256155476067,2.2210828701658927,0.0995044563868031,3.8159559936586605,0.028873096758164234,0.007752228255932485,9.5348023475612e-05,0.01625215128694678,0.0027497145173758825,0.7325489054555478,0.2839473376733176,6.077229474549708,6.12918612558788,val_self_probe_loss
28,2.165443655917202,2.165443655917202,0.1500374826262209,0.0,0.0,4.158922921943874,0.28957069623483395,0.0,0.28957069623483395,0.7868396337016288,0.10804859489922204,1.3397844361629987,0.026951256838885804,0.0017033428094990278,0.00022978131767565794,0.004139390688452923,0.002922173749970356,0.7595951384430266,0.2937593674031623,6.042344963617669,6.042344963617669,0.16348010005417818,0.0,0.0,4.158907055114367,0.2662372227225985,0.0,0.2662372227225985,2.2069358536973596,0.11271933686011326,3.7952963316680064,0.03584775131091661,0.007734282758918096,0.00012074632203909251,0.01597542595642515,0.0032546506747776955,0.7316360492143572,0.29114726389416995,6.042344963617669,6.077229474549708,val_self_probe_loss
29,2.120707631675459,2.120707631675459,0.15606969128783002,0.0,0.0,4.158899784088135,0.2854791213109124,0.0,0.2854791213109124,0.7679381108925597,0.11142886546159288,1.3139444393694655,0.029670732261451487,0.0015931269056513868,0.00024479843027116354,0.003994203510752478,0.0030283222772880293,0.76054706348415,0.2921212401596827,5.993788665542321,5.993788665542321,0.17073921331707737,0.0,0.0,4.158892113229503,0.2575543245173389,0.0,0.2575543245173389,2.1865638083870875,0.11815372910003484,3.7671817224313684,0.037569949033190005,0.007715912573748146,0.0001388493177988234,0.015636793396512323,0.0034126615345547472,0.7310145493619931,0.29279120886547966,5.993788665542321,6.042344963617669,val_self_probe_loss
30,2.096043054133032,2.096043054133032,0.16131113871163255,0.0,0.0,4.158889716071957,0.2874524406557156,0.0,0.2874524406557156,0.7551074364150002,0.11438706120564045,1.3022548034940524,0.031594174553187304,0.0015287977272979956,0.00026204440307195945,0.003891822586805201,0.003083273777497971,0.7581894119013547,0.2991213211636381,5.9462771461524575,5.9462771461524575,0.18416188897923652,0.0,0.0,4.158886693279196,0.2624752318822079,0.0,0.2624752318822079,2.1670463028311824,0.1267011487011954,3.739184271093018,0.042448142323619834,0.007709579008467993,0.0001670040749316212,0.015430861821192784,0.003801496653175502,0.7315274456643169,0.2918139966378301,5.9462771461524575,5.993788665542321,val_self_probe_loss
31,2.0668371495689573,2.0668371495689573,0.16090006936590967,0.0,0.0,4.158885503574208,0.2829132503068277,0.0,0.2829132503068277,0.7451649660900905,0.11367811542311039,1.282896916851254,0.03202996587607719,0.0014561752380566051,0.00022613529076492546,0.003651797086763084,0.003213769184531793,0.7609189642771146,0.2962815783811584,5.887633797799393,5.887633797799393,0.19199374535624286,0.0,0.0,4.158884261705861,0.2607550756161257,0.0,0.2607550756161257,2.141831142476453,0.13354961129819384,3.7058400541836085,0.04321796223174156,0.007643800330019675,0.0001687303646695395,0.01503122197185724,0.003972872657851773,0.7309659523253115,0.2957340415960513,5.887633797799393,5.9462771461524575,val_self_probe_loss
32,2.101351306872886,2.101351306872886,0.16011728446125068,0.0,0.0,4.158883894575937,0.2775427602256038,0.0,0.2775427602256038,0.7582960528077233,0.11310224262864609,1.3041740629247478,0.031849503670497076,0.0016123554292983456,0.00025576896325187477,0.0037921655781410686,0.003179690460434222,0.7619785836577808,0.2956724956255451,5.8345385340869615,5.8345385340869615,0.20758372989500531,0.0,0.0,4.158883201409571,0.25794348842609005,0.0,0.25794348842609005,2.1198300783586057,0.14274552975844892,3.6747571153129504,0.049595383504949374,0.007683440561511884,0.00020860124593879016,0.014772010404220349,0.004339894675360472,0.7310665734806416,0.29513352813187593,5.8345385340869615,5.887633797799393,val_self_probe_loss
33,2.0327730784202904,2.0327730784202904,0.16877385345824333,0.0,0.0,4.158883153410827,0.2735312158072165,0.0,0.2735312158072165,0.7312305993150049,0.11836180902207853,1.262773754424799,0.035264163835201125,0.0014944926951372941,0.00023588497791890133,0.0037065942493920614,0.003353689120199151,0.7604881282957142,0.29507079056405866,5.753699811534111,5.753699811534111,0.20337633992204016,0.0,0.0,4.158883047400054,0.24799831572526732,0.0,0.24799831572526732,2.084448769567129,0.13902389690835285,3.629374736143415,0.049197869985624684,0.007659012635429361,0.00021473952492330982,0.014184754686748251,0.0041321290408185924,0.7308558703209302,0.29375341256953175,5.753699811534111,5.8345385340869615,val_self_probe_loss
34,1.9792140531021403,1.9792140531021403,0.17648039756569722,0.0,0.0,4.158882994290633,0.2747737203942434,0.0,0.2747737203942434,0.7116935663364836,0.12251732509857213,1.2288980307926463,0.038570872852507196,0.001344302520852993,0.00025907038297951065,0.00361901092118508,0.0033560951056217513,0.7584904309292656,0.29983645886935206,5.71107838806112,5.71107838806112,0.20750066832355832,0.0,0.0,4.1588830118593965,0.25147928214221266,0.0,0.25147928214221266,2.067362886144901,0.13980846345332099,3.603863072577251,0.05244707216954102,0.007659127010364788,0.0002450221890290969,0.013989909665560732,0.004151782385357048,0.7307713535261451,0.29537415578498605,5.71107838806112,5.753699811534111,val_self_probe_loss
35,1.9713767755339096,1.9713767755339096,0.17597388526021976,0.0,0.0,4.158882961315067,0.271217038517595,0.0,0.271217038517595,0.7059656305486003,0.12237432518918742,1.226849026054872,0.038294820536161095,0.0014264561574160847,0.0002398201181442384,0.00347809861208395,0.0034743534773179255,0.757155995599263,0.29794701976388793,5.656492782675701,5.656492782675701,0.2239601453824073,0.0,0.0,4.158882893390537,0.24391623119019573,0.0,0.24391623119019573,2.045006759985356,0.15230719275448634,3.5716962243505517,0.056183526283766355,0.0076517285054686236,0.00027440176294792605,0.013728778050801723,0.004534394190334339,0.7300708719662258,0.2989476119509395,5.656492782675701,5.71107838806112,val_self_probe_loss
36,1.9563353206761975,1.9563353206761975,0.18126657403980992,0.0,0.0,4.158882908449477,0.26422652978405076,0.0,0.26422652978405076,0.6987747518114672,0.12567283075740387,1.2189404243218962,0.04014884145433568,0.0013978056502911215,0.0002613475126783048,0.0034626813307488858,0.0035237766591204346,0.7584874342746714,0.3005437172466785,5.5719325537243805,5.5719325537243805,0.2318472063504391,0.0,0.0,4.158882905237423,0.24467878700783535,0.0,0.24467878700783535,2.009685773645406,0.15589747832428594,3.522474810371164,0.06057378903077626,0.007623085382637446,0.00030541930634245317,0.013268144048355602,0.004616732054002444,0.7307956448252897,0.29675839609981325,5.5719325537243805,5.656492782675701,val_self_probe_loss
37,1.9166493896480843,1.9166493896480843,0.1858890400432729,0.0,0.0,4.158882896410778,0.2641094334333579,0.0,0.2641094334333579,0.6873128174668184,0.12758977726739795,1.1907434959207897,0.042819871616260476,0.0013449701171510972,0.0002813328819115044,0.003428615623794733,0.0034842782039972253,0.7582798525609248,0.30121264538833,5.499129400675341,5.499129400675341,0.2430523439131168,0.0,0.0,4.158882928931194,0.24176789487000577,0.0,0.24176789487000577,1.9794973623273628,0.1622094699407216,3.4798726441529553,0.06544698733743859,0.0076190476205546314,0.00032278818382889895,0.012930650591759173,0.004746994242268782,0.7312318889991097,0.29680960704080805,5.499129400675341,5.5719325537243805,val_self_probe_loss
38,1.8739802033428827,1.8739802033428827,0.1955741437317642,0.0,0.0,4.158882913160272,0.26168020944694786,0.0,0.26168020944694786,0.6679305620491505,0.13322154663167854,1.1674722082090987,0.04689993811556589,0.0013352530290187121,0.00030754103148511984,0.003202709356135291,0.0037855207817843665,0.7584676592069975,0.29994439640369686,5.438251841547234,5.438251841547234,0.2632442356451698,0.0,0.0,4.158882881543651,0.24007534832687852,0.0,0.24007534832687852,1.9548725491181387,0.17448324559730774,3.443668401091481,0.07328239664643632,0.007590003167922603,0.0003657786502789468,0.012656582339727522,0.0051027243546216015,0.7309570877078158,0.2975374064090089,5.438251841547234,5.499129400675341,val_self_probe_loss
39,1.8891031911063012,1.8891031911063012,0.18987479707804783,0.0,0.0,4.158882883848658,0.25719556997557763,0.0,0.25719556997557763,0.6732699057142507,0.13080581235898706,1.177187630236067,0.043725265050971414,0.0013424107203266198,0.0002660382421053159,0.003122368060092265,0.0037487002626842483,0.7599555978921583,0.29804678789608824,5.365510625799435,5.365510625799435,0.2629516605542313,0.0,0.0,4.1588827275341345,0.24136225971746147,0.0,0.24136225971746147,1.9250964019939256,0.17115049677328292,3.400757720799515,0.07623191478066378,0.0075882457587896895,0.000405157780716187,0.012306601769342927,0.004998289067471713,0.7305796524012311,0.2993622420367247,5.365510625799435,5.438251841547234,val_self_probe_loss
40,1.8195206782526032,1.8195206782526032,0.20905667659545443,0.0,0.0,4.158882726822151,0.25562805446063125,0.0,0.25562805446063125,0.6431633609435986,0.14198850191777937,1.1378256472565733,0.05157096728858355,0.0012765243516518795,0.00035949709167458374,0.003156594102987539,0.003803732156555212,0.7579370899990806,0.3005391786899315,5.2794235491234325,5.2794235491234325,0.2874246154512678,0.0,0.0,4.1588824047064925,0.23586536934657126,0.0,0.23586536934657126,1.8905333549461056,0.18762416156552594,3.349257511419377,0.08425781623639675,0.007607814839694747,0.0004594913181044944,0.01195288510047339,0.0053837383180417074,0.7307123906493928,0.29778804912330203,5.2794235491234325,5.365510625799435,val_self_probe_loss
41,1.8360019189466106,1.8360019189466106,0.20251700093174346,0.0,0.0,4.158882502797668,0.25601618338691157,0.0,0.25601618338691157,0.652895690991853,0.1374557531233284,1.1445118949833428,0.04946447689286571,0.0013409989034147722,0.00032761456575299615,0.0029742894544696557,0.003824846465452385,0.7592322319320738,0.3026476928352917,5.197851700187655,5.197851700187655,0.29720605373012354,0.0,0.0,4.1588826179504395,0.23404856165003332,0.0,0.23404856165003332,1.8568831573107414,0.19342262691222362,3.301377585374675,0.08820586275853078,0.0075561378069109175,0.00048434833403142937,0.011553319662763096,0.005489010200401919,0.7309372034502326,0.29815126002205083,5.197851700187655,5.2794235491234325,val_self_probe_loss
42,1.8254127664947484,1.8254127664947484,0.20374517141136983,0.0,0.0,4.158882592826198,0.24899680184611375,0.0,0.24899680184611375,0.6476755088438514,0.13802643077760837,1.1390547716906283,0.05026542918468313,0.0012907547144394094,0.0003135114966665648,0.0033628034463426266,0.0035797036633725583,0.7604702302836429,0.300339258332153,5.142520072690633,5.142520072690633,0.32059957651618104,0.0,0.0,4.1588826179504395,0.23421546900124282,0.0,0.23421546900124282,1.8353395802258103,0.2069698101291375,3.267608316474947,0.09798325533452241,0.0075672046213699305,0.0005317183313422195,0.011368881260632012,0.005893868949518811,0.7308707737034152,0.2984842063847536,5.142520072690633,5.197851700187655,val_self_probe_loss
43,1.874993454333718,1.874993454333718,0.19508812728651792,0.0,0.0,4.1588826179504395,0.2464782180659203,0.0,0.2464782180659203,0.6657344147064095,0.13434665995260495,1.170746845560216,0.04533703191539132,0.0013262471278697972,0.0003124298860805705,0.0034421200002211377,0.0035120141066295944,0.7567268819369286,0.2995025242068503,5.071982999442157,5.071982999442157,0.32018954394767,0.0,0.0,4.1588826179504395,0.2282349517256577,0.0,0.2282349517256577,1.805978467502857,0.20467260014844238,3.2264730769978915,0.09990729113913471,0.00759723411655337,0.00055421175816066,0.011024640765336128,0.005828787775143333,0.7306012144740324,0.29776439940707283,5.071982999442157,5.142520072690633,val_self_probe_loss
44,1.7706860202138694,1.7706860202138694,0.22064372210157165,0.0,0.0,4.1588826179504395,0.24504897039297777,0.0,0.24504897039297777,0.6238696991939314,0.14857205912127322,1.1082770318655721,0.05656776794372484,0.0011705572914133312,0.00036193260108823575,0.003391516394529831,0.003921965008952198,0.7581483701450503,0.30042420417626525,4.994624228210923,4.994624228210923,0.3490961218102378,0.0,0.0,4.1588826179504395,0.2305924285272634,0.0,0.2305924285272634,1.7758468571871011,0.22041558254487026,3.179248296427222,0.11288383950172744,0.007625234309061118,0.0006415447876307829,0.010869979828029223,0.006169939034051546,0.7307046977629573,0.3003862907427438,4.994624228210923,5.071982999442157,val_self_probe_loss
45,1.7558157525130607,1.7558157525130607,0.21944553647128995,0.0,0.0,4.1588826179504395,0.24193689303981747,0.0,0.24193689303981747,0.6193459518499157,0.14619643133211346,1.0978827643393243,0.05778254942434843,0.001287530546321183,0.0003215936658137609,0.0030901739159118462,0.003890789014391568,0.7591233078132739,0.2999415895548924,4.930374523497516,4.930374523497516,0.37013092035462397,0.0,0.0,4.1588826179504395,0.2243302031333402,0.0,0.2243302031333402,1.7496371544747156,0.2353981696763394,3.1412347824144993,0.11891553238878802,0.007599279880427874,0.0006642539658782908,0.010648712418938739,0.006365603719612364,0.7307546527489371,0.3002918432958378,4.930374523497516,4.994624228210923,val_self_probe_loss
46,1.6359348273892302,1.6359348273892302,0.2616497207060865,0.0,0.0,4.1588826179504395,0.24162691779246576,0.0,0.24162691779246576,0.5670808516320098,0.17063156988892939,1.0302809119811354,0.07547663748836805,0.0013007237833442063,0.0003927259420002039,0.00306226097266614,0.004555540089060999,0.758834136566137,0.2997556442617716,4.823598336127604,4.823598336127604,0.40822169397558483,0.0,0.0,4.1588826179504395,0.22738368068792805,0.0,0.22738368068792805,1.707728782150987,0.2583443893594031,3.0764098744029584,0.13383219447218297,0.00753217714544753,0.0007338409329762195,0.010451944922718873,0.006609707527001452,0.7306280776580668,0.3040132885393889,4.823598336127604,4.930374523497516,val_self_probe_loss
47,1.6276840045557457,1.6276840045557457,0.26411103665763275,0.0,0.0,4.1588826179504395,0.23670991743239037,0.0,0.23670991743239037,0.5699054369034345,0.17178948904039046,1.0192284782127805,0.07666773863063162,0.0011696446925372553,0.0005019903136340597,0.003260018421427994,0.004037635860035378,0.7586338542295471,0.3024909984725236,4.744538692502965,4.744538692502965,0.4231669442809146,0.0,0.0,4.1588826179504395,0.21999273240936468,0.0,0.21999273240936468,1.676344244113273,0.2634461473048844,3.0287067030949855,0.1440094281913516,0.007577266894163049,0.0007726114588153877,0.010203458920847161,0.006650524416371532,0.7314562112648294,0.29706313595268297,4.744538692502965,4.823598336127604,val_self_probe_loss
48,1.7469796610977726,1.7469796610977726,0.22325736539424054,0.0,0.0,4.1588826179504395,0.23009533679642347,0.0,0.23009533679642347,0.6205315081899501,0.14708481043675337,1.0879308400362828,0.06083716567029152,0.0012820195733494423,0.0003116005890521974,0.0032095454897630334,0.0034835482697062907,0.757516612140329,0.2981826876311611,4.696995855361131,4.696995855361131,0.42429535965556686,0.0,0.0,4.1588826179504395,0.221478621781983,0.0,0.221478621781983,1.6579664621635206,0.26118968286036703,2.9995886238902134,0.14732239143749387,0.007569198535053169,0.0007997910394992658,0.009980517953832386,0.006642177351027357,0.7310115559871152,0.2983822222822201,4.696995855361131,4.744538692502965,val_self_probe_loss
49,1.6516125033252784,1.6516125033252784,0.2773600762094546,0.0,0.0,4.1588826179504395,0.23216304953417585,0.0,0.23216304953417585,0.5836575523256012,0.1777348223783313,1.0294285643463454,0.08404760567816925,0.0012460170612996597,0.00044921005730178313,0.00310166790349456,0.0043743827339858795,0.7580940563775574,0.30055800410709316,4.601007898783554,4.601007898783554,0.472953451994043,0.0,0.0,4.1588826179504395,0.2213246565983162,0.0,0.2213246565983162,1.620605206581249,0.29280287034300545,2.9410484792760094,0.16405987465372368,0.007418525391399299,0.0008263392202697223,0.009767120357701173,0.0070183266775671,0.7304509193260477,0.30364627756687423,4.601007898783554,4.696995855361131,val_self_probe_loss
50,1.6584942144076988,1.6584942144076988,0.25101177797588375,0.0,0.0,4.1588826179504395,0.23016977205496325,0.0,0.23016977205496325,0.585934143908052,0.16235756702336732,1.0340540370465339,0.07305682872439419,0.001227481957530382,0.00036944336502014893,0.003094291952019506,0.0038489608184059288,0.7577943716823858,0.3024024203763181,4.491102679383866,4.491102679383866,0.49195306799056365,0.0,0.0,4.1588826179504395,0.22038499964690356,0.0,0.22038499964690356,1.577771918943603,0.29912152018698845,2.8740118622117508,0.1767867922187083,0.007385361385249724,0.0008861415773980925,0.009357491093622636,0.007184365984075558,0.7307337111567859,0.30209561793700507,4.491102679383866,4.601007898783554,val_self_probe_loss
51,1.6362040545852725,1.6362040545852725,0.25855807861074004,0.0,0.0,4.1588826179504395,0.22704973291814262,0.0,0.22704973291814262,0.5701248559315661,0.16843974966510852,1.0276683793524863,0.07454660127162278,0.0011262808081306237,0.00040966253777671735,0.0029336097913474236,0.003983975505163949,0.7567177155146091,0.3014181311907805,4.436732076154732,4.436732076154732,0.5185965767465763,0.0,0.0,4.1588826179504395,0.2149050825315973,0.0,0.2149050825315973,1.5567932263384023,0.3155569681978744,2.84060688134896,0.18696762447864373,0.0074137759172416915,0.0009426389455516723,0.009231292361195447,0.007461929926648736,0.731109501041981,0.3018028302962736,4.436732076154732,4.491102679383866,val_self_probe_loss
52,1.5972921364949904,1.5972921364949904,0.2672011047339989,0.0,0.0,4.1588826179504395,0.2250651361913503,0.0,0.2250651361913503,0.551184563455913,0.17508208230710318,1.0076870967937648,0.07646143345037551,0.0011577173277860177,0.00040774980348167616,0.0028433512095576634,0.004032586355674214,0.7569360712095359,0.3030479520264886,4.342490867728958,4.342490867728958,0.5520330682304335,0.0,0.0,4.1588826179504395,0.21359324316430536,0.0,0.21359324316430536,1.5197219243302063,0.3337414020336933,2.7834936271389794,0.20215642477113824,0.007364868153875798,0.0010164295981271805,0.008839170696135748,0.007826660451716426,0.7310074153153793,0.3019694345338004,4.342490867728958,4.436732076154732,val_self_probe_loss
53,1.5131150480241204,1.5131150480241204,0.29047498135581107,0.0,0.0,4.1588826179504395,0.22009867627652102,0.0,0.22009867627652102,0.5275804266296777,0.18302396707784724,0.9470619213625249,0.09182899765891119,0.0011178287976172485,0.000506436479280848,0.002777026942892779,0.004219985701466791,0.7583106762753098,0.30146805783396363,4.259263038230331,4.259263038230331,0.6038170974262013,0.0,0.0,4.1588826179504395,0.21324879134663885,0.0,0.21324879134663885,1.4893913563942502,0.36384488258117476,2.73059294977289,0.22374361602485365,0.007422359594648635,0.001097161477175053,0.008729541172079672,0.008333157361861064,0.7310072303928944,0.3024206189265162,4.259263038230331,4.342490867728958,val_self_probe_loss
54,1.5662359640771026,1.5662359640771026,0.2777002428941486,0.0,0.0,4.1588826179504395,0.22380062085540575,0.0,0.22380062085540575,0.5449268114717287,0.17745013917774846,0.9829802257484224,0.08455311512916004,0.0011193623375142469,0.0004280119413291063,0.0029847859104678164,0.004242300450787537,0.755011836338776,0.3033150776353809,4.204677917711113,4.204677917711113,0.5935062093209036,0.0,0.0,4.1588826179504395,0.21374916910014538,0.0,0.21374916910014538,1.4668866013847754,0.35636078536232807,2.6985753251048763,0.22074240175660076,0.007343867183854567,0.0010833615256697214,0.008616792332375226,0.008032009317192555,0.7303717954558615,0.3065789030945819,4.204677917711113,4.259263038230331,val_self_probe_loss
55,1.3400502676955954,1.3400502676955954,0.3973936002648361,0.0,0.0,4.1588826179504395,0.22678167483351233,0.0,0.22678167483351233,0.46695334249115766,0.24095576466700117,0.8346049208429148,0.14044885589556133,0.0010618865117136772,0.000744556751052755,0.003086445112196416,0.00514301191798169,0.7583580485225117,0.3057707084259008,4.063952397763359,4.063952397763359,0.6607839810366957,0.0,0.0,4.1588826179504395,0.21400043692277826,0.0,0.21400043692277826,1.4151460367243343,0.38968982878401415,2.609556735711612,0.25491618892606,0.007366681430884348,0.001117515550820668,0.008572581677512492,0.007926779382671258,0.7310179360905049,0.3021179893002007,4.063952397763359,4.204677917711113,val_self_probe_loss
56,1.3055683526524335,1.3055683526524335,0.4203613362020509,0.0,0.0,4.1588826179504395,0.22287109275026457,0.0,0.22287109275026457,0.44752024636531307,0.25603613242686907,0.8195671867149852,0.1484535274941282,0.0011243335614368089,0.0009302364749073983,0.0029526785792119425,0.005121354737475465,0.7580909804900051,0.30253938969089744,3.9605561146130843,3.9605561146130843,0.717192112797906,0.0,0.0,4.1588826179504395,0.21206618938016594,0.0,0.21206618938016594,1.3766908326377132,0.42171939434657185,2.544644172826886,0.27919779275977835,0.00735340422768289,0.001075846820838152,0.008519335202323215,0.008042783996304323,0.7306149196550713,0.30403445115000566,3.9605561146130843,4.063952397763359,val_self_probe_loss
57,1.4118834042392108,1.4118834042392108,0.34152393319473306,0.0,0.0,4.1588826179504395,0.2185716058007972,0.0,0.2185716058007972,0.4880439366728198,0.2122843969862757,0.8853300864901291,0.11353714134580938,0.0011530358893934813,0.0006068581546465488,0.003052460478961725,0.004269720314829135,0.7583176727221643,0.30247431515862205,3.858545468356576,3.858545468356576,0.7485595604647761,0.0,0.0,4.1588826179504395,0.20694192855254465,0.0,0.20694192855254465,1.3382212610406257,0.4368154446345679,2.4810997500194247,0.2954717073965563,0.007456036961591522,0.0011533763967778463,0.008213794890715978,0.008291648161418226,0.7307799149374044,0.3030982143390253,3.858545468356576,3.9605561146130843,val_self_probe_loss
58,1.3954533606800368,1.3954533606800368,0.3464792118899516,0.0,0.0,4.1588826179504395,0.21729569300665683,0.0,0.21729569300665683,0.47958550838555253,0.21512982063608818,0.8773066678634435,0.1154336155802175,0.001145065109263114,0.0005643616292122371,0.003028587314402981,0.004236478505975083,0.7594397490686695,0.3070208647183084,3.790763221611703,3.790763221611703,0.7799885450683025,0.0,0.0,4.1588826179504395,0.20806045117585556,0.0,0.20806045117585556,1.3128702271865647,0.45122992073804696,2.438643028551817,0.31263086157532766,0.007519706254423689,0.0012212209030226602,0.008061331710004485,0.008469154145742147,0.7312898165690973,0.2995099403102946,3.790763221611703,3.858545468356576,val_self_probe_loss
59,1.2669632253691996,1.2669632253691996,0.4191008376368576,0.0,0.0,4.1588826179504395,0.2153978588552297,0.0,0.2153978588552297,0.4370837333038629,0.24945822114413185,0.7910959484785566,0.15372397062398338,0.0010411875225597447,0.0006685461501948587,0.002789563668710839,0.0046669822160673915,0.7648852918988133,0.30569593979681625,3.696745996033738,3.696745996033738,0.8299772794017141,0.0,0.0,4.1588826179504395,0.2077935726746269,0.0,0.2077935726746269,1.278759752377081,0.4780306594897501,2.3787933589994723,0.3356528643617025,0.007424013929221756,0.0012114243997999009,0.007951907976964339,0.008618502934052615,0.7308356941486738,0.3025814553965693,3.696745996033738,3.790763221611703,val_self_probe_loss
60,1.3081844830650398,1.3081844830650398,0.4211330695321086,0.0,0.0,4.1588826179504395,0.21058660531344975,0.0,0.21058660531344975,0.4580673815950375,0.2514126561541196,0.8117554601809392,0.15403349592394383,0.0010640363353158885,0.0006319357926498421,0.002900723128964967,0.004733189237360259,0.7561114932258095,0.30111254262610143,3.610010045702043,3.610010045702043,0.8676564748983205,0.0,0.0,4.1588826179504395,0.20629140697651027,0.0,0.20629140697651027,1.2473879379078583,0.4962305120707299,2.3234871783545414,0.3550984419836021,0.007287039107638368,0.001191671128468465,0.007885269605574886,0.008577866926615746,0.7304889293190855,0.3034384280258084,3.610010045702043,3.696745996033738,val_self_probe_loss
61,1.2611950561567797,1.2611950561567797,0.42792546965026435,0.0,0.0,4.1588826179504395,0.21249764387288286,0.0,0.21249764387288286,0.4366419758079277,0.2568157815776201,0.7859413978223547,0.1552404034760107,0.0010572376841312208,0.0006413889521446424,0.0030091646634467545,0.004582144022263938,0.7609300788749586,0.3050147008751933,3.508126916213435,3.508126916213435,0.9378569083554404,0.0,0.0,4.1588826179504395,0.20696372358325105,0.0,0.20696372358325105,1.2105936681423684,0.533977465114053,2.2584067291973495,0.38748399082640683,0.007317326058062757,0.0012769494237630321,0.00777297100321222,0.008916715290166022,0.7303909655683529,0.3036924037874115,3.508126916213435,3.610010045702043,val_self_probe_loss
62,1.3118391239322502,1.3118391239322502,0.4331359399316994,0.0,0.0,4.1588826179504395,0.21065759244983204,0.0,0.21065759244983204,0.4521272503857784,0.2601821145735902,0.8212213231128989,0.15716888652511277,0.00104037053797713,0.000576021116461627,0.003043760464789446,0.004384605368240466,0.7585217002717907,0.3040498088141566,3.4181979645205582,3.4181979645205582,0.9812750323033481,0.0,0.0,4.1588826179504395,0.20387035386162514,0.0,0.20387035386162514,1.1781507932265747,0.5533722514599007,2.2008810212187795,0.4116379034456722,0.0074319549060628395,0.0013379689261574126,0.007638099579131867,0.008905513232330914,0.7308845916149779,0.3007979840965745,3.4181979645205582,3.508126916213435,val_self_probe_loss
63,1.1050211700123176,1.1050211700123176,0.5427483136547907,0.0,0.0,4.1588826179504395,0.20767905125568256,0.0,0.20767905125568256,0.3787470017319584,0.3150083072459004,0.6878511123256973,0.2119381543684395,0.0009872921120871725,0.0006687463578286248,0.0029571687577253473,0.005161372940623407,0.7576094835702203,0.30237038219276036,3.336520884012491,3.336520884012491,1.0170868047461006,0.0,0.0,4.1588826179504395,0.2032791314102848,0.0,0.2032791314102848,1.1487869078218242,0.5702146769773145,2.148576140490517,0.430519436812896,0.0073727570299344045,0.001299809514099218,0.007819470343532862,0.008609821134888979,0.7306530875448854,0.3033344632720355,3.336520884012491,3.4181979645205582,val_self_probe_loss
64,1.120846227972751,1.120846227972751,0.5218775310481026,0.0,0.0,4.1588826179504395,0.2104338062548873,0.0,0.2104338062548873,0.3760726384237883,0.31086511381632936,0.70625727723325,0.1950217863456903,0.0010604339373951244,0.0007311468450050968,0.0029821763665294713,0.00515553417245517,0.7590581737417813,0.3058456667626336,3.2538305607780535,3.2538305607780535,1.0682316050396203,0.0,0.0,4.1588826179504395,0.20390311531398608,0.0,0.20390311531398608,1.1192226737393471,0.5961474991918351,2.0954540920247156,0.4556430125296671,0.007413840006135971,0.0013284844751877425,0.007906671831100855,0.008436473696029843,0.730193424113789,0.30530701179682096,3.2538305607780535,3.336520884012491,val_self_probe_loss
65,1.0679037332755608,1.0679037332755608,0.5559478759373059,0.0,0.0,4.1588826179504395,0.20800842122306676,0.0,0.20800842122306676,0.37023595335119447,0.3109156322368021,0.6591257839755009,0.22918454951552508,0.0010482178549145519,0.0008803864728281009,0.002985303600650469,0.004924889480639924,0.7596297054076169,0.30270203506383886,3.1112983628690984,3.1112983628690984,1.1627434269982095,0.0,0.0,4.1588826179504395,0.2021462815518705,0.0,0.2021462815518705,1.0694712602463985,0.6379953570525099,2.0026582319199786,0.508516644486313,0.007399398418557714,0.0013444562340827705,0.007667858571519855,0.008613655801359216,0.7310450475038208,0.3006775801226219,3.1112983628690984,3.2538305607780535,val_self_probe_loss
66,1.0744484821671842,1.0744484821671842,0.5381793164035753,0.0,0.0,4.1588826179504395,0.20406709653943875,0.0,0.20406709653943875,0.365119782002473,0.30855836671021586,0.6708489587381237,0.21388815394188682,0.001010745450696866,0.0006148927769242312,0.0028182993678511022,0.004279706842070762,0.7589051757502634,0.3030218416589806,3.024036544589152,3.024036544589152,1.2303290161657037,0.0,0.0,4.1588826179504395,0.19958885671189114,0.0,0.19958885671189114,1.0384803404366332,0.6755323088409738,1.94646291434331,0.538317413062077,0.007293309781529365,0.0014107541039311117,0.007345296032162765,0.009177798408181956,0.7307057443612851,0.3041782166276659,3.024036544589152,3.1112983628690984,val_self_probe_loss
67,1.028929277125881,1.028929277125881,0.6598969977819304,0.0,0.0,4.1588826179504395,0.20246467931537546,0.0,0.20246467931537546,0.35918584068098264,0.3723027151646389,0.6312801892839528,0.27176469869085645,0.0011481103403866906,0.000899309862548057,0.0029757344452756265,0.005157486828244429,0.7575741091622479,0.30178030337381834,2.918053284819637,2.918053284819637,1.3032345215541234,0.0,0.0,4.1588826179504395,0.20146717038584053,0.0,0.20146717038584053,1.001501107435118,0.7055359952475714,1.8774443511353656,0.5812824504935871,0.007298487754275094,0.0013252753070779782,0.007371505712641993,0.00892456805171526,0.7309235252949021,0.30384368555886404,2.918053284819637,3.024036544589152,val_self_probe_loss
68,1.055819071175042,1.055819071175042,0.5454483654689448,0.0,0.0,4.1588826179504395,0.20145587534791945,0.0,0.20145587534791945,0.3595041820961414,0.3151241723247666,0.6578602665027299,0.2145447345239925,0.0013206122545246853,0.00060576387581368,0.002867572858398545,0.004538243771433569,0.7567545194526404,0.3034841021447229,2.8482467460197323,2.8482467460197323,1.3509038710816306,0.0,0.0,4.1588826179504395,0.19901766345737884,0.0,0.19901766345737884,0.9769461993287138,0.7286139121336966,1.8321658849849232,0.6059835503739739,0.007376601811657842,0.001421209464339503,0.00728158843240799,0.009090243142404773,0.7312476842299752,0.30084239251865363,2.8482467460197323,2.918053284819637,val_self_probe_loss
69,0.8723108631064942,0.8723108631064942,0.7430338115972169,0.0,0.0,4.1588826179504395,0.2010453995869267,0.0,0.2010453995869267,0.29180237616112803,0.4153585293290382,0.5418826212521752,0.311651623417837,0.0010936544834890195,0.0007213188044512771,0.0027824788961077003,0.00538726704952672,0.7614821195602417,0.30609209510026464,2.7421343836192946,2.7421343836192946,1.4549957521213508,0.0,0.0,4.1588826179504395,0.20078287361571506,0.0,0.20078287361571506,0.941351981709208,0.7786310093928568,1.7617017812245983,0.6598371237484588,0.007281879012101266,0.0014284958339055227,0.007287960015063793,0.00912378835983528,0.7306280972794716,0.30516128843615514,2.7421343836192946,2.8482467460197323,val_self_probe_loss
70,0.9183796650917155,0.9183796650917155,0.6636394508485606,0.0,0.0,4.1588826179504395,0.20140867149528896,0.0,0.20140867149528896,0.3168425421556611,0.3621045081139134,0.5629522422580079,0.2855543036475925,0.0010618358000941191,0.0007819768098349996,0.003015868740057129,0.004992491586346477,0.7603577291664517,0.30571808589931115,2.6394438924302595,2.6394438924302595,1.4923343109140486,0.0,0.0,4.1588826179504395,0.20040531891473332,0.0,0.20040531891473332,0.904331903721015,0.7893569226960958,1.696042780388401,0.6865344424934491,0.00732274458802201,0.001429670257273541,0.007135079506212001,0.009016264231459046,0.7305015910486257,0.30367631423547403,2.6394438924302595,2.7421343836192946,val_self_probe_loss
71,1.0843356920306035,1.0843356920306035,0.5213009680730712,0.0,0.0,4.1588826179504395,0.19810974707522325,0.0,0.19810974707522325,0.36964403387490335,0.2902241422499312,0.6758654861272395,0.21496961952997812,0.0011416885448628925,0.0007712010468278872,0.0030179797192783995,0.003973785392698779,0.7647791621975527,0.31034031968347064,2.578460092407576,2.578460092407576,1.5581353907444462,0.0,0.0,4.1588826179504395,0.1971787531738696,0.0,0.1971787531738696,0.8840051636863384,0.8221839212852976,1.655317110534445,0.7195295254578409,0.0075723419212866344,0.0014919497210691324,0.006955264809379435,0.00962272810790202,0.730982902627554,0.30173361838234136,2.578460092407576,2.6394438924302595,val_self_probe_loss
72,0.8331214455983772,0.8331214455983772,0.8050791116760538,0.0,0.0,4.1588826179504395,0.19752990690792954,0.0,0.19752990690792954,0.29308725693738485,0.4336342876030768,0.501379382831344,0.3554481203073859,0.001201721874013815,0.001008674174359634,0.002943388315333763,0.0051096634240054275,0.761200773598203,0.3046712650949162,2.450744275906071,2.450744275906071,1.6794079828151265,0.0,0.0,4.1588826179504395,0.19907488863660683,0.0,0.19907488863660683,0.8409189838895818,0.8758525352300324,1.5707145275718746,0.7870719806661378,0.007569331833127429,0.0014523818752886033,0.0069056001993659764,0.009690752712813038,0.7305567793964599,0.3030257150993584,2.450744275906071,2.578460092407576,val_self_probe_loss
73,0.8569328910809186,0.8569328910809186,0.7940515160200755,0.0,0.0,4.1588826179504395,0.19707772240418897,0.0,0.19707772240418897,0.2938390557309684,0.4210214968954758,0.5244572511296536,0.3571247813750864,0.0010326761082371924,0.0007449026536757781,0.00289337803774133,0.005198952963761781,0.7617817322195034,0.30398249364448826,2.351624155891423,2.351624155891423,1.7851147377250358,0.0,0.0,4.1588826179504395,0.19823869627825222,0.0,0.19823869627825222,0.8073011722404116,0.9209019491298599,1.5052014712811164,0.8478140981162187,0.007488096825175077,0.0014496199267381123,0.006981027274253714,0.00955817083862859,0.7310264773250367,0.3016088656757189,2.351624155891423,2.450744275906071,val_self_probe_loss
74,0.6831156851153343,0.6831156851153343,0.9654459479775047,0.0,0.0,4.1588826179504395,0.197731870671266,0.0,0.197731870671266,0.24114761775120291,0.5049492474216006,0.40335618465950734,0.44432665583494596,0.0011903708250703736,0.0008547308356231847,0.0030953144966691126,0.005957550713720882,0.760095934051321,0.3072121803506669,2.2798043735186506,2.2798043735186506,1.8079897095420345,0.0,0.0,4.1588826179504395,0.19860302300556845,0.0,0.19860302300556845,0.7831681992479756,0.9250807470138769,1.4575710352799445,0.86637186656868,0.007309285851259809,0.0013799309507031348,0.0074591248470462675,0.008757496050194553,0.7298385373183659,0.30632474518710784,2.2798043735186506,2.351624155891423,val_self_probe_loss
75,0.8356029661832343,0.8356029661832343,0.778443600389489,0.0,0.0,4.1588826179504395,0.1974750264710312,0.0,0.1974750264710312,0.28905389853778707,0.4165540771838993,0.5079421955544162,0.34581307144314216,0.0011271009675066603,0.000878743618975854,0.0030300966646720612,0.004705479295472445,0.7604410698071008,0.3077235190457492,2.193871415619339,2.193871415619339,1.9282745268219006,0.0,0.0,4.1588826179504395,0.19799574793125532,0.0,0.19799574793125532,0.7546193790419594,0.9807876287409978,1.400180545120691,0.9309142425132811,0.007428234946239387,0.001435210335155219,0.007214901814098406,0.00908587416648425,0.729859102956997,0.3061077865014165,2.193871415619339,2.2798043735186506,val_self_probe_loss
76,0.7662842540902574,0.7662842540902574,0.9069410106647682,0.0,0.0,4.1588826179504395,0.19535586300063734,0.0,0.19535586300063734,0.2692744570439753,0.4568055982892652,0.45847127126666803,0.43423347579341887,0.0010738426932185106,0.0010080962235539113,0.002979922731832267,0.00486156739075755,0.759441768560399,0.303275761698525,2.1051682199334136,2.1051682199334136,2.024345566767343,0.0,0.0,4.1588826179504395,0.1989835448887037,0.0,0.1989835448887037,0.7248724018605368,1.0173929550262713,1.3412081271363712,0.990451450922428,0.007428662418420369,0.0014451330456361107,0.007148837896283739,0.009147709239887431,0.7303124434829499,0.30449982533543746,2.1051682199334136,2.193871415619339,val_self_probe_loss
77,0.6416828541819141,0.6416828541819141,1.082181241768121,0.0,0.0,4.1588826179504395,0.1965982402489816,0.0,0.1965982402489816,0.22766166265734955,0.547066694291147,0.3755089251874536,0.5190633362901329,0.0012824790475010344,0.0009856344886839047,0.003035511053243957,0.005360469850021467,0.7577614983795241,0.3053760175254813,2.0234458580589996,2.0234458580589996,2.089371228810423,0.0,0.0,4.1588826179504395,0.19745918247640504,0.0,0.19745918247640504,0.6967212346394008,1.0391777103639537,1.2876143261272552,1.0338793538441384,0.007348858881691147,0.0013871621609068373,0.007369442635739326,0.008804291893109124,0.7307197055461244,0.3017358269010271,2.0234458580589996,2.1051682199334136,val_self_probe_loss
78,0.6705778033342764,0.6705778033342764,0.9283944128569865,0.0,0.0,4.1588826179504395,0.19249867306844332,0.0,0.19249867306844332,0.23598869814937187,0.4798960893462963,0.39595135458582514,0.43255101392530193,0.0012171544742187266,0.0009104058908623322,0.002985837053161004,0.004776049429232829,0.7606981753256136,0.3048420808841316,1.9563289087103761,1.9563289087103761,2.155807882732486,0.0,0.0,4.1588826179504395,0.196971811492991,0.0,0.196971811492991,0.6741412997691204,1.0640455374482625,1.2430249102231439,1.0754646789340407,0.007539011036213603,0.001430760726129028,0.007278758196611397,0.008869362898136241,0.7310030652869562,0.30106224628709116,1.9563289087103761,2.0234458580589996,val_self_probe_loss
79,0.6978095045106733,0.6978095045106733,0.9540143001550638,0.0,0.0,4.1588826179504395,0.19262533727317688,0.0,0.19262533727317688,0.24625523656230464,0.4788871542289935,0.41316163098862807,0.4593287192481344,0.0009634136878496852,0.0006339498230823649,0.003052143442151101,0.00489920096111031,0.756931418514147,0.3030006612040732,1.8467606131843528,1.8467606131843528,2.301317350464578,0.0,0.0,4.1588826179504395,0.19596088978444567,0.0,0.19596088978444567,0.6381618492753586,1.1266741055694427,1.1694455195177833,1.1582665699910117,0.007525763269502999,0.0015150622136292813,0.007155043600844393,0.009053467041147607,0.7311220928008512,0.3018500249578346,1.8467606131843528,1.9563289087103761,val_self_probe_loss
80,0.6947283447524849,0.6947283447524849,0.8929319500465163,0.0,0.0,4.1588826179504395,0.18838589266351496,0.0,0.18838589266351496,0.2362516573032223,0.45175002759034233,0.41978115091993834,0.4251848155025364,0.0010079395392210387,0.0007817052148139916,0.0028208508358145814,0.004768381782364751,0.7632290061428308,0.30649679055198226,1.7767667933049038,1.7767667933049038,2.3615550428443814,0.0,0.0,4.1588826179504395,0.19552607565933133,0.0,0.19552607565933133,0.6139256946846657,1.1485483115365416,1.1237083851122616,1.1966881430331873,0.007499020626574686,0.0015102963709735303,0.007098914883301958,0.009195812597512181,0.730962836594315,0.3004299657685416,1.7767667933049038,1.8467606131843528,val_self_probe_loss
81,0.5439079171118176,0.5439079171118176,1.267720740938684,0.0,0.0,4.1588826179504395,0.19070821666822213,0.0,0.19070821666822213,0.18863521680505752,0.614342682194435,0.31658565471077627,0.6373778513472212,0.0013053390950066243,0.0008958724927903512,0.003029585553999708,0.005754980395632897,0.761154048790916,0.3040166430821403,1.6970466814634408,1.6970466814634408,2.4936943106029346,0.0,0.0,4.1588826179504395,0.19519086265415878,0.0,0.19519086265415878,0.5883030606902303,1.2056865670851298,1.0696853190191924,1.2714435008458609,0.0071522046812601756,0.0014198871336386378,0.007491682238894173,0.008970209620806233,0.7304235828218993,0.30624641987107554,1.6970466814634408,1.7767667933049038,val_self_probe_loss
82,0.7350700381656641,0.7350700381656641,0.8335383160103166,0.0,0.0,4.1588826179504395,0.18596999867360234,0.0,0.18596999867360234,0.2545674402996669,0.4199860902374322,0.44193996246863243,0.3976721008534162,0.0012070975281028783,0.0004604239340898855,0.002762616223795697,0.00416820902483687,0.7596921746738656,0.30696303689388227,1.6432986571366743,1.6432986571366743,2.5257370012887517,0.0,0.0,4.1588826179504395,0.19394490594819466,0.0,0.19394490594819466,0.5695829741766688,1.2145360840588624,1.0345973268191775,1.294673664790364,0.007471765968091757,0.0016972882713839992,0.007192850199684223,0.009166013757461068,0.7306215751985585,0.3037284842189054,1.6432986571366743,1.6970466814634408,val_self_probe_loss
83,0.5754335930716128,0.5754335930716128,1.0977991463618535,0.0,0.0,4.1588826179504395,0.18788969974748126,0.0,0.18788969974748126,0.19691066434923826,0.5396207465691049,0.3399681099215124,0.5421815457478836,0.0011895797663620284,0.0008107269827438312,0.0028511959431707272,0.0046692676377062545,0.7594457388447616,0.3065444033441638,1.5264163440937952,1.5264163440937952,2.7216695859010174,0.0,0.0,4.1588826179504395,0.19544665237761433,0.0,0.19544665237761433,0.5324241790532926,1.2955540304783708,0.9548965571361437,1.4094517457643119,0.007493198163693869,0.0017412886762946265,0.006995134381360449,0.00946360463290967,0.7304552515841419,0.3056447522610611,1.5264163440937952,1.6432986571366743,val_self_probe_loss
84,0.5980341487270744,0.5980341487270744,1.093256031020936,0.0,0.0,4.1588826179504395,0.18643616045018582,0.0,0.18643616045018582,0.21357852633854396,0.5307038053297709,0.3460011760280984,0.5467487260603175,0.0009956964683687287,0.0007549348250780791,0.00285100322674232,0.0043888914928660126,0.7584086790697242,0.30351829057729074,1.4463978925754566,1.4463978925754566,2.8717578076150105,0.0,0.0,4.1588826179504395,0.19607294031551906,0.0,0.19607294031551906,0.5061827957028557,1.356570084966858,0.9011903680074289,1.4985548244870228,0.007212810518953267,0.0017080314447632406,0.006629891200453876,0.009981640195184799,0.7311715207855154,0.3041557441957249,1.4463978925754566,1.5264163440937952,val_self_probe_loss
85,0.6497189818373365,0.6497189818373365,1.0257032174375786,0.0,0.0,4.1588826179504395,0.18754019173583922,0.0,0.18754019173583922,0.2241851330298264,0.5017232821127716,0.38675379627777834,0.5078573677480286,0.0011011621767272161,0.0006388699027214674,0.0027548133829581978,0.004752953685682091,0.7645854310068158,0.309751760423118,1.3801126499076066,1.3801126499076066,2.9680439516994523,0.0,0.0,4.1588826179504395,0.1955827997523065,0.0,0.1955827997523065,0.4847002610801401,1.3936798149106666,0.8563805781767605,1.5577025822687731,0.007242170285919077,0.0018583194906280577,0.006613168033181186,0.010150970385687554,0.731197780703906,0.303633377418755,1.3801126499076066,1.4463978925754566,val_self_probe_loss
86,0.46562089941962226,0.46562089941962226,1.4350599433928237,0.0,0.0,4.1588826179504395,0.18776655262571265,0.0,0.18776655262571265,0.17543507311758957,0.683372370710619,0.251663674078023,0.7357445169039863,0.000933852618198298,0.0008506122779188157,0.0027856807892530765,0.00526946291846809,0.7602018056402615,0.30407039289547766,1.3333169713801478,1.3333169713801478,3.049891752115688,0.0,0.0,4.1588826179504395,0.19458908083275978,0.0,0.19458908083275978,0.46848088617708467,1.4215748677990452,0.8257554723759708,1.6117237388381955,0.007214694102771974,0.0018117981422924826,0.006782374478896837,0.009645257990442864,0.731975174283389,0.3035130782156998,1.3333169713801478,1.3801126499076066,val_self_probe_loss
87,0.6366090140378043,0.6366090140378043,0.9816178541740915,0.0,0.0,4.1588826179504395,0.18204369802440953,0.0,0.18204369802440953,0.21136756021116423,0.49056414446898794,0.38640721388872706,0.4749772839123459,0.0012021005384889292,0.0007480829840495443,0.003223993859440906,0.00424062643296256,0.764226899058052,0.3093066695754536,1.2582863557459034,1.2582863557459034,3.1520821407714985,0.0,0.0,4.1588826179504395,0.19304239842462242,0.0,0.19304239842462242,0.4436437020668332,1.459480781732879,0.7754984676392506,1.6760550340383042,0.007513530530017057,0.0020228387720748493,0.006505871314543837,0.0101577239877527,0.7323034705582613,0.30050174290349024,1.2582863557459034,1.3333169713801478,val_self_probe_loss
88,0.5764214239532024,0.5764214239532024,1.1497121910052426,0.0,0.0,4.1588826179504395,0.18100500865772973,0.0,0.18100500865772973,0.20543395475976162,0.5486725797114074,0.33239611587870527,0.5850240884861949,0.0009951220803143218,0.0007883390514380692,0.0030703491891164877,0.004429365362707243,0.760710815566824,0.30751094408537766,1.1980130197885244,1.1980130197885244,3.258288045847638,0.0,0.0,4.1588826179504395,0.19408130312558286,0.0,0.19408130312558286,0.4241645052864199,1.5014128912679898,0.7347025207883059,1.7402088568250862,0.00758107467095356,0.0020688623431591884,0.006379379130905691,0.010446842205971016,0.7322569818970579,0.30208770014484476,1.1980130197885244,1.2582863557459034,val_self_probe_loss
89,0.5463424601298721,0.5463424601298721,1.1941969365404936,0.0,0.0,4.1588826179504395,0.1802424114733182,0.0,0.1802424114733182,0.19042496308970594,0.5635468956373395,0.3172787138261923,0.6147605420757826,0.0010324968726327694,0.0011232520090245317,0.0028837236937934905,0.004560213738696652,0.761846223856301,0.3030532118256084,1.119760360938977,1.119760360938977,3.437154624078955,0.0,0.0,4.1588826179504395,0.19207448600241855,0.0,0.19207448600241855,0.3991145027876594,1.5704096797275247,0.6814397084599025,1.8502366098905016,0.0076142197260806645,0.0020126743488476425,0.006246777299808928,0.010739008582237622,0.7335589957533416,0.2986303097713068,1.119760360938977,1.1980130197885244,val_self_probe_loss
90,0.42351350487587086,0.42351350487587086,1.3152919811586126,0.0,0.0,4.1588826179504395,0.18486140681477722,0.0,0.18486140681477722,0.1573022177093279,0.6130918222842442,0.22757976756734788,0.6861554844658638,0.001090809036056873,0.001030331778728327,0.003026555231672688,0.005315501805401022,0.7611235856486466,0.30511028758780756,1.0524944501888494,1.0524944501888494,3.595597180798187,0.0,0.0,4.1588826179504395,0.19616824018288842,0.0,0.19616824018288842,0.37807816135992084,1.6293037841964213,0.635254193059753,1.9496613754688397,0.00750528030952161,0.0018413492378510133,0.006330427719476801,0.010687235825238114,0.7330546988093335,0.30206473514160015,1.0524944501888494,1.119760360938977,val_self_probe_loss
91,0.4605134118605982,0.4605134118605982,1.4169086290913933,0.0,0.0,4.1588826179504395,0.18375546160500608,0.0,0.18375546160500608,0.16714965490139735,0.6853837628494109,0.2547801369351348,0.7154815555064562,0.0009867995643554283,0.0008668182177148576,0.0031958778143955473,0.005291825172012932,0.7603463881887275,0.30594895484026124,1.0153217162497294,1.0153217162497294,3.672987797615691,0.0,0.0,4.1588826179504395,0.19666345787714729,0.0,0.19666345787714729,0.365043172609894,1.6562993488974453,0.6110970824870124,1.9999801636592525,0.00744330799718668,0.0018600507048504595,0.006613295549535487,0.010208082969607034,0.73318683619825,0.3044483713481737,1.0153217162497294,1.0524944501888494,val_self_probe_loss
92,0.49568180319506566,0.49568180319506566,1.4214662026070082,0.0,0.0,4.1588826179504395,0.18039085551622017,0.0,0.18039085551622017,0.17416996626402165,0.6579426890801389,0.2829080801446944,0.7476481023325322,0.0010475242298963975,0.000699488719757546,0.002913927967298743,0.004483481009084932,0.7610092902419072,0.3050443591257612,0.9671449157299462,0.9671449157299462,3.7129058816603253,0.0,0.0,4.1588826179504395,0.1923334077463387,0.0,0.1923334077463387,0.3483974525534334,1.6686921752757908,0.5795699229596981,2.0274554424288667,0.0075474304426533766,0.0018902378219282125,0.006523157733128122,0.010456023729834358,0.7327673799873139,0.30480709283248236,0.9671449157299462,1.0153217162497294,val_self_probe_loss
93,0.47863321104848555,0.47863321104848555,1.4733976159903142,0.0,0.0,4.1588826179504395,0.1806083971268521,0.0,0.1806083971268521,0.17487316695783128,0.6773924035409672,0.26490225216974916,0.7795719035832634,0.0012214974064863483,0.001233473722510681,0.00289816981145466,0.004732608712870223,0.765251996750104,0.31303399650770536,0.9118618511172555,0.9118618511172555,3.8203645642869963,0.0,0.0,4.1588826179504395,0.19100455763917532,0.0,0.19100455763917532,0.3299564629770029,1.7061268516949244,0.5426557673176068,2.0976651934675457,0.007768209303547744,0.0018561305826647722,0.006318315748640145,0.010771399771690554,0.7335139640739986,0.3006247511561613,0.9118618511172555,0.9671449157299462,val_self_probe_loss
94,0.3872388978657424,0.3872388978657424,1.3907344010704565,0.0,0.0,4.1588826179504395,0.17774495310697022,0.0,0.17774495310697022,0.14419315628396628,0.650185447263927,0.2045459961876453,0.7246425662856267,0.0011092168463327085,0.0008588485532020396,0.0028578755660463046,0.005560396127729921,0.758733106169821,0.3027109806022058,0.8663048843696991,0.8663048843696991,3.9430537596807715,0.0,0.0,4.1588826179504395,0.19649778704465545,0.0,0.19649778704465545,0.3153682849138559,1.7552679719762032,0.5117977692091965,2.1706639075079086,0.007600794952494376,0.0017299790408671798,0.006528619406759299,0.010270801831256622,0.7317155621807028,0.3132480168194504,0.8663048843696991,0.9118618511172555,val_self_probe_loss
95,0.45848820737177665,0.45848820737177665,1.2836419051077572,0.0,0.0,4.1588826179504395,0.1780221508867,0.0,0.1780221508867,0.16527575127265196,0.582761869864982,0.25471670271442337,0.6848377190289036,0.000989431071798133,0.0007693247025639638,0.003122932521951447,0.004449429318899724,0.7587222271771645,0.3081018482421808,0.7972330508626396,0.7972330508626396,4.188786675193295,0.0,0.0,4.1588826179504395,0.1941916729722704,0.0,0.1941916729722704,0.29451125988054166,1.8510492202472983,0.46353799297896603,2.320854024400483,0.007704422341714619,0.001896887181371216,0.006249099593502556,0.011010962965036309,0.7326555664865126,0.30615918643726325,0.7972330508626396,0.8663048843696991,val_self_probe_loss
96,0.392267989945464,0.392267989945464,1.3565969060202723,0.0,0.0,4.1588826179504395,0.1755656117959813,0.0,0.1755656117959813,0.1311154703923494,0.628933606241982,0.22219999433258952,0.7115396729759406,0.001130025533829692,0.0006516365895067623,0.003020423638141631,0.004428509885162058,0.7673597030922296,0.31035731760652085,0.759804760389354,0.759804760389354,4.22556620729821,0.0,0.0,4.1588826179504395,0.18992828573129192,0.0,0.18992828573129192,0.2821353611287586,1.8569588739864575,0.43856406169336126,2.3519251440009623,0.0075277077746888485,0.0019516174039573508,0.006039820874676756,0.0113749546317025,0.732388176533006,0.3011447417069666,0.759804760389354,0.7972330508626396,val_self_probe_loss
97,0.32579019776536267,0.32579019776536267,1.5920338552326585,0.0,0.0,4.1588826179504395,0.17549093736644372,0.0,0.17549093736644372,0.12330265069108469,0.7389998210084948,0.16391754135209352,0.8370050066094498,0.0011988195560836263,0.0008661007256808318,0.0031218057234516485,0.005375608486587511,0.7591624581853069,0.3054990051344904,0.6943807051002239,0.6943807051002239,4.485995800413701,0.0,0.0,4.1588826179504395,0.19292543911785812,0.0,0.19292543911785812,0.2607217152293494,1.950054313501586,0.39451171135564583,2.5192298774248836,0.0075250967058298176,0.0020420979549299824,0.006213827613272606,0.010986554936754593,0.7328923777763888,0.30205096813462534,0.6943807051002239,0.759804760389354,val_self_probe_loss
98,0.2720931903198443,0.2720931903198443,1.897292579862603,0.0,0.0,4.1588826179504395,0.17874011531488562,0.0,0.17874011531488562,0.1076154266847001,0.8479901714542826,0.12571598094929945,1.0331078641869038,0.0011423603936587179,0.0009878013593795924,0.003040211998502817,0.004941663308284817,0.7634433626343469,0.3090686392771033,0.6653633089446873,0.6653633089446873,4.489954261907509,0.0,0.0,4.1588826179504395,0.19152325040064982,0.0,0.19152325040064982,0.24907970663900517,1.9471181849977985,0.3772152031147101,2.526019619196445,0.007280575552901401,0.0018909434409590561,0.006318161544615623,0.010807484739766636,0.7323301238302858,0.3052632179319488,0.6653633089446873,0.6943807051002239,val_self_probe_loss
99,0.25781714644704246,0.25781714644704246,1.821720310708694,0.0,0.0,4.1588826179504395,0.1746613196660606,0.0,0.1746613196660606,0.1063708087979406,0.8102534880491564,0.11275861356366512,0.9953840103748732,0.0011712759923285464,0.0009396647624575778,0.0031230930119735506,0.005076121112575057,0.7616519293329719,0.3068049248107571,0.6349887618714053,0.6349887618714053,4.585709159742601,0.0,0.0,4.1588826179504395,0.19195163842313778,0.0,0.19195163842313778,0.23850777955806773,1.977993331849575,0.3573018638908817,2.5910651291003277,0.007519168872169294,0.0018530031826931178,0.006556415026544691,0.010277804927264126,0.732873847395737,0.30319341110146564,0.6349887618714053,0.6653633089446873,val_self_probe_loss
100,0.28578458775885807,0.28578458775885807,1.9188420993043878,0.0,0.0,4.1588826179504395,0.17771841266676047,0.0,0.17771841266676047,0.11672821174386959,0.8621920239176237,0.13010379233071429,1.0402152037470878,0.0011779108624660633,0.0008784858455787743,0.003174304078181267,0.005402107834488841,0.7668135845307854,0.3134982848926381,0.5950311100029427,0.5950311100029427,4.627563816142378,0.0,0.0,4.1588826179504395,0.1923035708088312,0.0,0.1923035708088312,0.22358443248172447,1.9842133680300682,0.3322770603620071,2.626663299867455,0.007402963450647419,0.0018930481318595908,0.0067010596043846765,0.009870539546614479,0.7329766600398544,0.30453038974578334,0.5950311100029427,0.6349887618714053,val_self_probe_loss
101,0.411026624539452,0.411026624539452,1.4524076186472183,0.0,0.0,4.1588826179504395,0.17159137586141915,0.0,0.17159137586141915,0.14754345309107875,0.6487662903923627,0.22485919579920796,0.7876726936765678,0.0011674629638209718,0.0006513565672875502,0.002907134136839327,0.004233537230315556,0.7608276059938969,0.3076494585407814,0.5582091976767001,0.5582091976767001,4.699213231757561,0.0,0.0,4.1588826179504395,0.19167552120196893,0.0,0.19167552120196893,0.21146500216773856,2.011161247765796,0.30756129974771224,2.6712576687040954,0.007537055205480017,0.0020462973780634667,0.006416317832190543,0.010410417946524085,0.7331398421933192,0.30483025312423706,0.5582091976767001,0.5950311100029427,val_self_probe_loss
102,0.34667264453404295,0.34667264453404295,1.3744548314407419,0.0,0.0,4.1588826179504395,0.169791838520183,0.0,0.169791838520183,0.12324362717217201,0.6224451964367365,0.1846514877696592,0.7359901714280788,0.0011088450164976299,0.0006168355993246626,0.0028832412245489132,0.004725381605093021,0.7642398627738659,0.30785320311555747,0.5154576140299717,0.5154576140299717,5.0435068590670635,0.0,0.0,4.1588826179504395,0.1936735011961149,0.0,0.1936735011961149,0.19988520951473054,2.1441963725486155,0.2763694855283298,2.8824962183705862,0.007590209752786181,0.002217545848133403,0.006181627074155309,0.011082236058518337,0.7337445650041473,0.30303676602262886,0.5154576140299717,0.5582091976767001,val_self_probe_loss
103,0.22295615180067382,0.22295615180067382,1.940081875644518,0.0,0.0,4.1588826179504395,0.1753267577954626,0.0,0.1753267577954626,0.09299057932482659,0.8674463404324131,0.0912099608857058,1.0564472999783594,0.0010940655653184008,0.0008707789800831677,0.003079971616385396,0.005898019124352006,0.7634818845077874,0.3076162314048583,0.48351331030868966,0.48351331030868966,5.134468260388937,0.0,0.0,4.1588826179504395,0.19322807661124639,0.0,0.19322807661124639,0.1877676415407556,2.170859252397688,0.25654185350596764,2.946694778081793,0.007530863119885094,0.0021662851124900676,0.0065969786489590634,0.010066146155391236,0.7332287032781921,0.3073157508921179,0.48351331030868966,0.5154576140299717,val_self_probe_loss
104,0.24969239195585904,0.24969239195585904,1.8215357546912327,0.0,0.0,4.1588826179504395,0.16750782983363263,0.0,0.16750782983363263,0.10234697902233685,0.8118475807910431,0.10867903162198782,0.9938036203404845,0.0010223961320408475,0.0007626590801802712,0.00309414599659729,0.004684427607923125,0.762027368129412,0.30450877010756866,0.45143155073342117,0.45143155073342117,5.252461730785992,0.0,0.0,4.1588826179504395,0.19106166684849663,0.0,0.19106166684849663,0.17623456940922586,2.2050874631227173,0.23597995776347586,3.030667863439144,0.007435016558391349,0.002162567886302641,0.006568043012973153,0.010059135934187573,0.7340294839062306,0.30320063770187566,0.45143155073342117,0.48351331030868966,val_self_probe_loss
105,0.3442947748848099,0.3442947748848099,2.0363100131505405,0.0,0.0,4.1588826179504395,0.17453423878494917,0.0,0.17453423878494917,0.1349383397017627,0.9057474146248481,0.17034643945467182,1.1140527535377134,0.0009845669026899077,0.0006953693198530963,0.00328962149368916,0.00546127794009892,0.7686979841322328,0.31580046300176207,0.43653882882609873,0.43653882882609873,4.963631872110856,0.0,0.0,4.1588826179504395,0.18792741824381098,0.0,0.18792741824381098,0.168738692194825,2.0862776126180376,0.22851448370323094,2.860639815675731,0.007461359029073957,0.002102074647635118,0.007152474214184034,0.009161699890095439,0.7341016301457186,0.30545260965453913,0.43653882882609873,0.45143155073342117,val_self_probe_loss
106,0.17713306190775202,0.17713306190775202,2.3086116155026772,0.0,0.0,4.1588826179504395,0.17380153297004008,0.0,0.17380153297004008,0.09172801744769421,1.0106539130701584,0.046730631577519596,1.2816950344980482,0.0011515143909427705,0.001318552183627409,0.0031842058173071034,0.005945875778902653,0.7613622540961767,0.30676887011815895,0.4241570063999721,0.4241570063999721,5.040823599844245,0.0,0.0,4.1588826179504395,0.18768442417523876,0.0,0.18768442417523876,0.16214253010101015,2.1045549311067746,0.22260900737677256,2.919912773034078,0.007488527922997373,0.0018257434268595734,0.0076701622239389216,0.008126549487817825,0.7353265329917765,0.3017406628368804,0.4241570063999721,0.43653882882609873,val_self_probe_loss
107,0.33420473193232497,0.33420473193232497,1.5415868851735484,0.0,0.0,4.1588826179504395,0.1690942997401161,0.0,0.1690942997401161,0.12107273082031116,0.6705394931767303,0.17425361885684088,0.8549934364303243,0.0013792895329136014,0.0009742033489781156,0.0031785485442675666,0.004070258243152571,0.7643140418338461,0.30806800474450563,0.37128639889892584,0.37128639889892584,5.4203192163605864,0.0,0.0,4.1588826179504395,0.19274492969053872,0.0,0.19274492969053872,0.14624635197846972,2.2507989314957437,0.18562565059025096,3.1526334700521708,0.007735550650841953,0.0020943527092499355,0.007081338114420427,0.00922853576875529,0.7354480564964484,0.30880621205205505,0.37128639889892584,0.4241570063999721,val_self_probe_loss
108,0.27402031465825083,0.27402031465825083,1.9462641892723667,0.0,0.0,4.1588826179504395,0.17232528876852649,0.0,0.17232528876852649,0.1058576601392842,0.8304589141311551,0.12956120370673557,1.09967181138269,0.0009943799438191685,0.00085191288062251,0.003154331258637166,0.004150530849619228,0.7607485157990691,0.31011004646182977,0.36259931622084624,0.36259931622084624,5.314120904397891,0.0,0.0,4.1588826179504395,0.18867102959511442,0.0,0.18867102959511442,0.14256638613593134,2.2060428880479024,0.18060119324277,3.0915438373145063,0.007526432659140042,0.001945797516291011,0.007017907706777687,0.009433471444438889,0.7369667491557436,0.3020843985658255,0.36259931622084624,0.37128639889892584,val_self_probe_loss
109,0.23745981523302986,0.23745981523302986,1.8731934435575643,0.0,0.0,4.1588826179504395,0.1734562828793353,0.0,0.1734562828793353,0.08964110558605155,0.783813947666555,0.10839578061662082,1.0726917873240975,0.0012206440172288526,0.0013063130476764716,0.003118893293457864,0.004661228711196476,0.7761175226170721,0.31790381009178287,0.3268238961557794,0.3268238961557794,5.5665179466979104,0.0,0.0,4.1588826179504395,0.1920251637141897,0.0,0.1920251637141897,0.13148870306401889,2.304918394603344,0.15592615583171107,3.244687653869761,0.007662084512466779,0.001916189256312831,0.006647570560518536,0.010028636507452783,0.7365755248143806,0.30860312977192567,0.3268238961557794,0.36259931622084624,val_self_probe_loss
110,0.2589230050959519,0.2589230050959519,1.839511945761912,0.0,0.0,4.1588826179504395,0.17162563541390893,0.0,0.17162563541390893,0.09476077057314887,0.7993138030776601,0.12526121976530807,1.023727270853261,0.0009659461580082962,0.0007529710570286427,0.0028058292821374784,0.00459215711366741,0.7675788182720263,0.31646919970193105,0.3009735489298838,0.3009735489298838,5.699894723916276,0.0,0.0,4.1588826179504395,0.19184829711173632,0.0,0.19184829711173632,0.12340440529670497,2.3538679729522385,0.1381012166890761,3.329084542125857,0.00781847844725534,0.0020911746713248233,0.006552793183190435,0.010319054316185553,0.7371601917728874,0.30774362709211267,0.3009735489298838,0.3268238961557794,val_self_probe_loss
111,0.19368190590688872,0.19368190590688872,2.3933158934558,0.0,0.0,4.1588826179504395,0.16998801209465994,0.0,0.16998801209465994,0.09346348271448611,1.0034671590860798,0.061600429767540335,1.3736753544527893,0.0010463390392650013,0.0011294736309522282,0.0028553605167186,0.0053824159213465474,0.7614176256334743,0.3070545545262903,0.30024347946001506,0.30024347946001506,5.718204857492299,0.0,0.0,4.1588826179504395,0.19104168540942743,0.0,0.19104168540942743,0.11975607487101177,2.3479091327475463,0.1410630055651161,3.35362600174773,0.007329053797463378,0.0017170659194217586,0.0068745780916977094,0.009499198188050794,0.7380933831937565,0.3058162324176812,0.30024347946001506,0.3009735489298838,val_self_probe_loss
112,0.23562528454707823,0.23562528454707823,1.908835125381677,0.0,0.0,4.1588826179504395,0.16725253666271625,0.0,0.16725253666271625,0.08628210304540088,0.8054878548458301,0.11075396692783099,1.087413326805431,0.0010044535369426728,0.000668655707463401,0.002992927459575661,0.003993761856323589,0.7607760144771781,0.30734760544040984,0.2774869943535106,0.2774869943535106,5.800348048069463,0.0,0.0,4.1588826179504395,0.18982817556547082,0.0,0.18982817556547082,0.11236640826874175,2.3766670084055166,0.12567295337975118,3.406940793150006,0.007530889891522578,0.0018355424565795278,0.006548363847733238,0.010136515668575994,0.7382010817527771,0.3053554770368967,0.2774869943535106,0.30024347946001506,val_self_probe_loss
113,0.2523681297816508,0.2523681297816508,1.8594045199691007,0.0,0.0,4.1588826179504395,0.16621523555756662,0.0,0.16621523555756662,0.09287191181557108,0.7662510136152596,0.12071636479356122,1.077008962370537,0.001016113359397267,0.0008304887163907028,0.002789424925415882,0.004683812308349083,0.7649376155516188,0.3093712562460015,0.2869493937154549,0.2869493937154549,5.366721605384572,0.0,0.0,4.1588826179504395,0.18375430973420231,0.0,0.18375430973420231,0.11483415810865645,2.2101370846817954,0.132731729628148,3.139964068765457,0.007421243730921628,0.001667694844281473,0.0068824796609129315,0.00971490174809598,0.7367991653288374,0.30463869582792247,0.2869493937154549,0.2869493937154549,val_self_probe_loss
114,0.3602506668806796,0.3602506668806796,1.8396502427683181,0.0,0.0,4.1588826179504395,0.17149943244182447,0.0,0.17149943244182447,0.13562050989484487,0.792387595300028,0.18574821796476776,1.0311969327919275,0.0012964293258383504,0.0006265295994458513,0.003213918988049055,0.00435232258995772,0.7647289923595676,0.3094801866131478,0.26264529180082474,0.26264529180082474,5.495580919503425,0.0,0.0,4.1588826179504395,0.18471577300788453,0.0,0.18471577300788453,0.10836195257370887,2.2576003084826914,0.11486559220074867,3.2212287105695108,0.007766471085408327,0.001961484883107214,0.006771156601593338,0.010122745012957025,0.7359798735713367,0.30498817766675296,0.26264529180082474,0.2774869943535106,val_self_probe_loss
115,0.1873279838985329,0.1873279838985329,1.9396314100494239,0.0,0.0,4.1588826179504395,0.1645000471143639,0.0,0.1645000471143639,0.07037063311932672,0.8380010793012138,0.07830333071183229,1.085734620939789,0.0013197008023906446,0.000946555440175783,0.0028461250978747935,0.004655759508387236,0.7607895732580241,0.3038690354507396,0.22351644919340655,0.22351644919340655,5.8922163078688685,0.0,0.0,4.1588826179504395,0.1861767334782559,0.0,0.1861767334782559,0.09503455902449787,2.401030850058757,0.08910899417133573,3.474577141598862,0.007460806927421732,0.001990312745179858,0.006422965972458724,0.010387731694344501,0.7373079496511021,0.3014444383034795,0.22351644919340655,0.26264529180082474,val_self_probe_loss
116,0.24933772566028012,0.24933772566028012,1.8230019302713623,0.0,0.0,4.1588826179504395,0.16699393617007657,0.0,0.16699393617007657,0.09097636712083243,0.7518554072332304,0.11961283693938597,1.055084516481383,0.0010040480642456563,0.0009518506049441497,0.002933487332268576,0.004259055279477466,0.7640834226304691,0.30796183248251907,0.2092508673899292,0.2092508673899292,5.995005062463121,0.0,0.0,4.1588826179504395,0.18737190878539353,0.0,0.18737190878539353,0.09156049822705874,2.4414694893249074,0.07833486135545771,3.5366216728938107,0.007581450853417974,0.002041758335536593,0.006242798129385858,0.011152975632872734,0.7367171589632212,0.30576224393726137,0.2092508673899292,0.22351644919340655,val_self_probe_loss
117,0.23942024807080742,0.23942024807080742,1.9476624120570696,0.0,0.0,4.1588826179504395,0.1658190769500188,0.0,0.1658190769500188,0.09340279979956399,0.8354531523784874,0.1072785381726618,1.0960809492049115,0.0009760384130126538,0.0008482527822872923,0.002864253010016045,0.004785900305788944,0.7641696357439168,0.3087528826245623,0.19657071529430634,0.19657071529430634,6.086429400566201,0.0,0.0,4.1588826179504395,0.1870415750312509,0.0,0.1870415750312509,0.08803305553810335,2.4719442735825266,0.06911606010865212,3.597492613722657,0.007820108523740583,0.002094899384811577,0.006316444645303169,0.01087107483633094,0.7366987365002958,0.30762995214936156,0.19657071529430634,0.2092508673899292,val_self_probe_loss
118,0.15771090905831228,0.15771090905831228,2.385079217581927,0.0,0.0,4.1588826179504395,0.1645088097168507,0.0,0.1645088097168507,0.06946081889774876,0.9791927750577126,0.0495916797097621,1.389796473566365,0.0009468540849389548,0.0009760919584380003,0.002954214743820799,0.005285331680113296,0.7625254049782696,0.3063506264194568,0.18814244107430025,0.18814244107430025,6.19555604476366,0.0,0.0,4.1588826179504395,0.18760950520912312,0.0,0.18760950520912312,0.08155238185575382,2.5060854088167965,0.06723091040118974,3.672534167653771,0.007557635659497283,0.0019215671430214095,0.00657294627050551,0.010038287875601177,0.7362488252776009,0.30904558467568816,0.18814244107430025,0.19657071529430634,val_self_probe_loss
119,0.197080191269795,0.197080191269795,2.0187963568876395,0.0,0.0,4.1588826179504395,0.1663696979684704,0.0,0.1663696979684704,0.07602691572490756,0.8507937468858241,0.0817712703055235,1.1515139816502675,0.0011465993285157158,0.0007215037312182972,0.0029875712017360034,0.0044470030659018445,0.7739321611061054,0.31727083840302134,0.17491974056877704,0.17491974056877704,6.324526346063021,0.0,0.0,4.1588826179504395,0.18564391821067525,0.0,0.18564391821067525,0.07656320764955064,2.54838740140755,0.05895048029061337,3.7592787976833697,0.0076781633522062165,0.0020522752722443452,0.006437817639786958,0.010379506503549978,0.736854514720277,0.30618887991638655,0.17491974056877704,0.18814244107430025,val_self_probe_loss
120,0.15735601384344006,0.15735601384344006,2.2912385212635757,0.0,0.0,4.1588826179504395,0.16218776580531039,0.0,0.16218776580531039,0.06366260458421857,0.9366729834927685,0.05498768846810061,1.3385412848639404,0.0009594493068685156,0.0008435591101128017,0.002966649910145256,0.004519881034253572,0.7633839726578915,0.3072273758057051,0.16881389014700554,0.16881389014700554,6.318581552979369,0.0,0.0,4.1588826179504395,0.18634535242681918,0.0,0.18634535242681918,0.07398348589722785,2.540323012086175,0.055442951126486895,3.7614559889915657,0.007494467372837208,0.0019478333679725443,0.00636431840985944,0.01045701322825452,0.7375481028734527,0.30541087899889263,0.16881389014700554,0.17491974056877704,val_self_probe_loss
121,0.22782126690632165,0.22782126690632165,2.8970579011968933,0.0,0.0,4.1588826179504395,0.16356443522986674,0.0,0.16356443522986674,0.10133042086312459,1.220002166084479,0.08759217141308585,1.6605882092443438,0.000976349862526773,0.0009835830749282547,0.003140901563086973,0.005556013732616974,0.766809755962845,0.3133230557426009,0.1787901925883308,0.1787901925883308,6.001727817175181,0.0,0.0,4.1588826179504395,0.18334236990961228,0.0,0.18334236990961228,0.07358337692939532,2.40581441166238,0.06585099139563184,3.579267888422477,0.007345241791525674,0.001601961776133795,0.00693735747629927,0.009354316158023495,0.7365155601353379,0.3061922834896893,0.1787901925883308,0.17491974056877704,val_self_probe_loss
122,0.17585929551874374,0.17585929551874374,2.0770669517022458,0.0,0.0,4.1588826179504395,0.16070840899494163,0.0,0.16070840899494163,0.06763650923885577,0.8396623451119589,0.06934739047054173,1.221427553197375,0.0012047743435970684,0.0005747646214396218,0.0029212178122640705,0.0045279714985036025,0.7656418128280555,0.307611598272355,0.1659382067921554,0.1659382067921554,6.055769151782397,0.0,0.0,4.1588826179504395,0.1841490600975404,0.0,0.1841490600975404,0.06945415645091568,2.4274203072053306,0.05710911334301374,3.6115277547285145,0.007545345537968252,0.0018702657579530034,0.006873384711364435,0.009530590404611752,0.736025253438061,0.3080092005848144,0.1659382067921554,0.16881389014700554,val_self_probe_loss
123,0.1501751080989576,0.1501751080989576,2.7227095710819036,0.0,0.0,4.1588826179504395,0.16247421000909334,0.0,0.16247421000909334,0.06325918334535233,1.1094145141991774,0.04795685140763611,1.5970242779382988,0.0011157162033250702,0.0010121497107839605,0.003180991710871857,0.005268973800068482,0.7672408013783485,0.30981988634026797,0.1711796667449963,0.1711796667449963,5.998148738690045,0.0,0.0,4.1588826179504395,0.1811959867521843,0.0,0.1811959867521843,0.06744226473181145,2.39964140331523,0.06430290112711536,3.5820462316222583,0.007407883284935259,0.00161725242443416,0.007199593513454918,0.009102100895440078,0.7372511762269536,0.30292964074182216,0.1711796667449963,0.1711796667449963,val_self_probe_loss
124,0.15566840378565533,0.15566840378565533,2.4149561078419537,0.0,0.0,4.1588826179504395,0.16188534484147762,0.0,0.16188534484147762,0.0627423331354112,0.9923133882647942,0.05417030785972933,1.4064682939454798,0.0010511967112146279,0.0009485748238102593,0.002808212926424733,0.005011440477099854,0.7642428437258095,0.3087236180525318,0.17918789000337168,0.17918789000337168,5.837745475010101,0.0,0.0,4.1588826179504395,0.18005621220384324,0.0,0.18005621220384324,0.06962645408604873,2.333449413224777,0.07007369470221471,3.4878823629100317,0.007440863683243479,0.001491140845585206,0.007519079087394642,0.008432699321127085,0.7375123043608222,0.30394809512618165,0.17918789000337168,0.1711796667449963,val_self_probe_loss
125,0.13634833595362766,0.13634833595362766,2.519973852844453,0.0,0.0,4.1588826179504395,0.16057602269523885,0.0,0.16057602269523885,0.05918323960969006,1.0483582300817926,0.03839781076333493,1.4555749357499093,0.001196032451848069,0.0007053623130050414,0.0030605341486722787,0.004444796362233427,0.7632444408670084,0.3083974510333148,0.18136998640824548,0.18136998640824548,5.864650568699244,0.0,0.0,4.1588826179504395,0.17959578307519047,0.0,0.17959578307519047,0.06868150189623051,2.337564453019859,0.07317800158837243,3.5104876935065534,0.007487023133937825,0.001648975221796266,0.0073922747378787085,0.00867614478613279,0.737990150910727,0.30637069259371075,0.18136998640824548,0.17918789000337168,val_self_probe_loss
126,0.1477806303286199,0.1477806303286199,2.1530811306493995,0.0,0.0,4.1588826179504395,0.15354757441941783,0.0,0.15354757441941783,0.055490468828054605,0.8834140481862816,0.05362080333449772,1.2538110864288394,0.0010996238360799053,0.0006685610217919839,0.002880239149038787,0.003952493912460636,0.762128538671885,0.30587287598854884,0.1575468067102921,0.1575468067102921,6.18078364029249,0.0,0.0,4.1588826179504395,0.18214440919597696,0.0,0.18214440919597696,0.059522020394815515,2.450188488138388,0.05858510618115434,3.7139055332087954,0.007468636171946154,0.0017648283308133285,0.006813072622609065,0.009688128764966723,0.7378244155682392,0.305599801473736,0.1575468067102921,0.17918789000337168,val_self_probe_loss
127,0.13869211417096375,0.13869211417096375,2.323546985616145,0.0,0.0,4.1588826179504395,0.15752672512824398,0.0,0.15752672512824398,0.05521917443530293,0.9510535370276343,0.044612333544506465,1.3563269616751783,0.000964022550094105,0.0008050751743797491,0.0032139930632077854,0.005482381550926392,0.7659639841115304,0.30834237693039174,0.1540815828379637,0.1540815828379637,6.185634263461421,0.0,0.0,4.1588826179504395,0.1824094027465915,0.0,0.1824094027465915,0.058000996092808725,2.4501411273427633,0.05663521223418091,3.718817514694232,0.0074857392030466575,0.001734177334368701,0.006979037741103689,0.009349337504216418,0.7375206340173757,0.3061491798910295,0.1540815828379637,0.1575468067102921,val_self_probe_loss
128,0.15393325801771113,0.15393325801771113,2.6040384790540134,0.0,0.0,4.1588826179504395,0.1592577071911548,0.0,0.1592577071911548,0.05590660640669314,1.0472934920132226,0.05941042732181586,1.540712435727757,0.0009842905501350602,0.0008269252424511336,0.003063210086466624,0.005386238835412604,0.7612765768356826,0.30574645046410526,0.1640007381229112,0.1640007381229112,5.900977272979961,0.0,0.0,4.1588826179504395,0.1798742219157841,0.0,0.1798742219157841,0.06125735199969748,2.3435786576559825,0.06330097482325683,3.540645605086216,0.00736811301694107,0.001633054282725391,0.007378347763236357,0.00868233854257681,0.7372510831178345,0.3095236535398116,0.1640007381229112,0.1575468067102921,val_self_probe_loss
129,0.18227095425979498,0.18227095425979498,2.008628864156166,0.0,0.0,4.1588826179504395,0.15587182372448605,0.0,0.15587182372448605,0.06399453395382633,0.8422129429819555,0.07954920193795871,1.1505025194428298,0.0011480960641591733,0.00042084841584929514,0.002884438190467116,0.00407709484423064,0.7630350355520992,0.30800983702312057,0.16759427898326276,0.16759427898326276,5.826245276268965,0.0,0.0,4.1588826179504395,0.17688090469896423,0.0,0.17688090469896423,0.06311916763842199,2.3140918020598638,0.06502036528187509,3.495568563779874,0.007319809505269466,0.0017176031772504988,0.0072139987356162494,0.00885578862142674,0.7380676774874978,0.30539721657770763,0.16759427898326276,0.1640007381229112,val_self_probe_loss
130,0.16791866310799552,0.16791866310799552,2.1757345148714915,0.0,0.0,4.1588826179504395,0.15653124201376273,0.0,0.15653124201376273,0.06011844720409285,0.9096204278219806,0.06910069684910002,1.2501072708300585,0.0008594326929045631,0.0006906993699799931,0.002729263996350672,0.004273284577818753,0.7642347109958971,0.3081392513999039,0.16916574219600383,0.16916574219600383,5.835245214078737,0.0,0.0,4.1588826179504395,0.1765641143418247,0.0,0.1765641143418247,0.06430058132695116,2.316154121797277,0.0653964562778309,3.502365625981149,0.0073973706805744496,0.0018043275613421632,0.007148228448335521,0.009095007071404584,0.738090763921323,0.3072980997725303,0.16916574219600383,0.16759427898326276,val_self_probe_loss
131,0.1480532994025625,0.1480532994025625,2.199539572540282,0.0,0.0,4.1588826179504395,0.1575849212125418,0.0,0.1575849212125418,0.0482981678642308,0.8937539189448733,0.06095009900907588,1.289673219474787,0.0009222237196976869,0.0007187445039018491,0.002776298220068754,0.004497853304289126,0.7659369557932363,0.3096586323857438,0.1635751232666814,0.1635751232666814,5.817018427695176,0.0,0.0,4.1588826179504395,0.1757707212652479,0.0,0.1757707212652479,0.06243504680438627,2.305777365885536,0.0616768148340146,3.4946618923651322,0.007438445469741969,0.0018366879313412847,0.007042921385409669,0.009150647393410436,0.7379871780827919,0.30410145361971413,0.1635751232666814,0.16759427898326276,val_self_probe_loss
132,0.1666774023671836,0.1666774023671836,1.7966522988582154,0.0,0.0,4.1588826179504395,0.15294430911148418,0.0,0.15294430911148418,0.0601966829661742,0.7414382670634926,0.06786306763863197,1.0394258450729001,0.000872566279262978,0.0005554267653659867,0.0027638258136840565,0.004123509285969477,0.7624625344438689,0.30474125903864463,0.13918636260288103,0.13918636260288103,6.131793431521203,0.0,0.0,4.1588826179504395,0.17996473564124255,0.0,0.17996473564124255,0.05341697015267398,2.4251563368561846,0.04632201500422096,3.689855351642075,0.0075277460625855054,0.001985546607949506,0.006731099752790254,0.009692026644956714,0.7378466721647274,0.30632601317411623,0.13918636260288103,0.1635751232666814,val_self_probe_loss
133,0.23381415158346638,0.23381415158346638,2.074292122957866,0.0,0.0,4.1588826179504395,0.15463243437977967,0.0,0.15463243437977967,0.08290231392670804,0.8282208788309872,0.1122128638039158,1.2300039482590233,0.001260021401791088,0.0010815095826382367,0.0031230202192362934,0.004659162695763957,0.7614332048874655,0.30662079696859407,0.1389997433061185,0.1389997433061185,6.128418664847102,0.0,0.0,4.1588826179504395,0.17878531456363866,0.0,0.17878531456363866,0.05335889238378276,2.4247870681726416,0.04618719055010758,3.686818956273105,0.007545288455052886,0.0019706908269597886,0.006756265917416917,0.009692972292400527,0.737834151857388,0.3070167232744442,0.1389997433061185,0.13918636260288103,val_self_probe_loss
134,0.16920434350697844,0.16920434350697844,2.5531478574914543,0.0,0.0,4.1588826179504395,0.1588177221830276,0.0,0.1588177221830276,0.06488547594982694,1.0366464625598308,0.065475996214647,1.5003343216960372,0.0009515943129891458,0.0007812557946181686,0.0028468359934685408,0.0047405090062387295,0.766405671082527,0.3099529437974308,0.1551485560279085,0.1551485560279085,5.90870367397803,0.0,0.0,4.1588826179504395,0.17599625755911288,0.0,0.17599625755911288,0.059455501466630874,2.339065501593655,0.05624698966695285,3.552993687462663,0.0074056447320906965,0.0018632015141141756,0.006966911083498032,0.009285830482638077,0.7379591104036533,0.30500451378200366,0.1551485560279085,0.13918636260288103,val_self_probe_loss
135,0.16402341327277287,0.16402341327277287,2.4621587802301255,0.0,0.0,4.1588826179504395,0.1573753315877705,0.0,0.1573753315877705,0.07022110489120402,1.0116070853433807,0.05508715566145471,1.434422269496253,0.0008812927051294497,0.0009441680903495397,0.0028293399314286696,0.004815277781768913,0.7642378313088652,0.3082359040607867,0.1474595972169075,0.1474595972169075,5.980857555586729,0.0,0.0,4.1588826179504395,0.17717103484254446,0.0,0.17717103484254446,0.0558691810576465,2.3656130207251316,0.052150881826090886,3.59851321519312,0.007389827697304285,0.001835649821790731,0.006932996043513141,0.009328354939656414,0.7379756212604712,0.30678366022820797,0.1474595972169075,0.1474595972169075,val_self_probe_loss
136,0.1620285265908283,0.1620285265908283,2.267778694048998,0.0,0.0,4.1588826179504395,0.16055298177065364,0.0,0.16055298177065364,0.059186536980267414,0.9056137959533151,0.06391533365847316,1.3459341242371698,0.0010925073773841937,0.0007644492252059423,0.003010298842722683,0.004856066560806169,0.7670499870203983,0.3110797417674185,0.15729952276169512,0.15729952276169512,5.9099384721206585,0.0,0.0,4.1588826179504395,0.17588542244449165,0.0,0.17588542244449165,0.05972994194851945,2.3401185964575464,0.058108394352360544,3.5531105472885582,0.00741687869612975,0.0018479687946609323,0.007021432404799723,0.009256193268269023,0.7380964128497225,0.306435428606057,0.15729952276169512,0.1551485560279085,val_self_probe_loss
137,0.21531360430395563,0.21531360430395563,1.8815251334961893,0.0,0.0,4.1588826179504395,0.15514557078300795,0.0,0.15514557078300795,0.07912905686908084,0.7726444780630285,0.09701533455904635,1.0925721668941915,0.0010292058944354307,0.0008078539917208864,0.002931560918134939,0.004211321652281118,0.7723750860709391,0.31370687733366515,0.1413551943712168,0.1413551943712168,6.031155231576529,0.0,0.0,4.1588826179504395,0.17777496807693693,0.0,0.17777496807693693,0.05392020135417997,2.384437905427832,0.04800401551371313,3.629923239899857,0.007433152866317683,0.001886132381593558,0.006866372216446614,0.009505917595826691,0.7377211390444951,0.30743124951487,0.1413551943712168,0.1474595972169075,val_self_probe_loss
138,0.26932390431672104,0.26932390431672104,2.176792864472034,0.0,0.0,4.1588826179504395,0.1567305181048704,0.0,0.1567305181048704,0.10123998990116802,0.9155172284132301,0.129325069656798,1.245018419798394,0.0008936258297344326,0.0009035647591988035,0.0029730617940736653,0.004703943071218308,0.764762511761076,0.3112207657353938,0.14480349654042574,0.14480349654042574,6.0337859644838,0.0,0.0,4.1588826179504395,0.1770371415230058,0.0,0.1770371415230058,0.05499646224237701,2.3852840171004672,0.05035139440258051,3.631783844208958,0.007436632588075515,0.001869784690028813,0.006875796981809534,0.009505887667688987,0.7381781295219564,0.30599800825859447,0.14480349654042574,0.14480349654042574,val_self_probe_loss
139,0.16874133210739634,0.16874133210739634,2.2999821993247345,0.0,0.0,4.1588826179504395,0.1580896031941593,0.0,0.1580896031941593,0.060810263668372,0.9230538983507293,0.06919154881384187,1.3609752595510527,0.0011266571273513518,0.0008198104470784678,0.003160633040315029,0.005060270126054368,0.7628357595591331,0.30484135800606593,0.14682556957191562,0.14682556957191562,5.999828517344428,0.0,0.0,4.1588826179504395,0.17642884928247202,0.0,0.17642884928247202,0.05584327316328143,2.3713188114928903,0.05152135015239719,3.6118677233183836,0.0074199024625469625,0.0018535688771899343,0.006943520879436585,0.009392854133591935,0.7382324474938908,0.3047871086167993,0.14682556957191562,0.14480349654042574,val_self_probe_loss
140,0.19103459403753018,0.19103459403753018,1.8284629024278973,0.0,0.0,4.1588826179504395,0.15424548428092646,0.0,0.15424548428092646,0.06529500850289242,0.7453387579691528,0.08707944990128573,1.067122261701346,0.0008343979148920033,0.00069781707868083,0.0027758194898836863,0.0038614022999421235,0.763479066339989,0.30882560703024253,0.13827127040080403,0.13827127040080403,6.097757171399845,0.0,0.0,4.1588826179504395,0.17771214033876145,0.0,0.17771214033876145,0.05279414725970037,2.40844952763978,0.046031189518431145,3.672589403606072,0.007441022861401857,0.0018989495692836296,0.006808089727596583,0.009638401250187192,0.7380974048413105,0.3055900838804541,0.13827127040080403,0.14480349654042574,val_self_probe_loss
