epoch,train_loss,train_self_probe_loss,train_cross_probe_loss,train_lambda_cross,train_lambda_proto,train_prototype_alignment_loss,train_latent_alignment_loss,train_latent_alignment_weight,train_feature_alignment_loss,train_self_probe_local_loss,train_cross_probe_local_loss,train_self_probe_region_time_loss,train_cross_probe_region_time_loss,train_self_probe_derivative_loss,train_cross_probe_derivative_loss,train_self_probe_frequency_loss,train_cross_probe_frequency_loss,train_self_probe_correlation_loss,train_cross_probe_correlation_loss,val_loss,val_self_probe_loss,val_cross_probe_loss,val_lambda_cross,val_lambda_proto,val_prototype_alignment_loss,val_latent_alignment_loss,val_latent_alignment_weight,val_feature_alignment_loss,val_self_probe_local_loss,val_cross_probe_local_loss,val_self_probe_region_time_loss,val_cross_probe_region_time_loss,val_self_probe_derivative_loss,val_cross_probe_derivative_loss,val_self_probe_frequency_loss,val_cross_probe_frequency_loss,val_self_probe_correlation_loss,val_cross_probe_correlation_loss,monitor_metric_raw,monitor_metric,monitor_key
1,2.554507361956014,2.554507361956014,0.1041246992336539,0.0,0.0,4.464351951356253,0.4126144999599352,0.0,0.4126144999599352,0.9938076771305042,0.04667322875361411,1.49900995019075,0.039041981526316195,0.017714233851238152,0.04159514605998993,0.023854399216489134,0.05792076915960542,1.0975133206135093,0.04437250783002468,6.968603892587357,6.968603892587357,0.07509934550486737,0.0,0.0,4.365975107465472,0.4045691760430425,0.0,0.4045691760430425,2.6347518928395295,0.037380500470999604,4.273803976277665,0.024800410598331355,0.01701941522798553,0.028457542083093097,0.03342526981040188,0.04687662573056932,1.04901117049389,0.022327726880400817,6.968603892587357,6.968603892587357,val_self_probe_loss
2,2.5132595760958387,2.5132595760958387,0.10038082959165165,0.0,0.0,4.504419560751721,0.5454978596758502,0.0,0.5454978596758502,0.9629793721123401,0.05096000052669569,1.4947758542392178,0.03386160886706427,0.012921833608025516,0.03405182863433327,0.018441689608600216,0.051317552368347785,1.0085949685780329,0.038290158466207994,6.926346720745845,6.926346720745845,0.07713441606263936,0.0,0.0,4.427271375004549,0.5287998000287121,0.0,0.5287998000287121,2.6054258931728995,0.04550895067105382,4.267255503626436,0.021153414217026337,0.01208966980566797,0.020015325212145444,0.027919579277058012,0.036925794984798255,0.9570122661057466,0.03551281141753523,6.926346720745845,6.9474753066666,val_self_probe_loss
3,2.479349571839384,2.479349571839384,0.10400032076236314,0.0,0.0,4.514711014656545,0.6521800648498745,0.0,0.6521800648498745,0.9398825650321142,0.0596936658008431,1.4889245563801112,0.03060503708429708,0.009973663858186073,0.026476894735341275,0.01465998889937686,0.042053857121031844,0.931659266925146,0.05754016492716175,6.88956167814987,6.88956167814987,0.07875444716918542,0.0,0.0,4.450728999902003,0.5931029564105206,0.0,0.5931029564105206,2.5821415943018398,0.05224893387892972,4.257798504685948,0.017290568465124004,0.010329748303571612,0.014040162509180004,0.02470487730739557,0.027482098627904926,0.8913614313054529,0.05913388847101549,6.88956167814987,6.926346720745845,val_self_probe_loss
4,2.4567522439946194,2.4567522439946194,0.10393368180444552,0.0,0.0,4.493527081612044,0.6906001209950997,0.0,0.6906001209950997,0.923553508686967,0.0653476674154679,1.4857755536469095,0.0260692410330512,0.008344192372718837,0.02008706856310433,0.012345046999033145,0.03236608863138603,0.8820503464645403,0.0851679433517477,6.860141041069667,6.860141041069667,0.0799263066941907,0.0,0.0,4.432260033506784,0.5985512052263532,0.0,0.5985512052263532,2.564834704478011,0.057155854213311805,4.248229039130119,0.01391895555006051,0.009801992166046956,0.009895347567818921,0.023423990591932436,0.020164968469035552,0.8456857158160358,0.08722326936929123,6.860141041069667,6.88956167814987,val_self_probe_loss
5,2.438294037865755,2.438294037865755,0.1047813350050562,0.0,0.0,4.460105360012284,0.6953662325731355,0.0,0.6953662325731355,0.9116548009862884,0.07034601276059575,1.4810963371435322,0.022472325978242474,0.007710501140660303,0.015534558763848178,0.011241400194723408,0.02525223330742834,0.849818158097377,0.11108266563859127,6.835816231619868,6.835816231619868,0.0828043597270243,0.0,0.0,4.401385517594237,0.5930561193768282,0.0,0.5930561193768282,2.550151547602152,0.06086452043852451,4.239932240351386,0.012796885119924634,0.009619372575804128,0.007981208462545776,0.02276816163848368,0.014863774342381435,0.8210236148804612,0.11322548717075254,6.835816231619868,6.860141041069667,val_self_probe_loss
6,2.4260961585213012,2.4260961585213012,0.10549854343239745,0.0,0.0,4.4152583447821705,0.6844070152053456,0.0,0.6844070152053456,0.9053084048699142,0.07331228937491627,1.4766458803552696,0.020221728553461844,0.006866492997572791,0.012171376905476615,0.010439896360591757,0.019627718365333082,0.8276260347973502,0.13917819197104608,6.812351488595053,6.812351488595053,0.08060652563660782,0.0,0.0,4.35686671215555,0.5514204703872989,0.0,0.5514204703872989,2.5383630354385476,0.05972172204196823,4.229261147488857,0.01160945262042632,0.009321533597612418,0.0059841073505719255,0.022327775194205528,0.0115314924291202,0.8032752952960708,0.1325234950791975,6.812351488595053,6.835816231619868,val_self_probe_loss
7,2.40972787333176,2.40972787333176,0.10646123237065505,0.0,0.0,4.371884455403434,0.6574309815036217,0.0,0.6574309815036217,0.8954751655361263,0.07600995186720408,1.470959358203555,0.018579979330039575,0.00609533252699544,0.009496229786618023,0.009305710077764207,0.015432524246405952,0.8167779490139037,0.15907982564260356,6.7881620250503465,6.7881620250503465,0.09031358324222682,0.0,0.0,4.32700955053294,0.5566335044662405,0.0,0.5566335044662405,2.525530816096327,0.06815208869506113,4.218724627094054,0.0122250058335362,0.009022891348638566,0.004786833741858324,0.022046625681412378,0.0089159507871322,0.7889153911090045,0.15696367029077518,6.7881620250503465,6.812351488595053,val_self_probe_loss
8,2.3956261327905266,2.3956261327905266,0.11118419942753768,0.0,0.0,4.33721660337647,0.6476737473458543,0.0,0.6476737473458543,0.8887203182620288,0.08041334373858051,1.4644559239876649,0.018612373552799356,0.005400925924036444,0.007589230977375016,0.008990010700539229,0.012758141166799417,0.8040132493140538,0.17970719598192808,6.761340096893703,6.761340096893703,0.09508554267216913,0.0,0.0,4.297730647258877,0.5742677520520939,0.0,0.5742677520520939,2.51152734096619,0.07264726081434984,4.206852931977591,0.01179903316433015,0.008549936570737639,0.00325122229199602,0.021495449837580647,0.007835314545479621,0.7734543014757381,0.18085824221557711,6.761340096893703,6.7881620250503465,val_self_probe_loss
9,2.38431074840766,2.38431074840766,0.1127197958537174,0.0,0.0,4.301898348606247,0.6428175336312253,0.0,0.6428175336312253,0.8827691501298864,0.08235646826833584,1.459676282864747,0.018204731697014212,0.004732148190214003,0.006007393242936462,0.008283718118012671,0.010473505055079999,0.7970794822722183,0.1921879396611328,6.739746262880494,6.739746262880494,0.0900554750461756,0.0,0.0,4.260188529210061,0.5212958331063667,0.0,0.5212958331063667,2.5018977588678926,0.06786978605741299,4.195214876161761,0.011604886212796898,0.008316568326731414,0.002606715671486736,0.021198703435984272,0.005833477019014196,0.7687113577534693,0.18691552351720586,6.739746262880494,6.761340096893703,val_self_probe_loss
10,2.3733213590713613,2.3733213590713613,0.11652371683183538,0.0,0.0,4.275726170754459,0.6178524675405902,0.0,0.6178524675405902,0.8768681141411891,0.0854960874655375,1.4551002328395517,0.018475671431701937,0.004246513782484144,0.004869496372132741,0.007752631462008399,0.008715414845933637,0.7903212349448848,0.20926083979308277,6.70903298280763,6.70903298280763,0.10161188938973113,0.0,0.0,4.250624733682004,0.545406248628723,0.0,0.545406248628723,2.486952470465106,0.07717820245379246,4.17991894639317,0.013077296252992953,0.008213928089728753,0.001948606603206222,0.02090814831899479,0.0053549546239353854,0.760335852270541,0.20667487068205886,6.70903298280763,6.739746262880494,val_self_probe_loss
11,2.359508147960044,2.359508147960044,0.1182854323434254,0.0,0.0,4.248058911081727,0.5984079714794975,0.0,0.5984079714794975,0.8692366900627883,0.08725305879744165,1.4493559831559135,0.018290405236307275,0.003779211671947288,0.0038115579632860244,0.007154844461558908,0.007426847206913221,0.785100898483582,0.2209278657198214,6.690797138762493,6.690797138762493,0.09983069560727718,0.0,0.0,4.222802588658303,0.5042123566873326,0.0,0.5042123566873326,2.4791120390309405,0.07472803887928495,4.169647417965443,0.013785724996687463,0.008146240264039938,0.0015708531501778165,0.020801750217818927,0.004252595341076021,0.7584129510829167,0.20997917180105766,6.690797138762493,6.70903298280763,val_self_probe_loss
12,2.3564194141509898,2.3564194141509898,0.12214337572308194,0.0,0.0,4.231081883548774,0.5913111717980989,0.0,0.5913111717980989,0.8692150136699203,0.08969973160197262,1.4466345760312942,0.019496340460003928,0.0034578769553644923,0.003176780474810778,0.006954478980149383,0.0063204898986593296,0.7801952244290667,0.2304211929522283,6.6630355890678326,6.6630355890678326,0.10208923577892114,0.0,0.0,4.213699468174336,0.5119683507436551,0.0,0.5119683507436551,2.4662078210927825,0.07576032635402975,4.155176625595723,0.014506578352880774,0.008074007900171445,0.001164391848709874,0.02055640434137667,0.0038390858272402922,0.7515315496773454,0.22294651573489171,6.6630355890678326,6.690797138762493,val_self_probe_loss
13,2.348143150185518,2.348143150185518,0.12372858683311848,0.0,0.0,4.213363713935492,0.5714231157669252,0.0,0.5714231157669252,0.8655531156652747,0.09140746104076063,1.4422699807653394,0.019154061821956926,0.0030115557666847525,0.002543317180118727,0.006416197488841965,0.005544280539278011,0.778507744572427,0.23953613076199554,6.63913770051245,6.63913770051245,0.10959678286721247,0.0,0.0,4.198467183557356,0.5002907925510999,0.0,0.5002907925510999,2.455114933147286,0.08170237642082369,4.142586189119712,0.015716435989330275,0.008032434643553542,0.0009174680392263654,0.020369371418444936,0.00353256327400898,0.747822722292835,0.2319069360353932,6.63913770051245,6.6630355890678326,val_self_probe_loss
14,2.337916895150157,2.337916895150157,0.12652924331365117,0.0,0.0,4.1999010490141115,0.5678323780796792,0.0,0.5678323780796792,0.8605545306768427,0.0932066466262652,1.4371965036877767,0.01998132055075318,0.0028659644544085754,0.002094645884156873,0.006289001234268318,0.0050420110036223376,0.7764093145057477,0.2462682850928783,6.611910380075992,6.611910380075992,0.11704794932966647,0.0,0.0,4.189135240471882,0.5128292870817718,0.0,0.5128292870817718,2.442487133146258,0.08732724240662888,4.1282100381433775,0.016754074409742904,0.00800947875161554,0.0006880700459518695,0.02019225089031312,0.003450059214815127,0.7438254565555856,0.2489921676446192,6.611910380075992,6.63913770051245,val_self_probe_loss
15,2.329857029208891,2.329857029208891,0.13057544801290158,0.0,0.0,4.1880917962636435,0.557925137874193,0.0,0.557925137874193,0.8564350135362698,0.09605133227603234,1.4334868336041202,0.020927231879465272,0.002720939871342904,0.0017142427485113151,0.006107229038124289,0.004549365605684621,0.772883015327998,0.25426771505669366,6.589246557944494,6.589246557944494,0.1119516212377489,0.0,0.0,4.179657397062882,0.47533911892345976,0.0,0.47533911892345976,2.4325683598019046,0.08298161021948601,4.11541047866705,0.016727698324768808,0.008024585939548268,0.0006145339098365642,0.020065703286835636,0.0028233813976591324,0.7451073031247772,0.23612687241586838,6.589246557944494,6.611910380075992,val_self_probe_loss
16,2.3011642339855074,2.3011642339855074,0.13300242781246532,0.0,0.0,4.179528690195764,0.5426714812230593,0.0,0.5426714812230593,0.8427996875311358,0.09770355883139287,1.4185032957140458,0.0216370083260811,0.002566550204297272,0.0014306451209322943,0.0057256998214155076,0.004222503600541899,0.7729394362603532,0.2576389725265859,6.557013100811413,6.557013100811413,0.11077124588422893,0.0,0.0,4.174075493901412,0.4747125056589612,0.0,0.4747125056589612,2.4177437364904684,0.08085340205927073,4.098251214242246,0.017097382233564898,0.007979005175589885,0.00040383755499844135,0.019786212771736165,0.002739923656195032,0.7408939307520849,0.24891020848143916,6.557013100811413,6.589246557944494,val_self_probe_loss
17,2.3017496902630565,2.3017496902630565,0.13254385195369908,0.0,0.0,4.173022083341094,0.5185918158940505,0.0,0.5185918158940505,0.8430161171630597,0.09732408852660956,1.4190629960684888,0.021320420502389564,0.0023742776378017005,0.0011148613848330905,0.005506397117620373,0.00391628329655407,0.7705298276162174,0.2645799942584514,6.523296790613983,6.523296790613983,0.12239107600650433,0.0,0.0,4.1689069404365116,0.46104944066971726,0.0,0.46104944066971726,2.401688082537018,0.09150913329968541,4.080743274396945,0.017538198564918884,0.007963565614682576,0.0003281844218018586,0.019532726389053713,0.0028670483994766237,0.7384293053461157,0.25949987398911706,6.523296790613983,6.557013100811413,val_self_probe_loss
18,2.2866335113734237,2.2866335113734237,0.13638780127012637,0.0,0.0,4.1687085908540125,0.5080033796875196,0.0,0.5080033796875196,0.8355912181275817,0.10018220022075393,1.4115212320408381,0.022090931076446035,0.002220556221347257,0.000953867022100423,0.0054468163524899514,0.0036905020302617523,0.768424717838233,0.2701430344947999,6.488450271858377,6.488450271858377,0.11367615816756065,0.0,0.0,4.165453371794327,0.4422641296564422,0.0,0.4422641296564422,2.38594284047147,0.08389824277125531,4.061707679114321,0.01657950960863266,0.007946560203885192,0.00025406330484052344,0.019250643387167882,0.0025021155214411503,0.7377775076383389,0.25769355495153745,6.488450271858377,6.523296790613983,val_self_probe_loss
19,2.2700659454719427,2.2700659454719427,0.1387530330376358,0.0,0.0,4.165545878111989,0.5008134425798703,0.0,0.5008134425798703,0.8289121006146221,0.10146161148367545,1.4016919873008744,0.023074706384562504,0.0021673868594049147,0.0008168147351520196,0.005223286014590024,0.003533168476070845,0.7679564298573232,0.27318388949895667,6.455785856055825,6.455785856055825,0.11808302221090897,0.0,0.0,4.163665703364781,0.44240646036515324,0.0,0.44240646036515324,2.3724225600487236,0.08562573406451977,4.042649151191914,0.018995796133596334,0.007964705364519776,0.00020792147217705984,0.019035552744211353,0.0024065073855765026,0.7363925668763818,0.2633771863042938,6.455785856055825,6.488450271858377,val_self_probe_loss
20,2.2774976019131103,2.2774976019131103,0.13775509422487536,0.0,0.0,4.16325876349021,0.4883832395011324,0.0,0.4883832395011324,0.833071615524451,0.10039239953365074,1.4050324402839502,0.02317360217522515,0.0021008354882350853,0.0006809253487751321,0.005169718798365481,0.003311645783459447,0.7670271035475997,0.2737539474710282,6.427490256333388,6.427490256333388,0.1255759815251605,0.0,0.0,4.161910113340579,0.43318964994472003,0.0,0.43318964994472003,2.359808076199098,0.09102612918948536,4.027022624237937,0.020910113595819436,0.007969481661969648,0.00016892158167121458,0.018848654819126037,0.002537910579935133,0.7356463232025596,0.2668743377886944,6.427490256333388,6.455785856055825,val_self_probe_loss
21,2.2350743510458786,2.2350743510458786,0.1410013186682985,0.0,0.0,4.161742588298643,0.4732067354685912,0.0,0.4732067354685912,0.8142208531049093,0.10234006086178328,1.381541787232676,0.024314149588542763,0.0020035577804549433,0.0005724562603456881,0.004737148154935872,0.0033014870308028816,0.7667431255596006,0.27747690818312404,6.3916564169368755,6.3916564169368755,0.1287818423339299,0.0,0.0,4.160964296471258,0.42724156731404134,0.0,0.42724156731404134,2.344045499654961,0.09255631786325703,4.007026480029262,0.02245713357368241,0.007942572664212789,0.00013951645801255988,0.018563083715386897,0.002536341281873839,0.7348492765648765,0.26959755442897726,6.3916564169368755,6.427490256333388,val_self_probe_loss
22,2.219420405851041,2.219420405851041,0.1459556170764791,0.0,0.0,4.160710094527277,0.4683969227595073,0.0,0.4683969227595073,0.807284583095318,0.10526003040021652,1.3730023147683472,0.02612957342821209,0.001854276168543506,0.0004974758673820166,0.004781933999099001,0.0032465750148108906,0.7638350462154552,0.2823397483836152,6.354722207770769,6.354722207770769,0.1290877919574702,0.0,0.0,4.160156943042826,0.4205388978401326,0.0,0.4205388978401326,2.328222518483096,0.09308794224114152,3.9859986381188777,0.0219877564712711,0.007910879378648828,0.00011434197599471038,0.01832533121811839,0.00246384639440463,0.7338118271798081,0.2747424450350104,6.354722207770769,6.3916564169368755,val_self_probe_loss
23,2.2375304435761123,2.2375304435761123,0.1444657679430478,0.0,0.0,4.1599923708567115,0.46311443955785747,0.0,0.46311443955785747,0.812726010246413,0.10501595312559775,1.3856886019776897,0.024617731192943554,0.0018959187195328618,0.0004340574406580662,0.004578969426147443,0.00320122717459544,0.7636793658186393,0.2880689262951245,6.322857719724593,6.322857719724593,0.1319511196813228,0.0,0.0,4.159640537285656,0.4187596232994743,0.0,0.4187596232994743,2.313946326529341,0.09399484676418837,3.9684877501965516,0.023688436520534643,0.00788559619050259,0.00010484455027530745,0.018030784617254787,0.002489828691175728,0.7329878086999336,0.279852833436883,6.322857719724593,6.354722207770769,val_self_probe_loss
24,2.1867938213680107,2.1867938213680107,0.1480025797591644,0.0,0.0,4.159533057856638,0.4522136961131405,0.0,0.4522136961131405,0.7912934136553438,0.10677350307973235,1.3565041109097613,0.02635535687968773,0.001742833829695731,0.00038630106340317846,0.0043909111444589925,0.0031423007429942375,0.7624287750535164,0.28925828005950877,6.271519971340432,6.271519971340432,0.12635896239221467,0.0,0.0,4.159309867005911,0.40124133488406305,0.0,0.40124133488406305,2.2918463666801867,0.08843271517605515,3.939284918332322,0.02375786691348745,0.007858592333374777,9.908291304437733e-05,0.01765672189634733,0.002299236619602079,0.7331689303706151,0.2782737079614438,6.271519971340432,6.322857719724593,val_self_probe_loss
25,2.2156587649549793,2.2156587649549793,0.145550276834669,0.0,0.0,4.159234846724375,0.438600329745614,0.0,0.438600329745614,0.8063289779110614,0.10527341395747387,1.3703099945621435,0.02551290282466409,0.001781311852193737,0.0003254415214711669,0.004564926573141804,0.002972134092513934,0.7623610907407021,0.287707719792388,6.228479412517378,6.228479412517378,0.14160874712726343,0.0,0.0,4.159119937730872,0.3984151904627403,0.0,0.3984151904627403,2.2733589681964483,0.10110390385300476,3.9148106691311835,0.025869437536768475,0.007854557510824029,0.00010326007476979606,0.01728969466871067,0.0027069497458717747,0.732333936491368,0.2867779170874483,6.228479412517378,6.271519971340432,val_self_probe_loss
26,2.160732775190528,2.160732775190528,0.15110207748171003,0.0,0.0,4.159072811595695,0.4291762904265055,0.0,0.4291762904265055,0.781970788490612,0.10823862380567942,1.3398452205154083,0.0278980119969659,0.0017637547137370102,0.00033033445992345517,0.004284198472836555,0.003148516583840161,0.7609470451309966,0.29136010719837396,6.189693557156354,6.189693557156354,0.14800996772991204,0.0,0.0,4.159003168899821,0.38803537587941805,0.0,0.38803537587941805,2.256656605952784,0.10402324647636887,3.89277906647033,0.02927115779971669,0.007852239230521507,0.0001097823437957689,0.01701909471382763,0.002822221662076942,0.7318535345311491,0.2881179202047194,6.189693557156354,6.228479412517378,val_self_probe_loss
27,2.101219351545516,2.101219351545516,0.15858130881605767,0.0,0.0,4.158981889061033,0.42349029457529863,0.0,0.42349029457529863,0.7543648369671648,0.11277073188291292,1.3078251895786117,0.030811198701842818,0.0016720801304732414,0.00029439903563719126,0.003953446237074925,0.0032744132476612417,0.7643178878055576,0.2919667481590966,6.15494493739853,6.15494493739853,0.1480208467807829,0.0,0.0,4.158945924747064,0.38863840347491435,0.0,0.38863840347491435,2.242913810597004,0.10347272159520143,3.871802704181719,0.02982920364285848,0.007823196074772432,0.00011421323198073483,0.016797469718445392,0.0027989802718660015,0.7318600860441694,0.28820940722589905,6.15494493739853,6.189693557156354,val_self_probe_loss
28,2.139263373722949,2.139263373722949,0.15218650329649513,0.0,0.0,4.158930178662163,0.41727630367132496,0.0,0.41727630367132496,0.7740387896486812,0.10893250267408813,1.3263151248810663,0.028232879012528682,0.0016801310671850196,0.0002807258963849422,0.004166692867338387,0.003015127041684842,0.7614559936209384,0.292988536582951,6.084753592076324,6.084753592076324,0.1540925294993827,0.0,0.0,4.158911506581751,0.38174471499756996,0.0,0.38174471499756996,2.2123710843936903,0.10756276890357828,3.8321918847736387,0.031808957281111744,0.007802761938409903,0.00012807530560652743,0.016280922602705934,0.0029167282721895425,0.7322460825769057,0.2879422114502569,6.084753592076324,6.15494493739853,val_self_probe_loss
29,2.1889627499323905,2.1889627499323905,0.152103522033906,0.0,0.0,4.158903213023616,0.40849398012742255,0.0,0.40849398012742255,0.7937149192082862,0.10856143425246363,1.3562876272785072,0.02846448221187691,0.001627515699914028,0.00025735566138305717,0.004515508144176908,0.0028794072624643533,0.7620374080771019,0.2945065139808194,6.047128825153438,6.047128825153438,0.15429798564555483,0.0,0.0,4.158894479644965,0.3642828507082803,0.0,0.3642828507082803,2.1963543122437614,0.10643513621010395,3.8106246405521187,0.03311016240521618,0.007797109250102904,0.00013470072430751565,0.016031010482411092,0.002972466010681313,0.7319501009046662,0.2884352647739908,6.047128825153438,6.084753592076324,val_self_probe_loss
30,2.106365599891357,2.106365599891357,0.15722736732627374,0.0,0.0,4.158891095811528,0.3944104981867333,0.0,0.3944104981867333,0.7572828387937679,0.11235298936047748,1.3101923441765861,0.029653337445727557,0.0016481398006632278,0.00024664021405988425,0.003883052767462963,0.0032473804222667257,0.7618009883800009,0.2966928518040905,5.998153880527764,5.998153880527764,0.1660694595171798,0.0,0.0,4.158887525522931,0.36807804522307025,0.0,0.36807804522307025,2.175344840183808,0.11393447845063595,3.7827208262900043,0.037157489001311314,0.007776490820874388,0.00015186000809029883,0.015680638145726254,0.003158095977862036,0.7315117520575197,0.29247428504576595,5.998153880527764,6.047128825153438,val_self_probe_loss
31,2.1104786144702414,2.1104786144702414,0.15911160824916495,0.0,0.0,4.1588860908533425,0.39059714140405244,0.0,0.39059714140405244,0.7610768240239598,0.11224654881216169,1.3105515485790964,0.031562067075549705,0.0016625287656853247,0.00023552263661142812,0.004338573790170686,0.0029551895722771384,0.7600151978261385,0.29897183562607454,5.953478389043616,5.953478389043616,0.1660248705689211,0.0,0.0,4.1588848333181065,0.3617803859784736,0.0,0.3617803859784736,2.1576986235699485,0.11188823095759991,3.7557193131897577,0.039129492676359894,0.007766716348087583,0.00016175981689015294,0.015460773099644793,0.003189777312959365,0.7314484993123119,0.2929544874600002,5.953478389043616,5.998153880527764,val_self_probe_loss
32,2.066161193861396,2.066161193861396,0.16239749631230055,0.0,0.0,4.158884120170685,0.3857671266133385,0.0,0.3857671266133385,0.7451542410427044,0.11360388521501706,1.2822572272414041,0.033683087206501865,0.0014611967490374138,0.0002456854806004581,0.0038075215642214737,0.003112266991802713,0.7600758110390798,0.2947575068499987,5.929510049487216,5.929510049487216,0.17651569639673884,0.0,0.0,4.158883571624756,0.3579183411524163,0.0,0.3579183411524163,2.1480694778801537,0.11715490375616536,3.7414498122970095,0.04416773187123841,0.007741587122051575,0.00019361271193329288,0.015219942257690435,0.0034090984288765035,0.730670501171432,0.29607499608341953,5.929510049487216,5.953478389043616,val_self_probe_loss
33,2.059618260936339,2.059618260936339,0.1645907434490719,0.0,0.0,4.158883220408803,0.3781669884429412,0.0,0.3781669884429412,0.742895587384251,0.11457168649060143,1.2778184982180252,0.03457168401571647,0.0015725951811309462,0.0002574035230635294,0.0039416423583588265,0.0031777070096615217,0.7623350123019171,0.30130505545471686,5.8553020228047545,5.8553020228047545,0.1699278634620009,0.0,0.0,4.15888305924694,0.34528100971849807,0.0,0.34528100971849807,2.116307329100134,0.11410455461244405,3.698978941209371,0.04088289959367758,0.007726404695745965,0.00019524565857480085,0.014783153575787217,0.0032893089188540483,0.732122148045842,0.2912535313863932,5.8553020228047545,5.929510049487216,val_self_probe_loss
34,2.101390633899739,2.101390633899739,0.1586027514070894,0.0,0.0,4.158883023602248,0.371402293181969,0.0,0.371402293181969,0.7564817244937372,0.11228631274891214,1.3061384547800317,0.031159171619903375,0.001596436313266327,0.0002073389694948796,0.004055943070429364,0.0029996622552631094,0.7593155916121868,0.2961093434648901,5.821643136858199,5.821643136858199,0.17260670819267723,0.0,0.0,4.158882988165624,0.34833178423946687,0.0,0.34833178423946687,2.1028616079678817,0.11365101699318204,3.6788155566091123,0.04388918987365428,0.007714705000235988,0.00020948623567853942,0.014533972587278806,0.0032817737242027607,0.7316834014024793,0.2937189575678073,5.821643136858199,5.8553020228047545,val_self_probe_loss
35,1.9668882563219505,1.9668882563219505,0.1763291216969621,0.0,0.0,4.1588829566042715,0.37464196621782825,0.0,0.37464196621782825,0.7036486480796033,0.12155941527021966,1.2244999149347053,0.039256837376435295,0.0013985213923355428,0.00026144381268884074,0.0035464956348968423,0.0034443799845371333,0.7607087376154346,0.3020614039165128,5.750855864216545,5.750855864216545,0.1989825963973999,0.0,0.0,4.158882810462336,0.354661620551755,0.0,0.354661620551755,2.0737512000975262,0.13138215368764,3.6372254281565084,0.05208107325254205,0.007672365820913876,0.0002441857177134197,0.014169548474388163,0.0038445847758282877,0.7308871309209314,0.301477161808784,5.750855864216545,5.821643136858199,val_self_probe_loss
36,2.0240031859452063,2.0240031859452063,0.1697394184596452,0.0,0.0,4.158882904785525,0.36543541691960146,0.0,0.36543541691960146,0.7235492755946193,0.11811073822031691,1.2616052767967256,0.036175634101662954,0.0014527664016295862,0.00025200348205708017,0.003665568355346174,0.0032582775406993347,0.762378500858332,0.301284337279302,5.686259431544668,5.686259431544668,0.19931671078901114,0.0,0.0,4.158882893390537,0.3405204019191102,0.0,0.3405204019191102,2.0465970585753226,0.13264078808867413,3.599795874821381,0.05124594181521524,0.007676179808299115,0.00025934749524110333,0.013763356366359647,0.0038355771764557556,0.7314162580122859,0.2996317307401148,5.686259431544668,5.750855864216545,val_self_probe_loss
37,1.942688424283338,1.942688424283338,0.1798297066229235,0.0,0.0,4.158882877567597,0.3573252995438162,0.0,0.3573252995438162,0.6909316378337884,0.12384804583570698,1.213051941148675,0.040707937643160934,0.0013500785347573669,0.0002396948657126491,0.00349479026444058,0.003345471086991597,0.7603588116025035,0.2975850675815285,5.641620880351488,5.641620880351488,0.21806748850005014,0.0,0.0,4.158882893390537,0.34360924973991347,0.0,0.34360924973991347,2.027814486869524,0.1436102410188373,3.5739702659930965,0.05879721171887858,0.007693242545462696,0.0002788524050019253,0.013653174220578549,0.004151068387049835,0.7309446730969115,0.3035044114782203,5.641620880351488,5.686259431544668,val_self_probe_loss
38,1.9879098845529242,1.9879098845529242,0.17717379537686034,0.0,0.0,4.158882894317091,0.35741012009386175,0.0,0.35741012009386175,0.7123243793779749,0.12198355418561449,1.2369803726943016,0.03972330816400889,0.0013970741107610068,0.0002589139515919901,0.003654423236944554,0.0034211100128701145,0.7578101039063656,0.30120186960788775,5.579711063400559,5.579711063400559,0.20443893446130043,0.0,0.0,4.1588828696967655,0.3345872484008718,0.0,0.3345872484008718,2.0030530025656135,0.1318001761014417,3.5368754493118906,0.05704166888265136,0.0076185523956957685,0.00029909136908330236,0.013184982564904791,0.003829236161137312,0.7311879100266451,0.30278798771200716,5.579711063400559,5.641620880351488,val_self_probe_loss
39,1.9581282658034243,1.9581282658034243,0.1793112738137711,0.0,0.0,4.158882854537042,0.34495128139967973,0.0,0.34495128139967973,0.6932315154984577,0.12418540184407544,1.2262892031686383,0.03963552315593682,0.0013879731727948538,0.00025605494684246335,0.0034284047493874682,0.003363458521492395,0.7583577326702365,0.30179978218481646,5.5024016041146675,5.5024016041146675,0.22455060991071027,0.0,0.0,4.158882691993476,0.32571577877731794,0.0,0.32571577877731794,1.970547043278767,0.14399087752984918,3.492099083686733,0.06502981746557707,0.007591459534444805,0.00032891504568916777,0.01273125053024764,0.004273753367387545,0.7316919568902958,0.3004060446845819,5.5024016041146675,5.579711063400559,val_self_probe_loss
40,1.8757525765501641,1.8757525765501641,0.194359981488645,0.0,0.0,4.158882770789573,0.34492046838272544,0.0,0.34492046838272544,0.6640078297731365,0.13201307570796897,1.1732053769359816,0.046710663587550105,0.0012686762296948398,0.00030292768850035735,0.0033373846224576654,0.003548708188850494,0.7577694649230505,0.3041128041519161,5.441363586297965,5.441363586297965,0.2367866685301621,0.0,0.0,4.158882703840362,0.32445256458306165,0.0,0.32445256458306165,1.9460534912025012,0.15183575407411,3.455574052234799,0.0693787102275152,0.0075518642634898854,0.0003522293615409445,0.012465883160996257,0.004463426427487631,0.732034754123747,0.3007559557879193,5.441363586297965,5.5024016041146675,val_self_probe_loss
41,1.8836299342999867,1.8836299342999867,0.1924362937489404,0.0,0.0,4.158882542577716,0.34208027195721114,0.0,0.34208027195721114,0.6648835604897937,0.1303206254062616,1.1801953777899856,0.04635037299405076,0.0012478831471222566,0.0002816979629165236,0.003379128549915547,0.0034387872977852904,0.7580223445311336,0.3070197932741121,5.403714812863965,5.403714812863965,0.2486142163506206,0.0,0.0,4.1588826179504395,0.32413962816599734,0.0,0.32413962816599734,1.9302911117343198,0.15955852842108803,3.433713416814781,0.07349249913490244,0.007509285197788503,0.0003765927752323003,0.012248476435754286,0.004781224096760801,0.7321575794901166,0.2998184043428172,5.403714812863965,5.441363586297965,val_self_probe_loss
42,1.8641518082400186,1.8641518082400186,0.20094420669271185,0.0,0.0,4.158882540484029,0.3389919989391687,0.0,0.3389919989391687,0.657844269003118,0.13420471926470226,1.1675891974403163,0.05117651959216686,0.0012394741858543807,0.00030195998527509857,0.0033949643716473707,0.0037841171156701913,0.7613785268184775,0.3021812617582495,5.314676747882959,5.314676747882959,0.2527903920004827,0.0,0.0,4.1588826179504395,0.3137835821379786,0.0,0.3137835821379786,1.8944505344474722,0.15825149130006755,3.3804703910230596,0.07924762759241999,0.007536316659266812,0.0003980322966504132,0.011998123964923868,0.004565535333753789,0.7334282709204633,0.2947041858797488,5.314676747882959,5.403714812863965,val_self_probe_loss
43,1.8053263133692297,1.8053263133692297,0.20949817245210695,0.0,0.0,4.1588826179504395,0.3301683705868496,0.0,0.3301683705868496,0.6347650282481597,0.13879828683369508,1.1319769886071853,0.05533307084750331,0.0011952386184201425,0.0003447285591679371,0.0033223389156682073,0.003969987253500016,0.7590659549286023,0.2976726979900532,5.240956838341048,5.240956838341048,0.28006286622944826,0.0,0.0,4.1588826179504395,0.3186277643493984,0.0,0.3186277643493984,1.8643220478237856,0.17693808947846015,3.337009599837272,0.08717695953937606,0.007521091289174749,0.0004507427097761697,0.011645162544612373,0.0051057103635187935,0.7316052049213315,0.306491337022426,5.240956838341048,5.314676747882959,val_self_probe_loss
44,1.7887509796854302,1.7887509796854302,0.21082542655104208,0.0,0.0,4.1588826179504395,0.3317490500427627,0.0,0.3317490500427627,0.6309088430015736,0.14077484719741487,1.1193376248063465,0.0543254837945807,0.0012417622658773709,0.0003899702153957521,0.0032469092963598708,0.003668715203851543,0.7573891149263351,0.3052146655929599,5.15153800182461,5.15153800182461,0.2909811325139881,0.0,0.0,4.1588826179504395,0.31439947915373384,0.0,0.31439947915373384,1.8288409730928563,0.17937432521063348,3.2831115456072393,0.09574704995575528,0.00745290973688684,0.0004896562817498448,0.01123689688157915,0.005204807115163399,0.7319675682124144,0.3043373738016401,5.15153800182461,5.240956838341048,val_self_probe_loss
45,1.8400554548208852,1.8400554548208852,0.20580010696771248,0.0,0.0,4.1588826179504395,0.32907136090500555,0.0,0.32907136090500555,0.6484209698973515,0.13627290667640915,1.1529333039210408,0.053826186842766605,0.0013328666810143604,0.0003778874661203379,0.00337613942576971,0.003460613226325841,0.7606067370897329,0.30520957312521113,5.086809516346418,5.086809516346418,0.30815163125162537,0.0,0.0,4.1588826179504395,0.314404573129571,0.0,0.314404573129571,1.8030862809384463,0.18808535634545806,3.2441483687476387,0.10421404597112295,0.007486442210003068,0.0005379953607257024,0.010919213114394546,0.0055291547746576875,0.7322256398497161,0.3032964519832445,5.086809516346418,5.15153800182461,val_self_probe_loss
46,1.8328688278483507,1.8328688278483507,0.20769398441102713,0.0,0.0,4.1588826179504395,0.32454430863964573,0.0,0.32454430863964573,0.646799766833758,0.13695185511290175,1.1474988804629194,0.055086411582766066,0.0012642530465378956,0.00039660689428761247,0.003376269682374927,0.003767127424180017,0.7583293146673594,0.3035971325720966,5.041601728115763,5.041601728115763,0.32458667892106574,0.0,0.0,4.1588826179504395,0.3083604329861469,0.0,0.3083604329861469,1.784257177373406,0.19985838350116836,3.217797279780187,0.10876902526603167,0.007460186232289195,0.0005426293748924589,0.01076356136031819,0.005817704968536215,0.732107548054701,0.30483726203811834,5.041601728115763,5.086809516346418,val_self_probe_loss
47,1.7493703828063414,1.7493703828063414,0.2217719290409601,0.0,0.0,4.1588826179504395,0.3151540905727906,0.0,0.3151540905727906,0.6136414064431785,0.1451899414855484,1.097071354131242,0.06087622641862813,0.001140325205108845,0.00040013898558037775,0.003168874421918818,0.0037821317152922683,0.761113230012251,0.3045502600764077,4.9695270913681995,4.9695270913681995,0.32147653928454617,0.0,0.0,4.1588826179504395,0.3039797150200198,0.0,0.3039797150200198,1.7557630965150661,0.19622320492075096,3.174232487488677,0.10938708400874404,0.007465886610747396,0.0005743133089471603,0.010456629134700142,0.005578955134336391,0.7323916589621431,0.30329533541424675,4.9695270913681995,5.041601728115763,val_self_probe_loss
48,1.781163235097862,1.781163235097862,0.2135957311818419,0.0,0.0,4.1588826179504395,0.3132942696761352,0.0,0.3132942696761352,0.6279363468919117,0.14041510021516443,1.1147083817954604,0.05748896124546798,0.001262810650189856,0.0004144436315902735,0.0031119802809278477,0.0038209994143114296,0.7578320623621851,0.3041192091649764,4.884450280182758,4.884450280182758,0.3575238827037515,0.0,0.0,4.1588826179504395,0.30205665963777106,0.0,0.30205665963777106,1.721319289578657,0.21665494377661196,3.1236464548132945,0.12473330515442613,0.007441680424037586,0.0006194303364536156,0.010122208404665675,0.006233321958342972,0.7322399619943607,0.3071489237850497,4.884450280182758,4.9695270913681995,val_self_probe_loss
49,1.6579342270075752,1.6579342270075752,0.2643925902708694,0.0,0.0,4.1588826179504395,0.31003578823431915,0.0,0.31003578823431915,0.5775805053430989,0.1685929528706422,1.0418289529413198,0.07996391752197046,0.0011608011751161847,0.00039546076446295224,0.0029393660938280353,0.004664382378496107,0.7588130704788686,0.30540842236593185,4.82137234423379,4.82137234423379,0.3637670451624793,0.0,0.0,4.1588826179504395,0.30066690941034635,0.0,0.30066690941034635,1.697470008893089,0.21767620293435103,3.084454923471933,0.12998081711901827,0.007325803399247244,0.0006164839382990016,0.010088139435244574,0.005859526357272212,0.7321371487949205,0.30739914982215216,4.82137234423379,4.884450280182758,val_self_probe_loss
50,1.6800747559038856,1.6800747559038856,0.24462053179740906,0.0,0.0,4.1588826179504395,0.3082469566004467,0.0,0.3082469566004467,0.5844665613024405,0.1585667148461457,1.0570303649763229,0.07024208690693068,0.0011636183861861338,0.0003119820767006975,0.0029844948671156036,0.004168173410054644,0.7597693880093739,0.3063382466132502,4.712803066910609,4.712803066910609,0.4012064528391228,0.0,0.0,4.1588826179504395,0.2969301083813543,0.0,0.2969301083813543,1.6532396902301296,0.23943221731030423,3.0201390217281068,0.14563143568587786,0.00729405696434945,0.0007236755224444972,0.009669668551661676,0.006358560828364784,0.732675622338834,0.30652042871676616,4.712803066910609,4.82137234423379,val_self_probe_loss
51,1.6347226328436288,1.6347226328436288,0.2774082821038369,0.0,0.0,4.1588826179504395,0.3023426047271745,0.0,0.3023426047271745,0.5614806511546725,0.17685193873524796,1.0348063272973023,0.08494527404463383,0.00117591631136943,0.0004656321176182853,0.0030990418317113338,0.00439900178084013,0.756637158299644,0.30109507319825146,4.655263813513314,4.655263813513314,0.41206042181631053,0.0,0.0,4.1588826179504395,0.2960391618450236,0.0,0.2960391618450236,1.6305404873420224,0.24340496253893243,2.985331367967384,0.15256189254129895,0.007219576670644336,0.0007111568086188046,0.009582201366729295,0.006184131459489187,0.732577630636855,0.30594758476529804,4.655263813513314,4.712803066910609,val_self_probe_loss
52,1.5587445035920315,1.5587445035920315,0.28341379428014535,0.0,0.0,4.1588826179504395,0.3028992948037471,0.0,0.3028992948037471,0.5391242865730653,0.17639573657748203,0.9810871592529617,0.09104458852359283,0.0010903721482188335,0.0005672232186199144,0.0031115744354558083,0.0047091327563672436,0.7589871654395345,0.3072150607402186,4.553761426845322,4.553761426845322,0.4483696437955643,0.0,0.0,4.1588826179504395,0.296856020918544,0.0,0.296856020918544,1.5911036537937033,0.2627746428577056,2.92326253173896,0.1692808392770033,0.0073317125739178314,0.0007542983918164344,0.009477066143303068,0.006367386113389493,0.7322942884812443,0.3097764355425509,4.553761426845322,4.655263813513314,val_self_probe_loss
53,1.5758551478500424,1.5758551478500424,0.2767418904718662,0.0,0.0,4.1588826179504395,0.29882634929192187,0.0,0.29882634929192187,0.5463752132256716,0.17121592582776962,0.9907564105104111,0.08959367685326662,0.0011439969588153403,0.0004799761302887005,0.0029672727490490064,0.0039868231256554795,0.7628163394367917,0.3082723025432926,4.476461160071889,4.476461160071889,0.47181633211996243,0.0,0.0,4.1588826179504395,0.29126662071447196,0.0,0.29126662071447196,1.5605433903756025,0.27549092758516347,2.876525845074945,0.1801582091713544,0.007340614637920361,0.0008334113388752162,0.00919406646313088,0.006688585578643294,0.7327403059657316,0.305799467778354,4.476461160071889,4.553761426845322,val_self_probe_loss
54,1.5222102105453954,1.5222102105453954,0.29162401361666973,0.0,0.0,4.1588826179504395,0.29715186972518653,0.0,0.29715186972518653,0.5305314833425092,0.1783522140361475,0.9530531184443167,0.09730775408144185,0.0011572205937509942,0.0005489504402217764,0.002821204952246987,0.004423959820421922,0.7610840489259797,0.3076882169681114,4.380831191929416,4.380831191929416,0.5083883912852092,0.0,0.0,4.1588826179504395,0.28974316856875926,0.0,0.28974316856875926,1.5231597667100105,0.2944166197539857,2.8182803800167595,0.1977721680106121,0.007392148308127667,0.0009029868867982942,0.008934373556642058,0.0070924542552172586,0.7329959362189963,0.30529189405974394,4.380831191929416,4.476461160071889,val_self_probe_loss
55,1.6117862087605945,1.6117862087605945,0.25898189682403067,0.0,0.0,4.1588826179504395,0.29238932732693057,0.0,0.29238932732693057,0.5604852727490643,0.16238965665764132,1.01263957558165,0.08078452692756635,0.0011880220600466974,0.00040596681204215553,0.0029492757899602863,0.003627044114495835,0.7613873882822357,0.3068703065588498,4.327615586080537,4.327615586080537,0.5203807714933194,0.0,0.0,4.1588826179504395,0.28945775728048007,0.0,0.28945775728048007,1.502412645753635,0.2997719244742245,2.7858321301231266,0.20445484667437971,0.007380361609744423,0.0009523578832023242,0.008731302725887274,0.007283797131862885,0.7330508141413979,0.30375104957485793,4.327615586080537,4.380831191929416,val_self_probe_loss
56,1.4854137923090047,1.4854137923090047,0.316638903301843,0.0,0.0,4.1588826179504395,0.28935930106694824,0.0,0.28935930106694824,0.5086276205696174,0.19363110018515822,0.9382510383651232,0.1073149664349993,0.001059093273566314,0.0005443305069605338,0.003062867659295405,0.00450030647631751,0.7592813061830372,0.30213448781475144,4.2356567593141,4.2356567593141,0.5589809406155385,0.0,0.0,4.1588826179504395,0.2872381167752402,0.0,0.2872381167752402,1.466922341773622,0.32088761404156685,2.729379068027534,0.22185559270567962,0.0073434370244500335,0.0009825738591005698,0.008608443447951261,0.007471494278320985,0.7331741907581779,0.3048982786836091,4.2356567593141,4.327615586080537,val_self_probe_loss
57,1.5699216593404501,1.5699216593404501,0.27906845236845257,0.0,0.0,4.1588826179504395,0.2829465838936367,0.0,0.2829465838936367,0.5452663439860655,0.17427962203842357,0.9861011111109009,0.08910607973892655,0.001153971995283266,0.00037480149778463206,0.0030554766473069,0.0037876451865930423,0.7592031092073208,0.3042057158525637,4.190557284222812,4.190557284222812,0.5717943349147435,0.0,0.0,4.1588826179504395,0.2804466867298813,0.0,0.2804466867298813,1.4496722942064892,0.3264558722051034,2.7015247124200976,0.2290704179416347,0.0074241376456281065,0.0010583418233526464,0.008524343354398998,0.007584745618254409,0.7330343786233701,0.3048993208393547,4.190557284222812,4.2356567593141,val_self_probe_loss
58,1.4695823072454801,1.4695823072454801,0.32271981903410113,0.0,0.0,4.1588826179504395,0.2825919993295366,0.0,0.2825919993295366,0.5080360433967982,0.19441392556503498,0.9231060775575503,0.1124769492416298,0.0010478907790235383,0.0005807166408724944,0.002988487513890259,0.004676699660857475,0.7575853813100202,0.3043219831196589,4.093038267022149,4.093038267022149,0.6184413599209015,0.0,0.0,4.1588826179504395,0.2808985719399423,0.0,0.2808985719399423,1.4126811489775222,0.35256771752552957,2.6410318555452093,0.24943924896557879,0.007384090887358042,0.0011027495755635236,0.008355916150186141,0.00789458506743522,0.7328697152389503,0.30738525138878675,4.093038267022149,4.190557284222812,val_self_probe_loss
59,1.4196609587425981,1.4196609587425981,0.35243245430135306,0.0,0.0,4.1588826179504395,0.2822511416627861,0.0,0.2822511416627861,0.48541310191988685,0.21157020078941313,0.8956029396698403,0.12483971241685744,0.001072909540544879,0.000499466082007912,0.0030317950080599714,0.004901218450649689,0.7614702840798773,0.30815124207479894,3.9739110295816977,3.9739110295816977,0.6628618042754091,0.0,0.0,4.1588826179504395,0.28099697976378923,0.0,0.28099697976378923,1.366873519159622,0.3722383613634554,2.5676927379873344,0.2743180032229479,0.00740832023050344,0.001190068789865617,0.008285013866257964,0.007740943054871067,0.7332830012585065,0.3046766626908912,3.9739110295816977,4.093038267022149,val_self_probe_loss
60,1.486451576675496,1.486451576675496,0.29614736802229896,0.0,0.0,4.1588826179504395,0.27619579561978874,0.0,0.27619579561978874,0.5070410466872557,0.18429872164611105,0.940832564382866,0.09602798385551745,0.0010855953950690755,0.0004856612099856358,0.002969915298456234,0.00425158017741784,0.7601916070958,0.3054816380682944,3.8951227123507803,3.8951227123507803,0.7051325503343381,0.0,0.0,4.1588826179504395,0.27797936227010644,0.0,0.27797936227010644,1.3363701909034287,0.3950733410090393,2.5194056913493816,0.2937197955498784,0.0074709909049770935,0.001291771210959065,0.008055243915364852,0.008151681571678253,0.7334712975143646,0.30402660925195824,3.8951227123507803,3.9739110295816977,val_self_probe_loss
61,1.5445010079526875,1.5445010079526875,0.28484784179539896,0.0,0.0,4.1588826179504395,0.2739919908876346,0.0,0.2739919908876346,0.5437356270297659,0.17314868572890824,0.9622431451334126,0.09602037061447467,0.001117080251634393,0.00048375094676873076,0.003059132490946035,0.003492801805956107,0.7587415353526923,0.30417137566041996,3.8366423266135756,3.8366423266135756,0.7336797956724345,0.0,0.0,4.1588826179504395,0.27797485832472024,0.0,0.27797485832472024,1.3149518372898816,0.4110071889778472,2.48239074919448,0.3061544017241516,0.007407304211353351,0.0013268377440468183,0.0077874537798509535,0.00870267607514625,0.7333791230035864,0.3063249884184843,3.8366423266135756,3.8951227123507803,val_self_probe_loss
62,1.3611096939405285,1.3611096939405285,0.3730848468553876,0.0,0.0,4.1588826179504395,0.2759879483676768,0.0,0.2759879483676768,0.4671115347303851,0.2178150394647234,0.8555429512481527,0.13937569544757958,0.0010131070435133534,0.0005436896712032482,0.0027456400210843406,0.004651320536961344,0.7585462385422573,0.3058612671170617,3.7314836553396273,3.7314836553396273,0.7698477591787066,0.0,0.0,4.1588826179504395,0.2781717196014357,0.0,0.2781717196014357,1.275414679054842,0.4261987026063552,2.4168077057591923,0.327157925869344,0.0073223419594853215,0.0013813458412108087,0.007611731680830281,0.00867902555557905,0.7333874915327344,0.30555874183311227,3.7314836553396273,3.8366423266135756,val_self_probe_loss
63,1.3353419616229578,1.3353419616229578,0.3910023342045157,0.0,0.0,4.1588826179504395,0.272946662914609,0.0,0.272946662914609,0.4631436812649476,0.23085371521020434,0.8335134651170457,0.1442517241070499,0.0010899415864705278,0.0004769934270716296,0.0030407822447083687,0.004776801055749116,0.7621657175761285,0.3059994454703137,3.6310422232270425,3.6310422232270425,0.8323865243644448,0.0,0.0,4.1588826179504395,0.2761514678319789,0.0,0.2761514678319789,1.23839264069626,0.45931180073700334,2.3534023305111975,0.35646430372335713,0.007317435747733404,0.0014948473521008902,0.007556048725508963,0.008884936971705615,0.7332473530532411,0.30696304521945694,3.6310422232270425,3.7314836553396273,val_self_probe_loss
64,1.2427056994489531,1.2427056994489531,0.41094672874548566,0.0,0.0,4.1588826179504395,0.27077359847650834,0.0,0.27077359847650834,0.4259326342272477,0.2351055521309441,0.7782346388186061,0.1598610821457091,0.000970437770404492,0.0007116220382901415,0.002771156719266248,0.004951105888832757,0.7603729853384058,0.3061416559044014,3.5626614718750025,3.5626614718750025,0.861019008000445,0.0,0.0,4.1588826179504395,0.2716043364742528,0.0,0.2716043364742528,1.2128542022351523,0.4739724327087032,2.3105703692200668,0.3704464445064157,0.007357349163279232,0.0014968177310608853,0.0075541900912652615,0.008866581013744339,0.7328425686551917,0.3067854381866337,3.5626614718750025,3.6310422232270425,val_self_probe_loss
65,1.321363777224829,1.321363777224829,0.3933098821785264,0.0,0.0,4.1588826179504395,0.2629981823470014,0.0,0.2629981823470014,0.4464853577495734,0.2332900161440888,0.8363021846633695,0.14426409194305229,0.0011678944857401055,0.0007216515705504677,0.00301307447094411,0.004003509571141963,0.7596582970556391,0.3035001054684234,3.4615001122218483,3.4615001122218483,0.9202987566497756,0.0,0.0,4.1588826179504395,0.2678585551355196,0.0,0.2678585551355196,1.1751649319743795,0.5027281291181256,2.247126101088126,0.4010663578599136,0.00730696428809944,0.0015455728549252103,0.007199394235370091,0.009367283225429724,0.7332443237674903,0.30362440414310243,3.4615001122218483,3.5626614718750025,val_self_probe_loss
66,1.1568949874715406,1.1568949874715406,0.5261698334460463,0.0,0.0,4.1588826179504395,0.2653305657314286,0.0,0.2653305657314286,0.3862285862904774,0.30663036341593897,0.7320342254288225,0.20363516170576493,0.0009990963552241202,0.0007158221284028002,0.002966387121596718,0.005486127547178577,0.7617146237359743,0.3035346866962546,3.3693721428374697,3.3693721428374697,0.9675856147956404,0.0,0.0,4.1588826179504395,0.2679190670851595,0.0,0.2679190670851595,1.1413450842355928,0.5238100212321889,2.188844701503722,0.42729164688900023,0.007178735532270027,0.0015497335130840494,0.007237269349326813,0.008944003398078985,0.7332754103663546,0.30404282911964087,3.3693721428374697,3.4615001122218483,val_self_probe_loss
67,1.1909966092192774,1.1909966092192774,0.46121155807562375,0.0,0.0,4.1588826179504395,0.26486990279410727,0.0,0.26486990279410727,0.4021952064548395,0.26736663392326837,0.7502895592171065,0.17772954278528427,0.0011407086971618693,0.0008980185696058426,0.002878909726891949,0.004582941118355853,0.7587755291705336,0.3086517601060291,3.265044301875537,3.265044301875537,1.0379862376251576,0.0,0.0,4.1588826179504395,0.2681286482151991,0.0,0.2681286482151991,1.1035553307622463,0.5594008236614444,2.122296269178992,0.4619611727496065,0.007251640117433651,0.0016043672733176435,0.007079135346000794,0.00939069713555531,0.7334383922334043,0.30568130712331454,3.265044301875537,3.3693721428374697,val_self_probe_loss
68,1.036272949104644,1.036272949104644,0.5810749518360971,0.0,0.0,4.1588826179504395,0.25792449684946517,0.0,0.25792449684946517,0.3463862751468476,0.32476189472476424,0.6513668259914502,0.24036073975641237,0.001037694754167925,0.0008473490318861681,0.002983349327122717,0.005614628477081346,0.7592423554963783,0.3035806088690962,3.2007007374781073,3.2007007374781073,1.0902459928245278,0.0,0.0,4.1588826179504395,0.2666097659131755,0.0,0.2666097659131755,1.080731326060497,0.5852040292822426,2.080777792874666,0.48845351657176517,0.007167336316772025,0.0015374780013590675,0.007151048119983966,0.009234337705210639,0.7336954733599788,0.3056121211244453,3.2007007374781073,3.265044301875537,val_self_probe_loss
69,1.2083095982916139,1.2083095982916139,0.47071763209009015,0.0,0.0,4.1588826179504395,0.25783612936506156,0.0,0.25783612936506156,0.40139774017191354,0.2734450327169097,0.7684424416715142,0.1813714832310799,0.0009905387819069923,0.0006089052670393539,0.002845685795329319,0.004626372008933047,0.7587438196303685,0.30572478314524293,3.1042561272263343,3.1042561272263343,1.144440967288817,0.0,0.0,4.1588826179504395,0.2671138079640288,0.0,0.2671138079640288,1.0461045414272996,0.6094478619117174,2.0189222660760238,0.5183713375185819,0.007360807137696871,0.001617298139948085,0.007159787168370572,0.0091657941489949,0.733459620742324,0.3060173159060271,3.1042561272263343,3.2007007374781073,val_self_probe_loss
70,1.1268891138602233,1.1268891138602233,0.5031096628661605,0.0,0.0,4.1588826179504395,0.2553942039461743,0.0,0.2553942039461743,0.3852179365868462,0.2849966826246546,0.7031384985904188,0.20218922394715275,0.0010518313739328665,0.0007567746048855749,0.0027309437776605458,0.00485458189154373,0.7599323512301356,0.30498212202974523,3.0214986060948474,3.0214986060948474,1.1953961584971557,0.0,0.0,4.1588826179504395,0.2630831278073862,0.0,0.2630831278073862,1.0161669972954284,0.6335550624854076,1.966057304469348,0.5452164328940536,0.007463890667162367,0.0016920492356950027,0.007132944921017133,0.009189388437069351,0.7339004565099752,0.30565550460578494,3.0214986060948474,3.1042561272263343,val_self_probe_loss
71,1.0771444509486727,1.0771444509486727,0.536899935891678,0.0,0.0,4.1588826179504395,0.2525617679341826,0.0,0.2525617679341826,0.3611407453965081,0.29818075887130985,0.6774044874544397,0.22277779537166187,0.0010293016852527287,0.0008254030603479311,0.0027327487119585972,0.004665865043140375,0.7613724026538669,0.3053692473930794,2.9108307115756764,2.9108307115756764,1.2847526694491784,0.0,0.0,4.1588826179504395,0.2624704644361638,0.0,0.2624704644361638,0.9770332172943962,0.6756812902572362,1.8945449286325609,0.5925729720338438,0.007381214331640277,0.001665621195773931,0.006949502189487497,0.009553647234960697,0.7342421693831497,0.30253142877395106,2.9108307115756764,3.0214986060948474,val_self_probe_loss
72,0.9326073819143712,0.9326073819143712,0.6627613693377582,0.0,0.0,4.1588826179504395,0.24984665051446134,0.0,0.24984665051446134,0.31038146598303423,0.36994602203238286,0.5836414863978043,0.27676836340090116,0.0010534223150495136,0.0008417816191195315,0.002875935492022975,0.005826554044418683,0.76066954141129,0.3050773071143551,2.8255104613692863,2.8255104613692863,1.3437992365834135,0.0,0.0,4.1588826179504395,0.25989775183778374,0.0,0.25989775183778374,0.9471600407659313,0.702830340736401,1.8391264570162555,0.6244803375986793,0.007301657671271173,0.0016072722501686365,0.007187211844109878,0.009026752592509856,0.7335924424740098,0.30367996344655196,2.8255104613692863,2.9108307115756764,val_self_probe_loss
73,1.0703453243629337,1.0703453243629337,0.5389069914654241,0.0,0.0,4.1588826179504395,0.2496887807101502,0.0,0.2496887807101502,0.3576238362566373,0.298587750312264,0.674233438414404,0.22448441184163667,0.001124120200217449,0.000700562364505742,0.002994508558805545,0.004242333163109605,0.7581508367697573,0.30470851119341885,2.740292615471234,2.740292615471234,1.4056370387906614,0.0,0.0,4.1588826179504395,0.25946062433053246,0.0,0.25946062433053246,0.9170007563820861,0.7312992255417456,1.7840914408074726,0.6578287889353746,0.007342480753294644,0.0016638959529152557,0.006898516146986751,0.009424433271221307,0.7335009286122293,0.3030120345376293,2.740292615471234,2.8255104613692863,val_self_probe_loss
74,1.1551990478936456,1.1551990478936456,0.5371592629099782,0.0,0.0,4.1588826179504395,0.2487470758537037,0.0,0.2487470758537037,0.3903598608806909,0.29771400696948647,0.7263144371840944,0.2235152957210589,0.0012167728811187585,0.0008152981570456816,0.002938587489242959,0.004425868890365805,0.7585339461147589,0.305670972320565,2.6492994624820554,2.6492994624820554,1.495309509105564,0.0,0.0,4.1588826179504395,0.26096046081981306,0.0,0.26096046081981306,0.8852279947489292,0.774244463221627,1.7248292233453635,0.7044609400316472,0.007505089034809389,0.0016987040456889128,0.0067283148470230585,0.009820434823053779,0.7338622371602502,0.3039460687533669,2.6492994624820554,2.740292615471234,val_self_probe_loss
75,0.8850780093611006,0.8850780093611006,0.7082279376055878,0.0,0.0,4.1588826179504395,0.24668849664448905,0.0,0.24668849664448905,0.29326510987869175,0.38597189317713976,0.553289959780692,0.30627999598677674,0.0011761547293734833,0.0008709386620426896,0.0028392133646034847,0.00538004482735938,0.7588988422169775,0.3044064590619503,2.5605493081236106,2.5605493081236106,1.5701969829590425,0.0,0.0,4.1588826179504395,0.2606935250277845,0.0,0.2606935250277845,0.8546209037231617,0.8071238866411381,1.666710814450989,0.7464479876346655,0.007401868747619576,0.0016306319131946332,0.006859884333799691,0.009580205191759774,0.7336231436788666,0.305188176424607,2.5605493081236106,2.6492994624820554,val_self_probe_loss
76,0.7832004367879927,0.7832004367879927,0.9377836189861486,0.0,0.0,4.1588826179504395,0.24997606418789675,0.0,0.24997606418789675,0.2647443522692021,0.48630287377194437,0.4798545429235658,0.43543595548731434,0.0010395674768139626,0.0009256789057118331,0.0030671702212596292,0.005790317200945177,0.7606992390493399,0.3046863497481257,2.4806179065164757,2.4806179065164757,1.6291511666423046,0.0,0.0,4.1588826179504395,0.2624273190031881,0.0,0.2624273190031881,0.8268856883991903,0.8309867034972824,1.6145390782285458,0.7816111636666222,0.007323510462144514,0.0014808741226481504,0.007189708636417083,0.00888945459769981,0.7328659199779819,0.3058820242837349,2.4806179065164757,2.5605493081236106,val_self_probe_loss
77,0.9816959746729922,0.9816959746729922,0.672020764336497,0.0,0.0,4.1588826179504395,0.2486515177329992,0.0,0.2486515177329992,0.3310809771987302,0.35975249453512165,0.6120142566099452,0.2961707169682802,0.0011336294888533063,0.0008479679059001791,0.003089572248303635,0.00437270320183163,0.7601671029131708,0.30896585231031465,2.4265162003058824,2.4265162003058824,1.6811008223372956,0.0,0.0,4.1588826179504395,0.26033374148866406,0.0,0.26033374148866406,0.8085571675494846,0.8533231539663321,1.5787858748172197,0.8112764706638473,0.007193754652825253,0.0014610271496308341,0.00686289814715881,0.009382064964026444,0.7337665183943991,0.30395571822705475,2.4265162003058824,2.4806179065164757,val_self_probe_loss
78,1.0701516634620047,1.0701516634620047,0.5144839189562264,0.0,0.0,4.1588826179504395,0.24202362296675484,0.0,0.24202362296675484,0.36359520932673817,0.29061142682342184,0.6680823695901107,0.2078514822598232,0.0011359853993625402,0.0005525598865867106,0.0031010732923672174,0.00449329675747742,0.7575991652276199,0.3086702811207651,2.3221141008070165,2.3221141008070165,1.7844133174382382,0.0,0.0,4.1588826179504395,0.25966235986037284,0.0,0.25966235986037284,0.7728337227766003,0.9009989858691737,1.5100181770325865,0.8669184958388717,0.007551721251921826,0.0016559779467073363,0.006859835954556554,0.009401910312138266,0.7337657774087065,0.30283124624572183,2.3221141008070165,2.4265162003058824,val_self_probe_loss
79,0.8849557104359997,0.8849557104359997,0.6986668459277776,0.0,0.0,4.1588826179504395,0.23962231354969918,0.0,0.23962231354969918,0.2917700148577077,0.3833296564658112,0.5547572568076347,0.29957492022062565,0.0010521767893342867,0.00048020425490726313,0.0028528761515497617,0.004901624677250924,0.7576015690417243,0.30304100288386926,2.2397792086653086,2.2397792086653086,1.8626677746543232,0.0,0.0,4.1588826179504395,0.2575721346443484,0.0,0.2575721346443484,0.7446127090984898,0.9355239420666458,1.4559225368961368,0.9106363851189474,0.00750684857710846,0.0018514542354400789,0.006717235494552539,0.00947181292034408,0.733911892457038,0.3019441351387071,2.2397792086653086,2.3221141008070165,val_self_probe_loss
80,0.7755096778437152,0.7755096778437152,0.9255930336946714,0.0,0.0,4.1588826179504395,0.24723093079159733,0.0,0.24723093079159733,0.26179704319636626,0.4743129488338362,0.4749942818016599,0.43521160281822496,0.0011701611482830153,0.0008393440829723119,0.0031269339712451157,0.005431720230071044,0.7622627103629672,0.30630950065397144,2.167772661952406,2.167772661952406,1.9483954915256234,0.0,0.0,4.1588826179504395,0.25860958939753703,0.0,0.25860958939753703,0.7207649853499896,0.9722440428106311,1.4077518535604387,0.9596565875647046,0.007542413445589095,0.00177614207485767,0.006956828368743824,0.009182492975342255,0.7334898402972251,0.30265075949408254,2.167772661952406,2.2397792086653086,val_self_probe_loss
81,0.7699387129457539,0.7699387129457539,0.823193225670201,0.0,0.0,4.1588826179504395,0.2415134335421312,0.0,0.2415134335421312,0.2629084980624404,0.42018830141565805,0.46841072167845443,0.3870043257306586,0.0010703465721836267,0.0006609469734224106,0.0030822190413922154,0.004907291929485965,0.7608742771504609,0.3068925830914867,2.0525213160569438,2.0525213160569438,2.090897010072418,0.0,0.0,4.1588826179504395,0.25859379703583923,0.0,0.25859379703583923,0.6824020642616572,1.0340276993579747,1.3308640633093667,1.0402326452146684,0.0075840429861679885,0.0020168880774967283,0.006710704551251918,0.009562226381118161,0.7337630939039385,0.3035231154897939,2.0525213160569438,2.167772661952406,val_self_probe_loss
82,0.7126951240632851,0.7126951240632851,1.0542426981138215,0.0,0.0,4.1588826179504395,0.24304253988286928,0.0,0.24304253988286928,0.24814682416045378,0.5356924616446479,0.4261922349133064,0.5026609203282388,0.001042083077580984,0.000841088362962877,0.0028980955092796626,0.005501217694910147,0.756115130875689,0.3025772983104023,1.9822155619676438,1.9822155619676438,2.1476680684533918,0.0,0.0,4.1588826179504395,0.25731105584165326,0.0,0.25731105584165326,0.6582986696837296,1.0545157789489867,1.284677444639043,1.0765852910923477,0.007400765311544521,0.0019592201545645094,0.0070199692793196265,0.009063963565009398,0.733746451065407,0.3034149423149062,1.9822155619676438,2.0525213160569438,val_self_probe_loss
83,0.9345544575908836,0.9345544575908836,0.6489015193216494,0.0,0.0,4.1588826179504395,0.23593606219987837,0.0,0.23593606219987837,0.3101506374825434,0.34596953043380896,0.5858279142153585,0.2870775553572649,0.0010385783440006629,0.0006307084659056272,0.0031647278485310076,0.004311403236760831,0.7599947101852634,0.3053119967392064,1.9169326910506124,1.9169326910506124,2.2396965313309467,0.0,0.0,4.1588826179504395,0.2570377274514726,0.0,0.2570377274514726,0.6366999866585508,1.097622321305438,1.240994524745768,1.1253577389563463,0.007565300366646026,0.002106515158934966,0.006754328173177421,0.009525197211751333,0.7334324758245337,0.30474928336113877,1.9169326910506124,1.9822155619676438,val_self_probe_loss
84,0.6081719573108739,0.6081719573108739,1.1382781742825596,0.0,0.0,4.1588826179504395,0.2409736172068132,0.0,0.2409736172068132,0.20313483417958317,0.5859246571945961,0.366407424377116,0.5361753025477595,0.0010808468421732774,0.001120360958579608,0.00315743459560617,0.005874722830298981,0.7608749665622523,0.30621270019188934,1.85099211531859,1.85099211531859,2.3082607544912315,0.0,0.0,4.1588826179504395,0.2557425872879739,0.0,0.2557425872879739,0.6148405752567031,1.1224889437789503,1.1969462492364396,1.1692292224124121,0.007350149526438308,0.0018922277138710727,0.007062107911376826,0.008895890470536322,0.7332262722601802,0.30359846094380255,1.85099211531859,1.9169326910506124,val_self_probe_loss
85,0.6488940572993815,0.6488940572993815,1.0548527482344996,0.0,0.0,4.1588826179504395,0.2381769792308661,0.0,0.2381769792308661,0.21835567285362978,0.5301266815656496,0.3919341542444199,0.5087119060579757,0.0012081696675964105,0.0009126566472294405,0.003232750750420785,0.005567401618431971,0.7595788755348826,0.30458486803145884,1.7759884808513318,1.7759884808513318,2.3906879621725645,0.0,0.0,4.1588826179504395,0.255619782468547,0.0,0.255619782468547,0.5901171288768304,1.1521156043138192,1.146560070634189,1.2221264468089486,0.0075778049312536285,0.0019260057705543648,0.00732741828809741,0.00866502279456219,0.733681399259508,0.30196029873368163,1.7759884808513318,1.85099211531859,val_self_probe_loss
86,0.5867779501412231,0.5867779501412231,1.0303003819890393,0.0,0.0,4.1588826179504395,0.23213592717990394,0.0,0.23213592717990394,0.20265846811316734,0.5238729729332463,0.34549590045510575,0.49045016471006214,0.001029212723660429,0.0007472489983892926,0.0029428729737120242,0.005157559009833194,0.7614396467690411,0.3054941038137995,1.749999342775493,1.749999342775493,2.353536655212411,0.0,0.0,4.1588826179504395,0.2462203412877847,0.0,0.2462203412877847,0.5818904849370907,1.123879141920472,1.1287532412325558,1.2137049012325751,0.007569044403291108,0.0019416453780751728,0.007624776299640837,0.00818151460457246,0.7340192702246009,0.29298079754254835,1.749999342775493,1.7759884808513318,val_self_probe_loss
87,0.5550595491911917,0.5550595491911917,1.215509201035018,0.0,0.0,4.1588826179504395,0.23605270163615108,0.0,0.23605270163615108,0.19815673698332778,0.5882080160694771,0.3182950499932702,0.611216311149798,0.00112140057211063,0.0013082935815968341,0.003632075921555676,0.005235897501599367,0.7592837945297443,0.3046848626743949,1.6281157131104365,1.6281157131104365,2.569011101857846,0.0,0.0,4.1588826179504395,0.25456159714586246,0.0,0.25456159714586246,0.5415102796692702,1.2206849161512363,1.047409047220793,1.3318107336100122,0.007270472014311307,0.0017401354378996769,0.007358282789304529,0.00883973838460649,0.7328606975374755,0.3039286636417697,1.6281157131104365,1.749999342775493,val_self_probe_loss
88,0.5727074111389604,0.5727074111389604,1.1347601108997243,0.0,0.0,4.1588826179504395,0.2349594368565619,0.0,0.2349594368565619,0.19864062100248137,0.5574732395021897,0.33525363114917023,0.5611442732374244,0.0009844837386381396,0.0006532221445798121,0.003229527762716863,0.004856277036129954,0.7648822748307732,0.30987080997091226,1.5469162832853032,1.5469162832853032,2.704649995757926,0.0,0.0,4.1588826179504395,0.2548982216889814,0.0,0.2548982216889814,0.5145008294938583,1.277187417567887,0.9932103914943355,1.4109348020955967,0.0072982459871737595,0.0018678025462464372,0.007318658323275932,0.00904826630306031,0.7329742023663491,0.3031232305195021,1.5469162832853032,1.6281157131104365,val_self_probe_loss
89,0.6897798258439115,0.6897798258439115,0.9199593967290924,0.0,0.0,4.1588826179504395,0.2296772598075291,0.0,0.2296772598075291,0.2376420817549548,0.4448117914596321,0.4136434670447747,0.4592891113850994,0.0012166275262705363,0.0007885820510072067,0.0029925625142181327,0.004350115345488379,0.7578178462291261,0.30452663321395607,1.4795185658409729,1.4795185658409729,2.831971223309914,0.0,0.0,4.1588826179504395,0.25507668160503694,0.0,0.25507668160503694,0.49324546367658867,1.3293306332382355,0.9470373593293917,1.4860401130310312,0.0074617074240687425,0.0019852344921278214,0.0070670352986961695,0.009493299681832146,0.7332733208718507,0.3030971762556467,1.4795185658409729,1.5469162832853032,val_self_probe_loss
90,0.5611290303554741,0.5611290303554741,1.327694591196125,0.0,0.0,4.1588826179504395,0.23132539803057942,0.0,0.23132539803057942,0.19465068891505444,0.6433931898272521,0.32766413540833933,0.6681614095298113,0.0012092567319239558,0.0008543312819616148,0.00315425496059751,0.005263436178530594,0.7639295800980569,0.30800187869077195,1.406340913546289,1.406340913546289,2.9302802681460145,0.0,0.0,4.1588826179504395,0.25499997912726785,0.0,0.25499997912726785,0.468988326626905,1.3661661241550622,0.8981290849920663,1.5476523776168456,0.007370427144660256,0.001921913759552972,0.00713906063328017,0.009160538938660059,0.7333387349333081,0.30130586824061706,1.406340913546289,1.4795185658409729,val_self_probe_loss
91,0.629629840667469,0.629629840667469,1.0117126226457884,0.0,0.0,4.1588826179504395,0.23183660416911908,0.0,0.23183660416911908,0.21272418911913338,0.5174273490153343,0.378073938031457,0.47808006874660824,0.0011900242812006732,0.000874136291087548,0.0029270253102992826,0.0048733560701179944,0.7648299747973714,0.30998628229131814,1.364947510871643,1.364947510871643,2.999472932184335,0.0,0.0,4.1588826179504395,0.2548982102123106,0.0,0.2548982102123106,0.45532635921577674,1.3933814056911824,0.8703545505030555,1.589572371955475,0.007495949390996536,0.0019652140651448026,0.007142883210272314,0.009169866157383282,0.7335663006542632,0.30221778672674426,1.364947510871643,1.406340913546289,val_self_probe_loss
92,0.6468592783278744,0.6468592783278744,1.0528724983285471,0.0,0.0,4.1588826179504395,0.2250029721617306,0.0,0.2250029721617306,0.221010882454453,0.5065218659381573,0.38726718261792975,0.530659739649829,0.0010931808748273547,0.0009495509188642619,0.0034297733666307805,0.004080008955889112,0.7592986289546728,0.30090997725496177,1.2863487478877818,1.2863487478877818,3.165249347871875,0.0,0.0,4.1588826179504395,0.25572025979527774,0.0,0.25572025979527774,0.4300580685842574,1.4601287229090745,0.8170587346897755,1.6884111119954852,0.007474117029746792,0.0020149693635469687,0.00682339108092074,0.00981732332205504,0.7336237743404341,0.30448429851058106,1.2863487478877818,1.364947510871643,val_self_probe_loss
93,0.5476798359406897,0.5476798359406897,1.096513941851327,0.0,0.0,4.1588826179504395,0.2267158076772313,0.0,0.2267158076772313,0.19037250390135235,0.5266989754138741,0.31847191794492247,0.553642446146593,0.0009366463332363628,0.0008130837714236112,0.0028948712663093234,0.004394134244361215,0.7662350759809811,0.31059656113091727,1.2225066608292345,1.2225066608292345,3.2860251298602323,0.0,0.0,4.1588826179504395,0.25723305159474014,0.0,0.25723305159474014,0.4097610739658454,1.5097767517248295,0.7735423394102857,1.7593338806471377,0.007480363408266278,0.002021722279017052,0.006656500014117832,0.01028887534178562,0.7333480373302602,0.30760461591785737,1.2225066608292345,1.2863487478877818,val_self_probe_loss
94,0.48141353009790017,0.48141353009790017,1.254569624253149,0.0,0.0,4.1588826179504395,0.22924427115629323,0.0,0.22924427115629323,0.16306048243191057,0.5738806299922495,0.2784825137199918,0.6635459337207672,0.0012749732572412318,0.0010904532165991326,0.0029459290785825393,0.0043341697594426925,0.7851443670191174,0.3287414106265381,1.150799194269854,1.150799194269854,3.4442662265359987,0.0,0.0,4.1588826179504395,0.25320369255098496,0.0,0.25320369255098496,0.3871605909423706,1.5717436910045812,0.7244859461814327,1.8559356794015776,0.00732633820337226,0.00191801094387646,0.006382435660734078,0.010935778096202553,0.7336571497946792,0.3002754224013098,1.150799194269854,1.2225066608292345,val_self_probe_loss
95,0.4585280149528996,0.4585280149528996,1.3736655809614975,0.0,0.0,4.1588826179504395,0.22431091920081137,0.0,0.22431091920081137,0.17152260641672706,0.6415459921115316,0.2477715828217787,0.7154982460531867,0.0010564730203847614,0.0007594195585245758,0.0030801922022712616,0.005390543712233526,0.7732338057391337,0.31784843610094615,1.0974857953972883,1.0974857953972883,3.582747509575779,0.0,0.0,4.1588826179504395,0.2542876202312315,0.0,0.2542876202312315,0.3700833930648424,1.6257507155955948,0.6882785426088326,1.9403407222111217,0.007143247905942924,0.0019038972844648457,0.00658823987534154,0.010647466526256862,0.7335839149374399,0.3022973848425824,1.0974857953972883,1.150799194269854,val_self_probe_loss
96,0.5277845815609237,0.5277845815609237,1.5629126518621272,0.0,0.0,4.1588826179504395,0.2255157939394533,0.0,0.2255157939394533,0.18831630414566505,0.7151176331955306,0.30069767988341095,0.8316783095954311,0.0011399922748114178,0.0011250712944800838,0.0030985415504752576,0.005271803753416777,0.763514617010215,0.3061641699069156,1.0586359054428636,1.0586359054428636,3.5726686659621896,0.0,0.0,4.1588826179504395,0.25689595428683004,0.0,0.25689595428683004,0.35625125513186456,1.617931906388413,0.6632554591720149,1.9379784493296413,0.007229200966671754,0.001748665041050569,0.006654278240354605,0.010218468554005582,0.7331291577830819,0.3059892287905912,1.0586359054428636,1.0974857953972883,val_self_probe_loss
97,0.4432158138271744,0.4432158138271744,1.4074594267407834,0.0,0.0,4.1588826179504395,0.2292409517795142,0.0,0.2292409517795142,0.15135644517560887,0.650464112464539,0.25312683244494455,0.7409357135250559,0.0010268750749102872,0.0007279503130424654,0.002977806928403508,0.0049227878009710305,0.7635605570775356,0.30770594140046514,1.0003562309773442,1.0003562309773442,3.711044160105427,0.0,0.0,4.1588826179504395,0.2571464872323208,0.0,0.2571464872323208,0.33792220714924315,1.6712675524979645,0.6232849481639956,2.0230296076107654,0.007297428384020502,0.0019478962350595506,0.006312726094439533,0.010305657360257337,0.7338685052735465,0.30458610287364224,1.0003562309773442,1.0586359054428636,val_self_probe_loss
98,0.3534596569255469,0.3534596569255469,1.8229946969761937,0.0,0.0,4.1588826179504395,0.22825633009034899,0.0,0.22825633009034899,0.12859423319133392,0.8330091878722711,0.1862466404588666,0.9738827992095709,0.0010432259056144153,0.0009522236541270943,0.003094674999704002,0.005642482199686713,0.7609703532296399,0.3060073437400236,0.9785730675880954,0.9785730675880954,3.634218398921238,0.0,0.0,4.1588826179504395,0.2550251955941597,0.0,0.2550251955941597,0.329189772257778,1.631940714829827,0.6102478419580953,1.9857199790899105,0.007123846284772547,0.0017761161348033914,0.006750242972257692,0.009472233273655824,0.7335884332286645,0.30332566992096277,0.9785730675880954,1.0003562309773442,val_self_probe_loss
99,0.36429684747390767,0.36429684747390767,1.4244609506541104,0.0,0.0,4.1588826179504395,0.2266027627249057,0.0,0.2266027627249057,0.13397396262632896,0.665761799307215,0.19174408736617257,0.7427466209429908,0.001074311218613454,0.0006988444622096419,0.003133685464033311,0.005136975595312506,0.7599373054818448,0.3052823921066477,0.9178119911494093,0.9178119911494093,3.7943477153963183,0.0,0.0,4.1588826179504395,0.25479712924972087,0.0,0.25479712924972087,0.3098562045069122,1.691898425728638,0.5687827935517529,2.085870843713305,0.007176256232539926,0.0020033861103499096,0.0067369188406209675,0.009475768484487574,0.7341058578180231,0.3025945036307625,0.9178119911494093,0.9785730675880954,val_self_probe_loss
100,0.3375736798530876,0.3375736798530876,1.8849949486529134,0.0,0.0,4.1588826179504395,0.2269164599748134,0.0,0.2269164599748134,0.12790978769643965,0.8718896410238861,0.17108637380334993,0.9970464035296153,0.0009724799667318422,0.0007487309472861893,0.0031144800160180382,0.00582759438182762,0.7604591350524015,0.3057782512595703,0.9052056418558271,0.9052056418558271,3.696031240017518,0.0,0.0,4.1588826179504395,0.25290321535575466,0.0,0.25290321535575466,0.30455849015425823,1.6441421947494057,0.5614270570121057,2.0353677556907863,0.007056627753197927,0.001921677182774079,0.007401338160567286,0.008426760632822418,0.7343149973739008,0.30396708346301726,0.9052056418558271,0.9178119911494093,val_self_probe_loss
101,0.37219910334251843,0.37219910334251843,1.677434829011576,0.0,0.0,4.1588826179504395,0.2284558541524816,0.0,0.2284558541524816,0.13487044773059442,0.74624725962804,0.19835780982263426,0.9148243144440795,0.0012408913097586626,0.0009969354879801621,0.003003663827233736,0.00436779972125953,0.7672053186875143,0.3135423823847598,0.8541912504049561,0.8541912504049561,3.789888935522263,0.0,0.0,4.1588826179504395,0.2518407975479683,0.0,0.2518407975479683,0.28808409527019363,1.6774502243869793,0.5268592365947986,2.096069732871809,0.007276053810342119,0.0018635375058325984,0.007164126720860808,0.008814920755161076,0.7342492478974858,0.3004320115776536,0.8541912504049561,0.9052056418558271,val_self_probe_loss
102,0.3800054536365651,0.3800054536365651,1.4425644727687543,0.0,0.0,4.1588826179504395,0.22246804164413825,0.0,0.22246804164413825,0.12958965915879878,0.656992683475418,0.21151079612648122,0.7692274504640721,0.0008768111960752842,0.0008356333523981535,0.0027660920458353042,0.004816312514757687,0.7681836237237429,0.3130772300269025,0.7993976946526803,0.7993976946526803,3.9565764034386746,0.0,0.0,4.1588826179504395,0.2510050602766298,0.0,0.2510050602766298,0.27085985517366473,1.744015888027523,0.4892182517767832,2.196164993543224,0.007432933978578047,0.0019315292257764984,0.007011772190533023,0.009203053632699045,0.735204397521404,0.29984228822015085,0.7993976946526803,0.8541912504049561,val_self_probe_loss
103,0.28598644024192565,0.28598644024192565,1.7951011663930476,0.0,0.0,4.1588826179504395,0.22450968032676225,0.0,0.22450968032676225,0.10527649095525268,0.8029442927038499,0.14172919949416468,0.9757918241126085,0.0010906921455535157,0.0011578857251207837,0.0029976254217078733,0.005310938349320797,0.7681661070897995,0.310889461430446,0.7451017972614083,0.7451017972614083,4.113173210565348,0.0,0.0,4.1588826179504395,0.2542722945257744,0.0,0.2542722945257744,0.2533528904968537,1.801751349468409,0.452485239040685,2.2949953330478268,0.007303241479761178,0.0017702622604837477,0.0071490241824909585,0.009021366325999546,0.7344590788302214,0.3016356159441219,0.7451017972614083,0.7993976946526803,val_self_probe_loss
104,0.424610170694201,0.424610170694201,1.4443624839759162,0.0,0.0,4.1588826179504395,0.2159763051014962,0.0,0.2159763051014962,0.14748574892707111,0.658182591167161,0.2385843352697847,0.7703012803714604,0.001034549748979695,0.0008080343303736619,0.0029028152003444723,0.004570411066356004,0.7598233554025644,0.3043915160597352,0.7215683023844447,0.7215683023844447,4.0781398227681285,0.0,0.0,4.1588826179504395,0.24642194326249708,0.0,0.24642194326249708,0.2454661196242347,1.782314615497678,0.4367906547134152,2.279536275372418,0.007435844996936839,0.0018333811874089072,0.007091844520207656,0.009023398415457387,0.7348690306918221,0.2985696102151219,0.7215683023844447,0.7451017972614083,val_self_probe_loss
105,0.30620093805598897,0.30620093805598897,1.639168330035801,0.0,0.0,4.1588826179504395,0.215241369330268,0.0,0.215241369330268,0.11829526415125402,0.7561756937828991,0.14878879508778503,0.866441964125823,0.0009756488604942627,0.0009509452215118439,0.003006624333912141,0.005212674872248416,0.7714458562670895,0.31583269367364575,0.6575325304260535,0.6575325304260535,4.4322893012847215,0.0,0.0,4.1588826179504395,0.2524452732401605,0.0,0.2524452732401605,0.22570318405036321,1.9204205100580771,0.3924730631569111,2.495392047840616,0.007479998422461209,0.0018388616593465316,0.007061139493168373,0.008986162269048347,0.7356024517776063,0.3023746082131167,0.6575325304260535,0.7215683023844447,val_self_probe_loss
106,0.28699408015226036,0.28699408015226036,1.7330613187979396,0.0,0.0,4.1588826179504395,0.2160143261585225,0.0,0.2160143261585225,0.10293076663972191,0.8012514177517625,0.14542548788423137,0.915918113097434,0.001072203256191101,0.0006876102028645648,0.002872081210225428,0.004903167410028851,0.7616511867284513,0.3045927350267228,0.6250559663550453,0.6250559663550453,4.464532738377959,0.0,0.0,4.1588826179504395,0.2518054022922279,0.0,0.2518054022922279,0.21454523119682112,1.9242486270225567,0.3711252520367017,2.5238642313905197,0.007469399001780877,0.001914749784225266,0.007078454395906525,0.008870956385276796,0.7362062531228392,0.3010885045395134,0.6250559663550453,0.6575325304260535,val_self_probe_loss
107,0.3134874874842481,0.3134874874842481,1.7099113102376657,0.0,0.0,4.1588826179504395,0.21842459855043012,0.0,0.21842459855043012,0.11614647090974807,0.741261280819561,0.15848937763348958,0.9526987151251993,0.00134821974204799,0.0006012752701310938,0.0034179777901417255,0.0048318289697750925,0.7634558830774184,0.30635739288790687,0.5844259639357373,0.5844259639357373,4.611993945070675,0.0,0.0,4.1588826179504395,0.2542383227474201,0.0,0.2542383227474201,0.20203549510753072,1.9852146713167245,0.3430112417171252,2.6099846958911614,0.007501389517850873,0.0021966688748519046,0.007117486074031764,0.009302431122423006,0.7358426479449184,0.3063009329464125,0.5844259639357373,0.6250559663550453,val_self_probe_loss
108,0.34382037016942396,0.34382037016942396,1.705440143166206,0.0,0.0,4.1588826179504395,0.21644209649180737,0.0,0.21644209649180737,0.1292667360802546,0.7593841197298334,0.17502508580921838,0.9292059415638545,0.0011155193732091983,0.0009445588258180385,0.003499353477339292,0.005152107324271282,0.7779947188892428,0.3219744060290763,0.5674765789592118,0.5674765789592118,4.5310538646227085,0.0,0.0,4.1588826179504395,0.24932001531124115,0.0,0.24932001531124115,0.19605219541175395,1.9457050016763047,0.3320145382609519,2.5688461573181316,0.007479500441415371,0.002064316735526721,0.007400119096555556,0.00891398769074484,0.7359989585343355,0.3019089835771122,0.5674765789592118,0.5844259639357373,val_self_probe_loss
109,0.33018483987035135,0.33018483987035135,1.7480392517229597,0.0,0.0,4.1588826179504395,0.22075391684287726,0.0,0.22075391684287726,0.1235193019072422,0.7818219905921578,0.1677337326048071,0.94995224785211,0.0012435184046804995,0.001385575138093072,0.0030547429481112324,0.004524858932713155,0.7663093276002928,0.3093223605472615,0.5220073961323093,0.5220073961323093,4.805408230757121,0.0,0.0,4.1588826179504395,0.25121105217045137,0.0,0.25121105217045137,0.18153774108945953,2.04939990698921,0.3010636197738581,2.7394383726554765,0.007493936471834125,0.0021039347316642158,0.0068069310520445896,0.009672089168940735,0.7370366030228064,0.30153025751528534,0.5220073961323093,0.5674765789592118,val_self_probe_loss
110,0.22597024019329137,0.22597024019329137,2.0708524734108953,0.0,0.0,4.1588826179504395,0.22087500214118727,0.0,0.22087500214118727,0.08114410306477324,0.9125177783873157,0.10606045483250649,1.1421205231472114,0.001222544665016187,0.0010138886187377456,0.003264637697824409,0.0058306697886396286,0.7626718899028623,0.30755200494657364,0.5273661309656519,0.5273661309656519,4.494628193308108,0.0,0.0,4.1588826179504395,0.24504056702489438,0.0,0.24504056702489438,0.18227053936050266,1.915613277358298,0.30561899512959934,2.562876890488663,0.007485254469666752,0.001865808904202715,0.007316016049416423,0.008435825574333254,0.7374725154838206,0.29655486826570876,0.5273661309656519,0.5273661309656519,val_self_probe_loss
111,0.3129947129902803,0.3129947129902803,1.5617336697884632,0.0,0.0,4.1588826179504395,0.21619746223108435,0.0,0.21619746223108435,0.10243602145491852,0.7003477625507947,0.17161016705375406,0.8451607523590293,0.001068529933289769,0.0007550137705659623,0.00295524733932331,0.004657692397596022,0.7677170965988209,0.31141462457559504,0.45601582686815945,0.45601582686815945,5.009128306685768,0.0,0.0,4.1588826179504395,0.25144092803416046,0.0,0.25144092803416046,0.1609989354352218,2.1224562289274256,0.2555301884226848,2.8700923536823173,0.0076300999355214645,0.0020677573222133527,0.006593946149856176,0.009555248018666546,0.7383956751838234,0.30214222488196,0.45601582686815945,0.5220073961323093,val_self_probe_loss
112,0.2772633791149775,0.2772633791149775,2.062152898043361,0.0,0.0,4.1588826179504395,0.21795738075423318,0.0,0.21795738075423318,0.10530302562708961,0.9172434582243112,0.133271867616877,1.128818427653151,0.0009390391415882392,0.0008742169126054459,0.003025085912492437,0.005282999867288156,0.7630241869179006,0.30688178127081545,0.526519633899009,0.526519633899009,4.341012768308569,0.0,0.0,4.1588826179504395,0.2401273810530301,0.0,0.2401273810530301,0.18370739061686192,1.8495067059993744,0.30330410187554935,2.4750638546346924,0.007426012118772881,0.0017544783269208299,0.007436361740508134,0.008466919496516633,0.7381598753218325,0.3031385814921456,0.526519633899009,0.526519633899009,val_self_probe_loss
113,0.27510584998389237,0.27510584998389237,1.810382908216292,0.0,0.0,4.1588826179504395,0.21356308095476106,0.0,0.21356308095476106,0.0986597519327041,0.8143523585881413,0.13776356031970988,0.9800721994579722,0.0010284934165804727,0.0008841436517419419,0.002891208597646237,0.004632164594338048,0.7627258567072034,0.30548101398607247,0.44350880900432604,0.44350880900432604,4.734377197042015,0.0,0.0,4.1588826179504395,0.2442376519212071,0.0,0.2442376519212071,0.15586838190680982,1.9996055374789683,0.24810190604687293,2.7182356292405023,0.007500096216475336,0.0018122543679507449,0.0070054933666656525,0.00893822282419673,0.7392588331832649,0.30378197161307247,0.44350880900432604,0.45601582686815945,val_self_probe_loss
114,0.21616838216519904,0.21616838216519904,2.059559289860804,0.0,0.0,4.1588826179504395,0.21418108585833456,0.0,0.21418108585833456,0.08837544561479277,0.8991102099287784,0.08906808558495717,1.144422782094317,0.0011353444699522591,0.0008941922118713768,0.003049611005345288,0.005064498546761261,0.7627210333109163,0.30592517127844165,0.42228619363274633,0.42228619363274633,4.802691343176809,0.0,0.0,4.1588826179504395,0.24427825258755537,0.0,0.24427825258755537,0.14863274891438508,2.0211640395085264,0.2340803003294382,2.7649742425101236,0.0074146491059091995,0.001820490210696374,0.007079390885586046,0.008815328874740957,0.740231150055524,0.3043294630435683,0.42228619363274633,0.44350880900432604,val_self_probe_loss
115,0.18535150775663414,0.18535150775663414,2.1581574909053702,0.0,0.0,4.1588826179504395,0.2076296941607242,0.0,0.2076296941607242,0.07215552129113124,0.9329636709357721,0.07461749957455271,1.2093464708186759,0.0009340167182774215,0.0007730747356348385,0.0030078766303971148,0.005093175012865702,0.7608840272533907,0.3028973929837559,0.4175630844203952,0.4175630844203952,4.715105898169257,0.0,0.0,4.1588826179504395,0.2428197451629994,0.0,0.2428197451629994,0.1470995207247758,1.9780681251276353,0.23094427368389617,2.720578361996768,0.007289542987135019,0.0017312853920511827,0.007502675932464739,0.008291148321749353,0.7389333200010454,0.30395276798224596,0.4175630844203952,0.42228619363274633,val_self_probe_loss
116,0.27647197213019814,0.27647197213019814,1.5094339861958794,0.0,0.0,4.1588826179504395,0.20395916451737858,0.0,0.20395916451737858,0.09587956075357226,0.6576995234098183,0.14199522539664522,0.8359719157407037,0.001130890091115064,0.0007101908328600928,0.0029455525941153096,0.004186111448167053,0.7603982961465708,0.30332690830680853,0.3361081556179879,0.3361081556179879,5.317517259800286,0.0,0.0,4.1588826179504395,0.25036001048102885,0.0,0.25036001048102885,0.12103003067085924,2.2159190307492795,0.17548096403537422,3.0847522643805476,0.007660217416374756,0.002076221842855477,0.0066873971452381204,0.009449754731718057,0.7402674718673184,0.30763888229494507,0.3361081556179879,0.4175630844203952,val_self_probe_loss
117,0.1653929943081838,0.1653929943081838,2.320557247777802,0.0,0.0,4.1588826179504395,0.21239029888460326,0.0,0.21239029888460326,0.06895253746990118,1.0057811093742577,0.05780420579224759,1.2987330289573933,0.0010285447852565416,0.000984353146315566,0.003070497342628661,0.004991137584912643,0.7614412274371125,0.30596082637129446,0.32823322576858244,0.32823322576858244,5.24996860167995,0.0,0.0,4.1588826179504395,0.24777746626308986,0.0,0.24777746626308986,0.11715012490575821,2.1787792262360917,0.17148430957256453,3.0544667259807357,0.007527138168076834,0.001912823778624872,0.007080592803645485,0.008920929344047023,0.7401790500427625,0.30704627125899986,0.32823322576858244,0.3361081556179879,val_self_probe_loss
118,0.2673512744082447,0.2673512744082447,1.7179747196374426,0.0,0.0,4.1588826179504395,0.2074354863454691,0.0,0.2074354863454691,0.09515429001084798,0.7478550109689244,0.13340146605612385,0.9541040873921729,0.0010735535434522369,0.0005639200012275806,0.003018209236110719,0.004366941322213699,0.7645064032300244,0.30875961657544,0.29496571932982957,0.29496571932982957,5.487594214563044,0.0,0.0,4.1588826179504395,0.2476696018476664,0.0,0.2476696018476664,0.1071072420689584,2.268446370959282,0.14818954356998112,3.2023574042695095,0.00774376405060822,0.002207014787518064,0.006615601930483852,0.009690042458596114,0.7414286736375797,0.3053990213767342,0.29496571932982957,0.32823322576858244,val_self_probe_loss
119,0.1860289654636226,0.1860289654636226,2.1059846570541514,0.0,0.0,4.1588826179504395,0.20638842390018028,0.0,0.20638842390018028,0.07884548621254224,0.9236526218305304,0.06811349327204715,1.1658863239685475,0.0010592657930066126,0.0008631408738446027,0.003164404845754611,0.005468017625229885,0.769774639514877,0.3136617965284739,0.2748063449047922,0.2748063449047922,5.610068617862944,0.0,0.0,4.1588826179504395,0.24894066691768835,0.0,0.24894066691768835,0.09980263812351764,2.306552943050491,0.13535080578247582,3.286823990046168,0.007529426496515704,0.00207020632039321,0.007018201045188706,0.00893235141527116,0.7413747740088042,0.30561990656467697,0.2748063449047922,0.29496571932982957,val_self_probe_loss
120,0.3592763480890857,0.3592763480890857,2.3507967888327514,0.0,0.0,4.1588826179504395,0.20761796900783752,0.0,0.20761796900783752,0.14037409589373384,0.9845037049768262,0.1795303030399571,1.3498347022506265,0.0012301898140323008,0.0011681106797868728,0.003352061259068557,0.004296908629178984,0.7745838004331034,0.31473337223448683,0.2801496340366809,0.2801496340366809,5.448721388482159,0.0,0.0,4.1588826179504395,0.24454240935929814,0.0,0.24454240935929814,0.1004329090721049,2.2392995985490933,0.14022272313302903,3.192898991934215,0.007103687704606589,0.001747870164446953,0.007045334271554436,0.00911305613254677,0.740271101271884,0.3034814259280329,0.2801496340366809,0.2801496340366809,val_self_probe_loss
121,0.3167485697798096,0.3167485697798096,2.08293296292048,0.0,0.0,4.1588826179504395,0.20558561217837223,0.0,0.20558561217837223,0.11405173928858191,0.8944173120902739,0.16398133011023655,1.1725759618413665,0.0011300747793158373,0.0007246918231499641,0.0030232578246117163,0.004983423287703213,0.7626130421912761,0.3052024182451543,0.2972547973720183,0.2972547973720183,5.187871623483503,0.0,0.0,4.1588826179504395,0.24010313843718226,0.0,0.24010313843718226,0.10695661640847506,2.134920256802384,0.15070321095633024,3.0363973912389612,0.007368319158649118,0.001796357757021436,0.007301500756568304,0.008578798177605785,0.7404546145326603,0.30493757628506013,0.2972547973720183,0.2801496340366809,val_self_probe_loss
122,0.3067865525541007,0.3067865525541007,1.777629330296286,0.0,0.0,4.1588826179504395,0.20735737557076203,0.0,0.20735737557076203,0.10944013294490906,0.7448538849058711,0.15841704833553338,1.016670145460381,0.0013112261629143053,0.0008069726241660721,0.0034184414383768217,0.004000945362920794,0.7651943083521302,0.3100692532981136,0.25436970917797236,0.25436970917797236,5.466753155270719,0.0,0.0,4.1588826179504395,0.24157426640483903,0.0,0.24157426640483903,0.09346868281154344,2.2359754862437335,0.12125102919092552,3.214402787612971,0.007665629183218427,0.0019886412891938557,0.006783550861870049,0.009278803997997033,0.7411047568232376,0.2990037635986849,0.25436970917797236,0.2801496340366809,val_self_probe_loss
123,0.17289283477448736,0.17289283477448736,1.942580809135861,0.0,0.0,4.1588826179504395,0.20116470346859075,0.0,0.20116470346859075,0.06634881890365603,0.8079529213427712,0.06755629516974435,1.1187124232936376,0.0011604284631491165,0.0006787962061120452,0.003133050585344524,0.004288573603428957,0.7676861740885922,0.30633805805058695,0.22719458506807036,0.22719458506807036,5.6903718276793915,0.0,0.0,4.1588826179504395,0.24646769834231147,0.0,0.24646769834231147,0.0848735813485308,2.325081040677817,0.1027917169780696,3.348350318996178,0.007704557776480034,0.002165915919520682,0.006521088086352076,0.009964608851970631,0.7390209053243909,0.3080429323711751,0.22719458506807036,0.25436970917797236,val_self_probe_loss
124,0.17889204562430064,0.17889204562430064,2.8915527606409546,0.0,0.0,4.1588826179504395,0.2065322162781798,0.0,0.2065322162781798,0.08030083443883615,1.2053578163361183,0.05988091557122088,1.6699729945978843,0.0010537413660464726,0.0011372869586579863,0.003249876797861194,0.00585750435222386,0.7624374625449908,0.3070409827907575,0.4803554857415812,0.4803554857415812,4.471635469183418,0.0,0.0,4.1588826179504395,0.22407705720907412,0.0,0.22407705720907412,0.17385231517544536,1.8468086243786426,0.26700686874816787,2.6084351611659162,0.007309089002350594,0.001467010868520831,0.008493351635829725,0.007468281592884512,0.7363939055744906,0.30556878225403544,0.4803554857415812,0.25436970917797236,val_self_probe_loss
125,0.23666792931331632,0.23666792931331632,1.7690696708947977,0.0,0.0,4.1588826179504395,0.1953690510517156,0.0,0.1953690510517156,0.08020313845233813,0.748790175066167,0.1175011504588712,1.0043286207069682,0.0010628796843686636,0.0006106880812062772,0.003029913358077505,0.003725457511756377,0.7678984824964689,0.3085143049579813,0.293007611788763,0.293007611788763,5.15370932753597,0.0,0.0,4.1588826179504395,0.2324728923184531,0.0,0.2324728923184531,0.10723489430958624,2.1067699573425034,0.14622805645018352,3.03049904241672,0.0076743920851315905,0.001839050290411861,0.007295319309417644,0.008961341435650815,0.7379307719121068,0.30168858744342875,0.293007611788763,0.293007611788763,val_self_probe_loss
126,0.18868066576584502,0.18868066576584502,1.9822678236223341,0.0,0.0,4.1588826179504395,0.2012531691109179,0.0,0.2012531691109179,0.07034194505846068,0.8473726719552416,0.07972567971758994,1.1189436787702594,0.0009882711485069415,0.0007793011617870971,0.0027904138586235475,0.004643228963634938,0.7617387284824275,0.30584287447149483,0.22242172415258352,0.22242172415258352,5.58865928848893,0.0,0.0,4.1588826179504395,0.24266091951672336,0.0,0.24266091951672336,0.08264709255363074,2.2732747493323333,0.10031687700542512,3.298460142756378,0.007472127292779569,0.0018844783922612358,0.006829510671404763,0.009499373375756308,0.7381355858737637,0.310062816609507,0.22242172415258352,0.293007611788763,val_self_probe_loss
127,0.18944623565830854,0.18944623565830854,2.008417145513677,0.0,0.0,4.1588826179504395,0.20249292000915556,0.0,0.20249292000915556,0.06626896658129214,0.8469102922274959,0.08456439819211461,1.1455387942468427,0.001003518005558029,0.0008519886702815831,0.003222378018607603,0.004874147520769637,0.7607950903843316,0.30535242406387625,0.20500131675638028,0.20500131675638028,5.721050704349272,0.0,0.0,4.1588826179504395,0.23993888062349758,0.0,0.23993888062349758,0.07714503513712737,2.3197238593830827,0.08832765158601337,3.3846577268949947,0.007553930153928535,0.0019305172477429805,0.006706340084436656,0.009549110419238392,0.7393903043699561,0.3046395893422713,0.20500131675638028,0.22242172415258352,val_self_probe_loss
128,0.28181355993716306,0.28181355993716306,1.813167548336653,0.0,0.0,4.1588826179504395,0.19848744077229735,0.0,0.19848744077229735,0.10201629626019791,0.7665208821500826,0.14090961913969757,1.0305942321046941,0.0010802211965708743,0.000581774498152417,0.0031280617593070974,0.004421646540123728,0.7660956026824717,0.3092962216532715,0.1960662634152433,0.1960662634152433,5.810195815304051,0.0,0.0,4.1588826179504395,0.23872301454499642,0.0,0.23872301454499642,0.07511766845366183,2.3527419399585785,0.08140704839820077,3.44059466015293,0.0076061422295430215,0.0020589576391594503,0.006602069097628921,0.009952230179416282,0.739595970011646,0.3069693112965696,0.1960662634152433,0.20500131675638028,val_self_probe_loss
129,0.17904747915827351,0.17904747915827351,1.9800363534041214,0.0,0.0,4.1588826179504395,0.1970075250784207,0.0,0.1970075250784207,0.06699650365200904,0.8290478902593925,0.07330791598326976,1.1350688601380907,0.0010744298275206933,0.0009341485195061431,0.0028391516617674107,0.004567255973831253,0.7638106698131456,0.3045864315901839,0.16022925655016249,0.16022925655016249,6.157987327309129,0.0,0.0,4.1588826179504395,0.2449170780478057,0.0,0.2449170780478057,0.06231109583345444,2.4793598611162317,0.058345176299790975,3.6617375959393494,0.007760002534483669,0.0020522396287684973,0.00634569326207412,0.010362369197808344,0.7399682987550771,0.3068233841324445,0.16022925655016249,0.1960662634152433,val_self_probe_loss
130,0.14958587035324125,0.14958587035324125,2.645232511600469,0.0,0.0,4.1588826179504395,0.202916648251165,0.0,0.202916648251165,0.06332837655101663,1.0670847597845823,0.046856103172580967,1.5614662730696272,0.0011406595579318602,0.0009406829210245585,0.0030690114023818192,0.005272610460865004,0.7761864025558781,0.3183814251200428,0.1625304923549017,0.1625304923549017,5.995220152163728,0.0,0.0,4.1588826179504395,0.24009690021876223,0.0,0.24009690021876223,0.060271574415683,2.409011994552168,0.0627232588486318,3.5697625250214284,0.007468162641100591,0.0018237396605580904,0.006806106329027864,0.009677229983506504,0.7397599944046566,0.3004428055715857,0.1625304923549017,0.1625304923549017,val_self_probe_loss
131,0.1961033169535918,0.1961033169535918,2.718115823983361,0.0,0.0,4.1588826179504395,0.2079373301874793,0.0,0.2079373301874793,0.08382567927102291,1.1010497124082563,0.0731739321443468,1.600601885461634,0.0013307022536467377,0.0013379088753203443,0.003507937900297769,0.00521349090902374,0.7684047147549861,0.31216963232544986,0.1902561718540162,0.1902561718540162,5.685266204965041,0.0,0.0,4.1588826179504395,0.23487960912796282,0.0,0.23487960912796282,0.06826128969142525,2.28639171887999,0.08240812664897823,3.3825376914027405,0.007492134401246454,0.0018052943963237067,0.007166675662170656,0.009016432300476091,0.7399408920951511,0.29967595886739884,0.1902561718540162,0.1625304923549017,val_self_probe_loss
132,0.22649005543681844,0.22649005543681844,3.0371035993360924,0.0,0.0,4.1588826179504395,0.20512472915858782,0.0,0.20512472915858782,0.10141110744298683,1.260277660271208,0.08631717821871443,1.7607346178828835,0.001091787901910944,0.001041765678658688,0.0033060486713919124,0.005764399393708021,0.7631641235754597,0.3050909803282678,0.20413785623328656,0.20413785623328656,5.51290288822066,0.0,0.0,4.1588826179504395,0.23597309891111362,0.0,0.23597309891111362,0.06900752722921995,2.208829832095537,0.09556037391628491,3.287778221944243,0.007252716087672559,0.001510340114358351,0.007907711167932598,0.008024986802964755,0.7393201343391252,0.3022976665763381,0.20413785623328656,0.1902561718540162,val_self_probe_loss
133,0.15586909898745896,0.15586909898745896,2.2515239724736054,0.0,0.0,4.1588826179504395,0.20000468663928536,0.0,0.20000468663928536,0.057791539002721055,0.933827655980799,0.05907069652266678,1.3015802554217801,0.0010444481899482877,0.0006456512638268229,0.002990842621855777,0.004266648749850535,0.7689333003909868,0.3105603772185898,0.19008562771707588,0.19008562771707588,5.615464050762402,0.0,0.0,4.1588826179504395,0.24072608592347328,0.0,0.24072608592347328,0.06519137448428766,2.2496937480032075,0.08534955612372214,3.349134593157919,0.0073696381598819475,0.0017253404426550592,0.007618381324374574,0.008623236842360925,0.7388089395457913,0.3068409069724705,0.19008562771707588,0.1902561718540162,val_self_probe_loss
134,0.2273908449760122,0.2273908449760122,1.9459103691656425,0.0,0.0,4.1588826179504395,0.19750028820841295,0.0,0.19750028820841295,0.08680848570379023,0.8160912926410019,0.10179503417638275,1.1140472299064603,0.0012812887398507798,0.000588204527873853,0.003487630463184832,0.0042669880911851005,0.7623649866337572,0.3039614016805601,0.17180857351570397,0.17180857351570397,5.771409038431155,0.0,0.0,4.1588826179504395,0.23484453568177194,0.0,0.23484453568177194,0.05821652213394966,2.3028317559394775,0.07401963631963786,3.4521213596605738,0.007473189089543429,0.001968476366172304,0.007230120597144022,0.009000761383820487,0.7396222601025741,0.30127961850314405,0.17180857351570397,0.19008562771707588,val_self_probe_loss
135,0.15108237047521264,0.15108237047521264,2.140787184859997,0.0,0.0,4.1588826179504395,0.1949795289241129,0.0,0.1949795289241129,0.053159899749965885,0.8722281831221576,0.0588314271471683,1.2523705300381234,0.0011030453395497915,0.0008153052354223107,0.002922342471935828,0.004499398473482559,0.7704608831656882,0.3106935268961114,0.16274003059782596,0.16274003059782596,5.819970799806695,0.0,0.0,4.1588826179504395,0.2375733226722812,0.0,0.2375733226722812,0.05568470270517543,2.319773847734706,0.06753768650699199,3.4836380645135265,0.007462434761420685,0.0019832474193530324,0.0070999733162234015,0.009138532275021632,0.7388406847574696,0.3029838010020878,0.16274003059782596,0.17180857351570397,val_self_probe_loss
136,0.17706918656727877,0.17706918656727877,2.2211049974095545,0.0,0.0,4.1588826179504395,0.19581502801958475,0.0,0.19581502801958475,0.06523578225723933,0.9107569585156624,0.07303255577658586,1.294249551008843,0.000957101646831983,0.0007729834950684526,0.003051950607454439,0.0045722540668349885,0.7651275699931626,0.30895901864760533,0.15977509738588186,0.15977509738588186,5.848743949478828,0.0,0.0,4.1588826179504395,0.2364319766530339,0.0,0.2364319766530339,0.05511883495271391,2.3308468605883372,0.06516907947942013,3.501273368930687,0.007402541406330817,0.0020013005078620364,0.00705990648281801,0.0091986872981771,0.7386111539343129,0.30407608758588756,0.15977509738588186,0.16274003059782596,val_self_probe_loss
137,0.15409258026813702,0.15409258026813702,2.5645823796677405,0.0,0.0,4.1588826179504395,0.19872957759186152,0.0,0.19872957759186152,0.05725586170414473,1.0383473818571716,0.0582392049716166,1.5103078797565923,0.0008468415788640641,0.0008644839010757626,0.002739486107694723,0.005081597735551232,0.7622370937783945,0.30405792983250873,0.1606515619603003,0.1606515619603003,5.8013450147017185,0.0,0.0,4.1588826179504395,0.23538343071567347,0.0,0.23538343071567347,0.05475669939458509,2.3089137798325616,0.0663601631929184,3.476031251445482,0.007419472545011531,0.0019258208680670724,0.007173789455772303,0.008816141529610346,0.739248998416877,0.300731503074954,0.1606515619603003,0.1606515619603003,val_self_probe_loss
138,0.1465770513081001,0.1465770513081001,2.7903070133813257,0.0,0.0,4.1588826179504395,0.19924264756960613,0.0,0.19924264756960613,0.05227404495069408,1.1200928202739269,0.055171062343812145,1.6537242927389173,0.0009141382841167422,0.0009324890742422238,0.002655848901632981,0.005022131725961729,0.7727564253346457,0.31508823728718427,0.18065094767335038,0.18065094767335038,5.59694961065091,0.0,0.0,4.1588826179504395,0.23480170234019712,0.0,0.23480170234019712,0.061507593016053394,2.230082071530893,0.07966619417337435,3.3503812968800344,0.007248563109806693,0.001760707748883235,0.0073836111616898585,0.008487663890512788,0.7385333972688047,0.3039415345428893,0.18065094767335038,0.1606515619603003,val_self_probe_loss
139,0.14337742418606902,0.14337742418606902,2.2701063888018664,0.0,0.0,4.1588826179504395,0.1952604792938536,0.0,0.1952604792938536,0.05111293170323062,0.9123696500658335,0.05370101776448386,1.341821428514101,0.0009494770783132338,0.0007086325698860836,0.0028795116588306684,0.004543582743706445,0.7607629788563097,0.3056757574416411,0.1949719530154274,0.1949719530154274,5.505073555878231,0.0,0.0,4.1588826179504395,0.2325711341007896,0.0,0.2325711341007896,0.06684135190957452,2.19475109042218,0.08862462615224052,3.293825973687196,0.0073418383155219105,0.0017907718745122992,0.007418461472247236,0.008482681911276735,0.7385733975386768,0.30401078477409316,0.1949719530154274,0.18065094767335038,val_self_probe_loss
140,0.17816662385192844,0.17816662385192844,1.9921645768780085,0.0,0.0,4.1588826179504395,0.19391188779528917,0.0,0.19391188779528917,0.06505342046234401,0.8280777104697818,0.07431535008665006,1.1481063449469064,0.0010242949810772817,0.0005476261818324396,0.0027929320029886776,0.00429900065455463,0.7652494937475898,0.30827317214300026,0.17525491723501535,0.17525491723501535,5.630880564543771,0.0,0.0,4.1588826179504395,0.23256941389593278,0.0,0.23256941389593278,0.06009203789073118,2.2388851331627886,0.07566065222071194,3.3755634862304844,0.007392991259994176,0.0019292021078122755,0.007213114810708378,0.008675106982584835,0.7386531655832848,0.30164298119011873,0.17525491723501535,0.18065094767335038,val_self_probe_loss
