epoch,train_loss,train_self_probe_loss,train_cross_probe_loss,train_lambda_cross,train_lambda_proto,train_prototype_alignment_loss,train_latent_alignment_loss,train_latent_alignment_weight,train_feature_alignment_loss,train_self_probe_local_loss,train_cross_probe_local_loss,train_self_probe_region_time_loss,train_cross_probe_region_time_loss,train_self_probe_derivative_loss,train_cross_probe_derivative_loss,train_self_probe_frequency_loss,train_cross_probe_frequency_loss,train_self_probe_correlation_loss,train_cross_probe_correlation_loss,val_loss,val_self_probe_loss,val_cross_probe_loss,val_lambda_cross,val_lambda_proto,val_prototype_alignment_loss,val_latent_alignment_loss,val_latent_alignment_weight,val_feature_alignment_loss,val_self_probe_local_loss,val_cross_probe_local_loss,val_self_probe_region_time_loss,val_cross_probe_region_time_loss,val_self_probe_derivative_loss,val_cross_probe_derivative_loss,val_self_probe_frequency_loss,val_cross_probe_frequency_loss,val_self_probe_correlation_loss,val_cross_probe_correlation_loss,monitor_metric_raw,monitor_metric,monitor_key
1,2.5562907809025632,2.5562907809025632,0.10183214045382226,0.0,0.0,4.500797543907794,0.35656951958340166,0.0,0.35656951958340166,0.9968296344648601,0.04715327854737492,1.4983888042786053,0.03723304245199775,0.016377795901677022,0.03817134761097141,0.02556382362147063,0.055384667011634185,1.0884309479747987,0.04729031881012848,6.968469383183473,6.968469383183473,0.06222452940592855,0.0,0.0,4.3540715223513775,0.25711522598444303,0.0,0.25711522598444303,2.639519673164772,0.03152264957750066,4.270497407312996,0.020472285540207573,0.013753290227411882,0.019237539250843275,0.034394811676896134,0.037997801990612694,1.0315093253710255,0.032408597931173275,6.968469383183473,6.968469383183473,val_self_probe_loss
2,2.515631948700982,2.515631948700982,0.08734863424831112,0.0,0.0,4.437563788354331,0.37771549650787917,0.0,0.37771549650787917,0.9673259318709112,0.04376860837218005,1.4933681119944897,0.029603295651817556,0.011601896333977433,0.028695251823338534,0.020226520673258374,0.043144132414450365,1.0002958549495324,0.0497700757910339,6.930888806440816,6.930888806440816,0.06250343962300638,0.0,0.0,4.332501772768008,0.32235106511145645,0.0,0.32235106511145645,2.6132926587131085,0.03523751061340297,4.264472176673713,0.018094735810105105,0.010637732465629992,0.015043327573293484,0.0294901073088881,0.029606585523911884,0.9503054437430009,0.04899406039751835,6.930888806440816,6.9496790948121445,val_self_probe_loss
3,2.4864945050194027,2.4864945050194027,0.08920748456576522,0.0,0.0,4.386140586777655,0.42110544073463924,0.0,0.42110544073463924,0.9465662237138177,0.04951189051491631,1.4892496437030618,0.026602429535104992,0.009424207042023524,0.024341449787601027,0.016540284324784965,0.03364359522821089,0.9333705139212498,0.07286884762453065,6.89322735272024,6.89322735272024,0.06479454315874887,0.0,0.0,4.288689026921432,0.35593678214535207,0.0,0.35593678214535207,2.5905464106233596,0.041405748599064277,4.253273165995915,0.014337246126917579,0.009341743927281234,0.012636532891333473,0.026604710934938203,0.021756348923218916,0.8882294819221733,0.07433560342522141,6.89322735272024,6.930888806440816,val_self_probe_loss
4,2.460801811122083,2.460801811122083,0.09413667921177249,0.0,0.0,4.340363076437187,0.4520406448226075,0.0,0.4520406448226075,0.9289775638913677,0.05764757851639642,1.4843815825347975,0.023468278569264416,0.008284733334247485,0.02055671086900844,0.014227193619741042,0.027110738191103437,0.8789790559286081,0.1034114164771547,6.860903838059362,6.860903838059362,0.07310663922603086,0.0,0.0,4.261073536013964,0.3854463578010938,0.0,0.3854463578010938,2.570300955429488,0.050228679170889884,4.2435940827781,0.013110820956019141,0.00893567205241864,0.011145761005163932,0.025137927383184433,0.017151455724646585,0.8452197483607701,0.10531107016972133,6.860903838059362,6.89322735272024,val_self_probe_loss
5,2.439794582393507,2.439794582393507,0.09979957757613793,0.0,0.0,4.317266913329207,0.45603251087547786,0.0,0.45603251087547786,0.9149977232766073,0.06536593502458966,1.4792461427364143,0.02136426758017027,0.007455232413638993,0.016828561605503282,0.012603561028952655,0.02165692563359876,0.8485375458924621,0.13393082949777596,6.8318355285927,6.8318355285927,0.07959666181795345,0.0,0.0,4.257732992586882,0.38752578522848047,0.0,0.38752578522848047,2.553946661514155,0.05740421792920332,4.232335307470506,0.011873341367944427,0.008688273654906485,0.00906804102756407,0.024292896323843124,0.013470090659601348,0.8190273679561496,0.13410169376719813,6.8318355285927,6.860903838059362,val_self_probe_loss
6,2.424185269210655,2.424185269210655,0.10415496826008305,0.0,0.0,4.293890736890807,0.4623963412482181,0.0,0.4623963412482181,0.9066608869414429,0.07155565244404336,1.473331451871965,0.019761425906099157,0.0065821268346311955,0.013408600965067009,0.01140129448933901,0.017595082122738484,0.8281465524114447,0.15452464214402417,6.806257956285284,6.806257956285284,0.08279464472524868,0.0,0.0,4.2502534167366735,0.40483642364881056,0.0,0.40483642364881056,2.540574791442071,0.06085428431259919,4.221069267667506,0.011456741853067593,0.008422182115468758,0.007086443408213047,0.023649336820792243,0.01089872632129407,0.8028725835477343,0.15244270389124473,6.806257956285284,6.8318355285927,val_self_probe_loss
7,2.405223445543604,2.405223445543604,0.10963679693074964,0.0,0.0,4.275057709962947,0.46127237521856207,0.0,0.46127237521856207,0.8935360064122797,0.07778849130502516,1.4684515071482807,0.01883706668827327,0.005926724602534762,0.010637911831966216,0.010436578347060408,0.014582278102669051,0.8142150454672972,0.17787067835862236,6.776416272040665,6.776416272040665,0.09259117954636212,0.0,0.0,4.2393890167615425,0.41138658834540326,0.0,0.41138658834540326,2.5244183832409313,0.06993721828142309,4.208216711430469,0.011702305683576913,0.008319984731388782,0.00532766150437897,0.022998638209591835,0.008912973204245849,0.7880352668880676,0.1745688682017119,6.776416272040665,6.806257956285284,val_self_probe_loss
8,2.3858236650375058,2.3858236650375058,0.11295359356801152,0.0,0.0,4.259745848034923,0.4590832633584836,0.0,0.4590832633584836,0.8879229976631022,0.08104519631905822,1.4554310774749593,0.01896506994676446,0.005226170638030238,0.008394693779942102,0.009657985139249708,0.012114126353834385,0.8039442244528677,0.19266483321802283,6.746524527830922,6.746524527830922,0.09603823800079571,0.0,0.0,4.237804235138508,0.42975505668184033,0.0,0.42975505668184033,2.5114768254599587,0.07225154143590365,4.192061002088583,0.012213089390547934,0.008026673064259119,0.004028254365027876,0.022418702504256312,0.007314162218931669,0.7747742372640172,0.1967025297398893,6.746524527830922,6.776416272040665,val_self_probe_loss
9,2.3872876206472204,2.3872876206472204,0.11686623037581124,0.0,0.0,4.249299224723707,0.4733189693790105,0.0,0.4733189693790105,0.8861780215901222,0.08467006498516326,1.45931094702186,0.01900420929422821,0.004629077746110644,0.006682261618101636,0.008847583932791859,0.010308815955575944,0.7951308602690043,0.20981016984101053,6.72416704643217,6.72416704643217,0.09498082739966256,0.0,0.0,4.225606924258404,0.41754071812452,0.0,0.41754071812452,2.500663628720719,0.07195557093953495,4.180781563755518,0.011605711373274926,0.007939465027335042,0.003007573312761621,0.022017022906817056,0.006073152383222528,0.7707052906477674,0.2012067442725164,6.72416704643217,6.746524527830922,val_self_probe_loss
10,2.368533495891304,2.368533495891304,0.11900909514903499,0.0,0.0,4.23459069527334,0.466300711150227,0.0,0.466300711150227,0.8775048634869534,0.08710563262979756,1.4495834177349716,0.018471527460279632,0.00418242285821411,0.005312083176573335,0.008051019981319471,0.008565997530048882,0.7918914493038416,0.22494628390810492,6.699364276429326,6.699364276429326,0.08518945289231976,0.0,0.0,4.208955264239577,0.40729282268826267,0.0,0.40729282268826267,2.4903270482426936,0.06241396004739015,4.166559644928491,0.011489278399703666,0.00792616065051074,0.002366682080702382,0.02174515048329724,0.0047493512765359805,0.7664302902192063,0.20439217123926057,6.699364276429326,6.72416704643217,val_self_probe_loss
11,2.3571609592251277,2.3571609592251277,0.12392870000636146,0.0,0.0,4.218524353956941,0.4516406467861192,0.0,0.4516406467861192,0.872544866210641,0.09093929866469914,1.4436803197040418,0.019375417896768263,0.0037474712897725936,0.004230753565156008,0.007485892543922926,0.007407207677343249,0.7850101999079749,0.23631146900216782,6.66757456523291,6.66757456523291,0.10076059114118541,0.0,0.0,4.208114321927846,0.41409677193031547,0.0,0.41409677193031547,2.474017517910171,0.0755123040459541,4.151484616281557,0.013130698934405672,0.00784879966441221,0.0017254036050058485,0.021275754058473276,0.004441612297437668,0.759658786450854,0.22484154712339366,6.66757456523291,6.699364276429326,val_self_probe_loss
12,2.3442751223182574,2.3442751223182574,0.1260621272902588,0.0,0.0,4.2107360663974065,0.44835299129151096,0.0,0.44835299129151096,0.8646333354855473,0.09253424545903369,1.438975606487837,0.01953448988619934,0.0035074319709378623,0.003422370100236456,0.006972907760214269,0.006482536944895001,0.7818420513008612,0.24979091789798338,6.64370308919399,6.64370308919399,0.10682558110967186,0.0,0.0,4.200625206372752,0.40361997984951326,0.0,0.40361997984951326,2.463070720162312,0.08035304135880116,4.138779978967786,0.013933793329257772,0.007827220543635494,0.0012938164518741162,0.020978822324407627,0.003935777778905001,0.7559634025052467,0.23643427198718053,6.64370308919399,6.66757456523291,val_self_probe_loss
13,2.3349994583265974,2.3349994583265974,0.12956134099860878,0.0,0.0,4.202820963184344,0.44792766586093297,0.0,0.44792766586093297,0.8607973199803893,0.0948347513912538,1.4337857144523891,0.02075664191399461,0.0031765607767355038,0.002765326251344332,0.006727360978693948,0.005829466886115061,0.7789876475423149,0.2539134086421502,6.612141820353381,6.612141820353381,0.1123124533188269,0.0,0.0,4.19332460438983,0.41367295032702617,0.0,0.41367295032702617,2.4488083611167273,0.08392119726964406,4.121837058492144,0.01522846573743946,0.007786471566517248,0.000984449408838514,0.02069922334963589,0.003558706804554655,0.749609785420554,0.2512161943668164,6.612141820353381,6.64370308919399,val_self_probe_loss
14,2.3277828902308753,2.3277828902308753,0.13241872354998416,0.0,0.0,4.194228397373572,0.45194434648549386,0.0,0.45194434648549386,0.8576172812423709,0.09692787808395767,1.42990174687352,0.021274416027621302,0.0029025253569901514,0.002251431553084792,0.006458372626510887,0.0052183327642315435,0.7778462263153361,0.262634769621848,6.578856321028578,6.578856321028578,0.10460546492419628,0.0,0.0,4.187178037181404,0.4049001545269297,0.0,0.4049001545269297,2.433897762536216,0.07703424839777236,4.103457999676003,0.014884197453950873,0.007773945086002234,0.0007635097992635384,0.02036633235561482,0.0029979077433901174,0.750400095622732,0.2439269945488213,6.578856321028578,6.612141820353381,val_self_probe_loss
15,2.3218069672093824,2.3218069672093824,0.13075273087336126,0.0,0.0,4.185357463870169,0.42559727836649713,0.0,0.42559727836649713,0.8548729984042706,0.0959335949954819,1.4268505237771671,0.020802444476801924,0.002686063312535899,0.0017656622036400075,0.006070267672841688,0.004624109692732537,0.7760986791745761,0.2622572993276933,6.542096959079922,6.542096959079922,0.12102636070170017,0.0,0.0,4.18223055845462,0.40725992795843513,0.0,0.40725992795843513,2.416711990281893,0.09015369674433833,4.08417390617513,0.017298893817926046,0.007773247643888014,0.0005707522262732342,0.020145960370518315,0.0031234289964903955,0.7450648944200196,0.2623747953717013,6.542096959079922,6.578856321028578,val_self_probe_loss
16,2.3017644839674136,2.3017644839674136,0.13611573347275918,0.0,0.0,4.180097098931523,0.43539362929916803,0.0,0.43539362929916803,0.8482962780183285,0.0991012869989571,1.4136856314649502,0.022691987724780514,0.0024481966033982755,0.0014947659755687912,0.005914372453592824,0.004323775116374673,0.7715813185197723,0.2703277872697451,6.513433627252068,6.513433627252068,0.11751675712210792,0.0,0.0,4.17560735252333,0.39833819181282326,0.0,0.39833819181282326,2.4044604829876968,0.08710653272382221,4.067979877879727,0.01674228771850004,0.007757471698739057,0.000431370944571421,0.019930023868837226,0.0028030766710719986,0.7412173529589399,0.26559575503657323,6.513433627252068,6.542096959079922,val_self_probe_loss
17,2.275504281701424,2.275504281701424,0.1368307960511039,0.0,0.0,4.174334230328758,0.42485131979250357,0.0,0.42485131979250357,0.834241893620902,0.0998374010741907,1.4016637247164134,0.02247394213471337,0.002340984999475148,0.0011797554892693308,0.005657389050663442,0.0039296208882886345,0.7689548679816605,0.2766310345917188,6.476182405241065,6.476182405241065,0.12564953050998426,0.0,0.0,4.171431861308791,0.3939121861635528,0.0,0.3939121861635528,2.3874706795861402,0.0930628076612209,4.047746553810267,0.018615661047237074,0.007745261396905436,0.00034673418379706905,0.019718339501862754,0.0029488817589091404,0.7411438774618303,0.2717897734656837,6.476182405241065,6.513433627252068,val_self_probe_loss
18,2.2789018505327525,2.2789018505327525,0.14004147453509622,0.0,0.0,4.170805335437427,0.4300854991217738,0.0,0.4300854991217738,0.8319698510758996,0.10197784054030702,1.407366824791277,0.023366168757816767,0.002231961983559156,0.0010257824441636827,0.005405460788206935,0.003812851740812022,0.7693319463965398,0.28119467252826585,6.434444128055565,6.434444128055565,0.11057455990440357,0.0,0.0,4.168575926597074,0.3943798077402648,0.0,0.3943798077402648,2.3690758930368823,0.07921775060225718,4.024474955499404,0.017748311705748487,0.00771955773564271,0.0002457854310513376,0.019434197433075943,0.0022874909094448047,0.7404000429633242,0.2663660584399419,6.434444128055565,6.476182405241065,val_self_probe_loss
19,2.2614878534976266,2.2614878534976266,0.1415755702622243,0.0,0.0,4.167496274514727,0.4227900292752996,0.0,0.4227900292752996,0.8282503628884529,0.10272827517122651,1.3937635695056747,0.024220995803319663,0.0020239692646243355,0.0008102672970184134,0.005313046861201745,0.003517992814704285,0.7687322207523098,0.2814386392791237,6.418911072732128,6.418911072732128,0.11357507720497084,0.0,0.0,4.166287913825942,0.40479959482732025,0.0,0.40479959482732025,2.3625681540604844,0.08109586361957632,4.0155427197055165,0.01870612661290613,0.007682449948830785,0.00019885715911011588,0.01938205109497023,0.002222159996004023,0.7388266891426181,0.2700231528800467,6.418911072732128,6.434444128055565,val_self_probe_loss
20,2.237592121248842,2.237592121248842,0.1419826132438578,0.0,0.0,4.164984525100591,0.418402572592841,0.0,0.418402572592841,0.8179932031248881,0.1027911074304162,1.3802891203675636,0.024455914095976482,0.00200451648682683,0.000689938336275477,0.005022280660006049,0.00342832311566686,0.7661288153588707,0.2844055173949274,6.357802674081755,6.357802674081755,0.13416640802940227,0.0,0.0,4.163527435397509,0.37910501631150334,0.0,0.37910501631150334,2.335767891790186,0.09723777090262922,3.9813797727244564,0.02269512568224476,0.007665319509695064,0.00016219305644254344,0.018892536933681356,0.0026461271712301957,0.7369864705186453,0.27856700039057997,6.357802674081755,6.418911072732128,val_self_probe_loss
21,2.2414665441023662,2.2414665441023662,0.14487100496446523,0.0,0.0,4.162815495981997,0.4032849903360549,0.0,0.4032849903360549,0.8201941648164905,0.10448024525796805,1.382074279553215,0.025569198818715815,0.001950564622111275,0.0005774537910480853,0.004979542655917345,0.0033390449138172174,0.7642502017261953,0.2868658732111708,6.3302042438816395,6.3302042438816395,0.12908961836780822,0.0,0.0,4.161801640291392,0.3688138758543856,0.0,0.3688138758543856,2.322886134833329,0.09205148697639845,3.9667307848185995,0.02271427542711637,0.007692666698700202,0.00013199787021481564,0.018691091878507402,0.0023825655673971827,0.7358862900215647,0.2810519726380058,6.3302042438816395,6.357802674081755,val_self_probe_loss
22,2.226926565775494,2.226926565775494,0.14486140545976933,0.0,0.0,4.161315455263978,0.3884900932647002,0.0,0.3884900932647002,0.8107581946254594,0.10487713361349116,1.3769683698815847,0.02501409806814106,0.0018505915053394285,0.00047949064467649226,0.004821717699746367,0.0031765617688854033,0.7651036918883004,0.290652906004867,6.273807455201327,6.273807455201327,0.13721169790495996,0.0,0.0,4.160812300924929,0.370006081110202,0.0,0.370006081110202,2.2983469562836407,0.0977271934797675,3.9348413706713745,0.02528835315928326,0.00764975302671198,0.00012194811988705827,0.018305469607653804,0.0026181743600295843,0.7375314146835611,0.2780769265586545,6.273807455201327,6.3302042438816395,val_self_probe_loss
23,2.200700103766341,2.200700103766341,0.1474037301838071,0.0,0.0,4.160431118618644,0.3899003361504112,0.0,0.3899003361504112,0.8015686524336755,0.10650576347675333,1.359869242648867,0.02605846064199993,0.0018030576078598435,0.00041013089331678646,0.00466362859414324,0.003151769557370754,0.766902884719924,0.2884359169346572,6.229208076476866,6.229208076476866,0.14985262773792196,0.0,0.0,4.160039421934519,0.37327959078439277,0.0,0.37327959078439277,2.2778211681588743,0.10803791369247881,3.910952226370168,0.02674381814966476,0.007646985322664353,0.0001275644875626855,0.017933183694576485,0.0029735426181314154,0.734592227276808,0.2948329870745262,6.229208076476866,6.273807455201327,val_self_probe_loss
24,2.193100115364064,2.193100115364064,0.1497283357264051,0.0,0.0,4.159799583133568,0.39047170800906245,0.0,0.39047170800906245,0.800180762630001,0.10728066693480269,1.3537623153204092,0.027453354233722523,0.0017522359869399943,0.0003927334467790976,0.0045667273220151225,0.0031171789276285833,0.765247043152672,0.291688251475733,6.171273112597858,6.171273112597858,0.14005899091499932,0.0,0.0,4.159514607850069,0.3602682750047364,0.0,0.3602682750047364,2.254161904496575,0.09810149752945634,3.876632409340916,0.027732378924670426,0.007643892366499843,0.00012442706376182203,0.017648624652318413,0.0026292553712376713,0.7360619047413701,0.2786215825110489,6.171273112597858,6.229208076476866,val_self_probe_loss
25,2.175224454404886,2.175224454404886,0.15223641575004346,0.0,0.0,4.159378655786441,0.3816991406855808,0.0,0.3816991406855808,0.789658978722507,0.10883709767876289,1.3464988371056763,0.02844261042323908,0.00170086565422115,0.0003583819729237154,0.004524591844145548,0.003145327666850043,0.7637779628929532,0.29105157625138695,6.143832881651495,6.143832881651495,0.14787125633740278,0.0,0.0,4.159231707176066,0.35600810354540807,0.0,0.35600810354540807,2.2417991504576404,0.10431112788663888,3.861653581915296,0.02881824228658069,0.007653069373213698,0.00012112814230863902,0.017458890578839696,0.002694128067464053,0.7344157999346715,0.28884381833283795,6.143832881651495,6.171273112597858,val_self_probe_loss
26,2.101912355171077,2.101912355171077,0.15725188580485783,0.0,0.0,4.159148474817873,0.3772139350682268,0.0,0.3772139350682268,0.7629061902716805,0.11141380306198359,1.3000163142942505,0.03090431344512396,0.001496441065155902,0.00034033345635142075,0.004148207864295752,0.0032847935311357225,0.764018772854894,0.29040411072164674,6.06855601854391,6.06855601854391,0.15221909882489199,0.0,0.0,4.159064500228219,0.35426921966653435,0.0,0.35426921966653435,2.2096538169725988,0.10599118808966985,3.818600643189011,0.03144166083508952,0.007613522037758886,0.00013613765777505555,0.016880894027381372,0.0027799902191697995,0.7341982577898487,0.28948438056507464,6.06855601854391,6.143832881651495,val_self_probe_loss
27,2.1221298101132184,2.1221298101132184,0.15754288193717617,0.0,0.0,4.159014195171067,0.37539036112349855,0.0,0.37539036112349855,0.7677560944711272,0.11178062370396602,1.3154108008251215,0.03062208862126724,0.0015514130055274775,0.00030290800624431963,0.004174930837851848,0.0031431828137092562,0.7631529163319769,0.29500248458984785,6.011947744982954,6.011947744982954,0.15603169280549753,0.0,0.0,4.158967397227791,0.35383898649156464,0.0,0.35383898649156464,2.186133971206427,0.10844458243954255,3.785578754253292,0.03250013231097356,0.007587439289659274,0.00015328145777207932,0.01650096507278786,0.0029049911297661084,0.7337614594038969,0.2951631860703415,6.011947744982954,6.06855601854391,val_self_probe_loss
28,2.093563495291771,2.093563495291771,0.1612047694386295,0.0,0.0,4.158943624318496,0.37009901164915376,0.0,0.37009901164915376,0.750889555860871,0.11456309497748982,1.303742512165028,0.03147446383588204,0.001526555381245036,0.0002824455949400667,0.0041139058163798484,0.0031226057772403,0.7627680367093971,0.29568675827770674,5.946007843204537,5.946007843204537,0.16152812202709801,0.0,0.0,4.158921052210079,0.34579104555319556,0.0,0.34579104555319556,2.1571869183713512,0.11084415124995368,3.7486103925975445,0.03581365597613665,0.007566876773769831,0.00017026689879429745,0.01611016221815917,0.0029863723255809604,0.7341608490262713,0.29058226702376183,5.946007843204537,6.011947744982954,val_self_probe_loss
29,2.1168923987286283,2.1168923987286283,0.15640700519346643,0.0,0.0,4.158908920413707,0.3650098807136523,0.0,0.3650098807136523,0.7687533249399746,0.11097325553911054,1.3092888203744995,0.030340835973456846,0.0016006227528319093,0.00024650797504773486,0.004324296546543301,0.00301066533297926,0.7603534940961425,0.29460439782765513,5.885647529273392,5.885647529273392,0.16630269855445956,0.0,0.0,4.158898848184148,0.3474285037991423,0.0,0.3474285037991423,2.131183884962699,0.11297716177213266,3.714297678498031,0.03840056237018442,0.007573046652102692,0.00019882195381299802,0.01569776566914624,0.003093227696379427,0.7340590150459952,0.29131903966761524,5.885647529273392,5.946007843204537,val_self_probe_loss
30,2.007893732478014,2.007893732478014,0.17392033441595398,0.0,0.0,4.15889324498098,0.3655479638361905,0.0,0.3655479638361905,0.7188016684965101,0.12147018269244193,1.250233287936328,0.037118113424902954,0.0013443616888923907,0.00031089224378142864,0.0037517324983245568,0.003435323906563525,0.7629496453229735,0.29821567732992077,5.832339370831477,5.832339370831477,0.16239679373384264,0.0,0.0,4.158888852374154,0.34161206691161444,0.0,0.34161206691161444,2.109363676679338,0.10735009589828319,3.6828188364790253,0.04047993901445999,0.0075199737628236386,0.00021131414832102253,0.015425987442614083,0.002889244640766649,0.7346891351738332,0.2845001365087047,5.832339370831477,5.885647529273392,val_self_probe_loss
31,2.0085387330596323,2.0085387330596323,0.16866494602350973,0.0,0.0,4.15888658915079,0.35172767817777806,0.0,0.35172767817777806,0.7184906032684737,0.11849406124404442,1.2513117590913003,0.03498739830159984,0.0013702836338252763,0.00030164748573886346,0.0037495491586745184,0.003302466646695569,0.7603786607997739,0.29555656769927324,5.758503858833024,5.758503858833024,0.18711891816639753,0.0,0.0,4.158885013983117,0.341157593342088,0.0,0.341157593342088,2.0763545833319794,0.1266986886444299,3.6421188875564274,0.04521446440785383,0.007503946996977269,0.0002510986668092086,0.01489601851193674,0.0034328917596743716,0.7332861486429013,0.2959940322437642,5.758503858833024,5.832339370831477,val_self_probe_loss
32,2.0089330896489836,2.0089330896489836,0.17214066091143862,0.0,0.0,4.158884264635072,0.35718585091155397,0.0,0.35718585091155397,0.7239042247076132,0.11905966030942883,1.246232563120637,0.03758392010076313,0.0014225183324502427,0.0002803371475443896,0.0039011603709449326,0.0032953532355398953,0.7610131393541489,0.30194925954391616,5.707575427912037,5.707575427912037,0.20048556768375894,0.0,0.0,4.1588837878304235,0.32950569161717197,0.0,0.32950569161717197,2.0552243700378243,0.1361770347593734,3.6123171845560904,0.04907126669187723,0.007506117254249052,0.00027062163635548233,0.014633914634009811,0.0037320569780892373,0.7338818694864001,0.295928129313155,5.707575427912037,5.758503858833024,val_self_probe_loss
33,2.0764193745201167,2.0764193745201167,0.16468896382333942,0.0,0.0,4.158883314101285,0.34756001548761856,0.0,0.34756001548761856,0.7447103126921193,0.11643048990047593,1.2929940627076133,0.03308620590115483,0.0014787479341474825,0.00025643740324957787,0.00407960043765674,0.0030399437975363332,0.7587463832189433,0.2960832773592286,5.6638388046589885,5.6638388046589885,0.1976524067128667,0.0,0.0,4.158883094787598,0.338098209652101,0.0,0.338098209652101,2.03651158987423,0.12918968045193216,3.5873337364509723,0.05331339366641474,0.007501363485739913,0.00029306454543193865,0.014331861427675655,0.0034728394568209415,0.7336961673283429,0.2945758341262059,5.6638388046589885,5.707575427912037,val_self_probe_loss
34,1.9688256346875175,1.9688256346875175,0.17534200053837898,0.0,0.0,4.158883028313043,0.34794534011677514,0.0,0.34794534011677514,0.7021280127883154,0.1221014142494432,1.2279583358836619,0.037902234529035676,0.0013693061079454233,0.00028974938635871787,0.003577721811553441,0.0033274233071838885,0.7607838982873638,0.2986634595791935,5.58258363255155,5.58258363255155,0.21899092456568842,0.0,0.0,4.158882976318738,0.3258048179356948,0.0,0.3258048179356948,2.002815567486289,0.14751315394543713,3.539827593252271,0.056072722622974316,0.00747449611622214,0.0003259109543821368,0.013909434641549446,0.004081637397558885,0.7336134362665022,0.2983082175625037,5.58258363255155,5.6638388046589885,val_self_probe_loss
35,1.9272122274548569,1.9272122274548569,0.1864369155677561,0.0,0.0,4.158882948752947,0.34597052730268235,0.0,0.34597052730268235,0.6821038629537659,0.12831127844775417,1.2063944507635616,0.04272394192851794,0.0012919734392566125,0.00034433865981958175,0.0035637388249992624,0.003689084476668645,0.7606928465002586,0.2989340373504044,5.484423480881667,5.484423480881667,0.231248276157779,0.0,0.0,4.158882846002993,0.3283632438375343,0.0,0.3283632438375343,1.9617403773243847,0.1515666899843986,3.482795552836488,0.06426625836478628,0.007428100219863013,0.000381073823326751,0.013426573121318628,0.0041162028405468285,0.7337466319155249,0.2981688258070383,5.484423480881667,5.58258363255155,val_self_probe_loss
36,1.9453583031516568,1.9453583031516568,0.18370124839990512,0.0,0.0,4.158882860294681,0.34141111625798054,0.0,0.34141111625798054,0.6915662374381184,0.12693120350265868,1.2150189414457853,0.0413812864224225,0.0013484224493964959,0.00032434982332102847,0.0036303900559159336,0.003184026000360855,0.7614599271349274,0.29978537108058073,5.409590864345802,5.409590864345802,0.23966075382802798,0.0,0.0,4.158882881543651,0.3236572672121273,0.0,0.3236572672121273,1.9305285163431989,0.15534278359379827,3.439232660590538,0.06887669802602867,0.007390562000504394,0.00040932166563230023,0.0129663394856258,0.004321370986058891,0.7337121713605727,0.29813633276068646,5.409590864345802,5.484423480881667,val_self_probe_loss
37,1.931322077234019,1.931322077234019,0.1864200223944713,0.0,0.0,4.158882892223404,0.33491054478251714,0.0,0.33491054478251714,0.6877497551910595,0.12860602160463872,1.2049926614979718,0.04233629497956039,0.0013687180525277722,0.00031522617409611865,0.0037066632346710155,0.00325870425307471,0.7573349131710836,0.301460557822731,5.366876709188179,5.366876709188179,0.24315190236575857,0.0,0.0,4.158882917084309,0.3227371754853622,0.0,0.3227371754853622,1.9142416100630895,0.15375961081026504,3.4128132331190826,0.07413540334550675,0.007375118675938539,0.0004259954454897999,0.01281564738579754,0.004246893630982001,0.7339248498034033,0.2945138425190256,5.366876709188179,5.409590864345802,val_self_probe_loss
38,1.81581503271435,1.81581503271435,0.2144287598905134,0.0,0.0,4.158882915253958,0.33257832946552274,0.0,0.33257832946552274,0.6418792894733691,0.14273345827009493,1.1351780145992367,0.05619977768531026,0.0012461158095740915,0.000401564060357227,0.0034146808796668574,0.0038723451917036206,0.7620944711170133,0.30015793835292404,5.27497436196445,5.27497436196445,0.2724603141039055,0.0,0.0,4.1588829407780805,0.31398194861708223,0.0,0.31398194861708223,1.8755985148227918,0.17555132961791495,3.359595938305145,0.08150908990144175,0.007345848393761003,0.00047264027914098504,0.012435911389961491,0.0047532012845210225,0.7340015258107867,0.2961280932707816,5.27497436196445,5.366876709188179,val_self_probe_loss
39,1.7758960621482585,1.7758960621482585,0.2289940404054493,0.0,0.0,4.158882867099163,0.3300411229141457,0.0,0.3300411229141457,0.6253925834145524,0.15184366084741577,1.1119624625413007,0.06165290703438836,0.0012055283184745989,0.0004280365554784025,0.0033240226018431667,0.004122895230033101,0.7581451319967745,0.29956346763344943,5.17781632594903,5.17781632594903,0.2916524660143053,0.0,0.0,4.158882668299705,0.3144208364975378,0.0,0.3144208364975378,1.8358344710287378,0.18595002878526723,3.3022961737298817,0.09001229838786289,0.007256640297861811,0.0004975974155324298,0.012108776780020342,0.004830927011030523,0.7332126605584754,0.30165263658724956,5.17781632594903,5.27497436196445,val_self_probe_loss
40,1.795242573137668,1.795242573137668,0.2229023338934462,0.0,0.0,4.158882710072657,0.32868268150267826,0.0,0.32868268150267826,0.6309429021137148,0.14871218851251214,1.125604327019758,0.05845815670379038,0.0012431104844344042,0.00035189810569435676,0.0035244934297264906,0.004043762323688859,0.7606404980503505,0.30479277619676975,5.1080073054116335,5.1080073054116335,0.304284748546085,0.0,0.0,4.1588822240414824,0.31121206746338315,0.0,0.31121206746338315,1.8079065247033925,0.19201743452352768,3.2603970676637397,0.09669768735072258,0.007274340849311195,0.0005340737604360047,0.011922370692677448,0.0047845771631677145,0.7338558527993859,0.2991526776589222,5.1080073054116335,5.17781632594903,val_self_probe_loss
41,1.7217200605033127,1.7217200605033127,0.23774918948190796,0.0,0.0,4.158882477673427,0.32429813380168115,0.0,0.32429813380168115,0.6092024046240699,0.1552662073290047,1.073830412158949,0.06688276123823894,0.001236152527571434,0.0003841816598369815,0.0031649066040979374,0.003832408905838965,0.761235530826577,0.3024186720308959,5.02770231840033,5.02770231840033,0.3289309068125968,0.0,0.0,4.15888249948158,0.30550471818224983,0.0,0.30550471818224983,1.7755802404713927,0.20770036570311334,3.2124463961320866,0.10551530082264672,0.0073197095637551005,0.000592209839552022,0.011621038653954332,0.005136236740762125,0.7336832658844705,0.3010710425998854,5.02770231840033,5.1080073054116335,val_self_probe_loss
42,1.7439443278407554,1.7439443278407554,0.22491915296644593,0.0,0.0,4.15888255304615,0.3182386901519955,0.0,0.3182386901519955,0.6048469342287266,0.14999343651120933,1.100460705887649,0.05943455853991202,0.0012072647769225437,0.00036684024387548356,0.003251417443533474,0.0036372285314276403,0.7601920968222173,0.3007144790253184,4.9582352934995235,4.9582352934995235,0.3387777258335433,0.0,0.0,4.1588826179504395,0.3039234937718196,0.0,0.3039234937718196,1.7470846198533911,0.21144445983241805,3.171493458578953,0.11178817970516242,0.007293814459981206,0.000658947798091848,0.01130395036867548,0.005222512811121548,0.7340684048137309,0.29716210039506047,4.9582352934995235,5.02770231840033,val_self_probe_loss
43,1.6977315736212792,1.6977315736212792,0.244268234716943,0.0,0.0,4.1588826179504395,0.3147462315603878,0.0,0.3147462315603878,0.5879106845279376,0.16207247938138855,1.0712513921769085,0.06675676853037169,0.0013436401711353107,0.00048028969258596737,0.003098329968950338,0.004112897357473029,0.7584736090721859,0.2981525291857421,4.862691429495719,4.862691429495719,0.3706114400432717,0.0,0.0,4.1588826179504395,0.30331959357913235,0.0,0.30331959357913235,1.7080554985296652,0.23008523971675346,3.115017577074468,0.12477319409943516,0.007314061717530105,0.0007208297083198881,0.010975667759949653,0.005482531326203983,0.7338468139956457,0.3004908961538943,4.862691429495719,4.9582352934995235,val_self_probe_loss
44,1.780434146760651,1.780434146760651,0.22249871512014177,0.0,0.0,4.1588826179504395,0.31033730932177095,0.0,0.31033730932177095,0.6251685261505561,0.1479030792590161,1.1166837710874926,0.05916174660456233,0.0012279919175312033,0.000348867798797798,0.003345991923774334,0.0035894218851167106,0.7588041574580741,0.2997545969276868,4.811724856472718,4.811724856472718,0.38972071831270777,0.0,0.0,4.1588826179504395,0.30182452657207937,0.0,0.30182452657207937,1.6877537033063654,0.2414838708937168,3.084396223773347,0.13227507001749292,0.0073315377484736615,0.0007550502279673028,0.010722951787474757,0.005812259307073325,0.7333916148043568,0.3038353414639183,4.811724856472718,4.862691429495719,val_self_probe_loss
45,1.655603988318981,1.655603988318981,0.26533591904310444,0.0,0.0,4.1588826179504395,0.3102559489489387,0.0,0.3102559489489387,0.5740731085684359,0.17118182890403413,1.0428926826492524,0.07846261385897774,0.001215027946922964,0.00048160647762439423,0.0031494146894878766,0.00404058268388813,0.7603910245434775,0.3033403057429191,4.688197913816812,4.688197913816812,0.4269274339912841,0.0,0.0,4.1588826179504395,0.29871544167862174,0.0,0.29871544167862174,1.6398490527586906,0.26237711129906754,3.008783791471643,0.14869801242263142,0.007272233462188196,0.0008432082478116991,0.010409964925337653,0.006087363889926802,0.7341174448128813,0.300655674490129,4.688197913816812,4.811724856472718,val_self_probe_loss
46,1.5615821880432568,1.5615821880432568,0.2993344886128256,0.0,0.0,4.1588826179504395,0.305608625175139,0.0,0.305608625175139,0.5364867312185524,0.19268603397187758,0.986383887809322,0.09095908737558418,0.0011690496395492331,0.0005723714865761525,0.003109745841852106,0.004184643322786952,0.7621664713033599,0.3025564630520985,4.617194196637373,4.617194196637373,0.4357173170732415,0.0,0.0,4.1588826179504395,0.2953242189395502,0.0,0.2953242189395502,1.6109553637729253,0.26460590044626536,2.966707423560738,0.15523680668578754,0.007321299300704409,0.000823617139781022,0.010223768290670253,0.005930100280577491,0.7335642035703481,0.30151424348724554,4.617194196637373,4.688197913816812,val_self_probe_loss
47,1.6270128583083692,1.6270128583083692,0.25769824389895807,0.0,0.0,4.1588826179504395,0.30196281685263865,0.0,0.30196281685263865,0.5560651424276498,0.17048938461588584,1.0322908601768592,0.0716798738929168,0.0011330867876821636,0.0004035624161806841,0.002950266811743166,0.003967451578597554,0.7615712293547412,0.30062686042649556,4.541694312894381,4.541694312894381,0.46257967552783325,0.0,0.0,4.1588826179504395,0.29518821594878014,0.0,0.29518821594878014,1.5807492777948147,0.2771405403195701,2.9214420360252724,0.16960864965312228,0.007285254299101963,0.0009069071604685152,0.00989386905707789,0.006189632374845352,0.7338486123159065,0.29969614596100325,4.541694312894381,4.617194196637373,val_self_probe_loss
48,1.51512044304256,1.51512044304256,0.31431260188115284,0.0,0.0,4.1588826179504395,0.30057342211449056,0.0,0.30057342211449056,0.5166696796273459,0.19996792494302001,0.9597308370386967,0.09847450997725407,0.0011474365013489003,0.0007078126454691679,0.003124876084183389,0.004559260386023895,0.7624116375077308,0.30474580511957833,4.428631372587836,4.428631372587836,0.5157828475377575,0.0,0.0,4.1588826179504395,0.2882423859945736,0.0,0.2882423859945736,1.5367177771303155,0.31151618591006497,2.8524390992720075,0.18825811316022037,0.007302753217677407,0.0009004270845173818,0.009639565334351652,0.0067373037400441415,0.7336997474942889,0.3021943683950057,4.428631372587836,4.541694312894381,val_self_probe_loss
49,1.4981423080515457,1.4981423080515457,0.31421274818586337,0.0,0.0,4.1588826179504395,0.2969945481069525,0.0,0.2969945481069525,0.5159974670452684,0.19997536264662555,0.9434788762382206,0.09855404847253495,0.0012396647168119448,0.0005166494519622349,0.002963779473784109,0.0042229534045544696,0.7611922157844518,0.30263754198763165,4.33361213515449,4.33361213515449,0.5478866690804499,0.0,0.0,4.1588826179504395,0.2868324334947219,0.0,0.2868324334947219,1.5001675983318215,0.32850640026493844,2.7939986868657356,0.20338517647548954,0.0072932676736645755,0.0009404194461126987,0.009420251687453562,0.006955245444666802,0.7336176667154205,0.30129004950108734,4.33361213515449,4.428631372587836,val_self_probe_loss
50,1.5598542775660262,1.5598542775660262,0.2845345566092155,0.0,0.0,4.1588826179504395,0.29326424022275716,0.0,0.29326424022275716,0.5346688930247834,0.1833239761390749,0.9865802458858549,0.0855959286416434,0.0010395490896783802,0.0003974529996406467,0.0030671904575586746,0.0039725647026542105,0.7607712302066623,0.30236080730524073,4.261323749510027,4.261323749510027,0.5846812968946392,0.0,0.0,4.1588826179504395,0.28267181234330124,0.0,0.28267181234330124,1.4715139053484299,0.3501581607027824,2.7503600700104736,0.21840248332410958,0.007383327777240778,0.0010383884370430848,0.009272026506567848,0.007271984636910861,0.7335328465292913,0.3026766069927571,4.261323749510027,4.33361213515449,val_self_probe_loss
51,1.450880536966999,1.450880536966999,0.3400362357742569,0.0,0.0,4.1588826179504395,0.2883850945206819,0.0,0.2883850945206819,0.5002521520335346,0.20883856203435675,0.9119652487627925,0.11545544183321306,0.0011356597708519773,0.0006847681162539465,0.00318010965680129,0.004410642391156598,0.761224880438343,0.30259956100507834,4.136563840339551,4.136563840339551,0.6316556437230259,0.0,0.0,4.1588826179504395,0.28342179870753553,0.0,0.28342179870753553,1.4254050851909454,0.373501197521731,2.671772317466274,0.24185942122654885,0.007347393363550803,0.0010779734941973836,0.008993239416046682,0.007487646428440113,0.733004988905806,0.3055347174591159,4.136563840339551,4.261323749510027,val_self_probe_loss
52,1.4286975103433517,1.4286975103433517,0.35424385367842587,0.0,0.0,4.1588826179504395,0.28628273718836017,0.0,0.28628273718836017,0.4852484476054343,0.22242286884349605,0.9048730950581746,0.11611067359954216,0.0009737292497084526,0.0005963852086491524,0.00303082050971327,0.0046223012416630686,0.7605886749195346,0.30197990784660783,4.051045916095283,4.051045916095283,0.6695830617909846,0.0,0.0,4.1588826179504395,0.27828371154595605,0.0,0.27828371154595605,1.392312325103359,0.3931165719115586,2.619356252050594,0.2603113924598564,0.007286682036719415,0.001126977061526389,0.00880818245773383,0.007486801724649549,0.733494341188336,0.3024943174782747,4.051045916095283,4.136563840339551,val_self_probe_loss
53,1.3911152695858715,1.3911152695858715,0.3807701344236846,0.0,0.0,4.1588826179504395,0.2818236472381588,0.0,0.2818236472381588,0.4770321714191909,0.2318904344667195,0.8756328449900437,0.13327891433368202,0.0011654142764129633,0.0005773607299328768,0.003154691604758857,0.004723571442807774,0.7568691432410616,0.2996817875641238,3.945046944069381,3.945046944069381,0.7190932557449577,0.0,0.0,4.1588826179504395,0.27774955045362437,0.0,0.27774955045362437,1.3520559965956793,0.4185963987795092,2.553634620932515,0.28432522195836774,0.0072015371581796925,0.0011540076913367575,0.008784005665350474,0.007418749659461033,0.7335523970378852,0.30282595883245056,3.945046944069381,4.051045916095283,val_self_probe_loss
54,1.3832362969165706,1.3832362969165706,0.3916367997305977,0.0,0.0,4.1588826179504395,0.28013569952431416,0.0,0.28013569952431416,0.47135506451751474,0.24076167759858685,0.8731656717412526,0.13512371019915187,0.0011716796143605853,0.0005763409426435828,0.0031404967006918505,0.004387301276821303,0.7621722013968668,0.30337177509795693,3.867240248965273,3.867240248965273,0.7649923435279301,0.0,0.0,4.1588826179504395,0.2737887150012188,0.0,0.2737887150012188,1.3231162400279912,0.4461505405651116,2.504778815055937,0.302491241520826,0.007237284863973253,0.001206701929929651,0.00870789570216182,0.007636295575127931,0.7332999780311348,0.30570541516594263,3.867240248965273,3.945046944069381,val_self_probe_loss
55,1.3492924208240635,1.3492924208240635,0.37723937450727174,0.0,0.0,4.1588826179504395,0.2761874810662673,0.0,0.2761874810662673,0.46011175851733244,0.2306435379300892,0.8507100575333656,0.13114191794361096,0.001091097123277758,0.0005990254359756396,0.002840012328643771,0.004149063056233645,0.7582751004808428,0.297784912075876,3.811167426291645,3.811167426291645,0.7690718903304627,0.0,0.0,4.1588826179504395,0.2733237824825026,0.0,0.2733237824825026,1.3022622054483255,0.44286642404076476,2.469566290336227,0.3100460940127417,0.007225785976126125,0.0011897924438887023,0.008560109993273694,0.007662853160265671,0.7335335388316871,0.30191303225037475,3.811167426291645,3.867240248965273,val_self_probe_loss
56,1.4592553729684175,1.4592553729684175,0.34519671255356654,0.0,0.0,4.1588826179504395,0.2739808288219862,0.0,0.2739808288219862,0.5020151366842615,0.21308580527550303,0.9185093626452551,0.11615557028502062,0.001276435778648429,0.0004839062635250695,0.0029318960906892224,0.004109032046505783,0.7623692463048858,0.3084689571095874,3.7145639054060724,3.7145639054060724,0.8346004229709969,0.0,0.0,4.1588826179504395,0.2712319534017433,0.0,0.2712319534017433,1.2669307180905935,0.480470530549932,2.4082997249821143,0.3378084065415752,0.007294477889253194,0.0013006105573198205,0.008257613862974581,0.008230982003415361,0.7336762340172477,0.30346355304954953,3.7145639054060724,3.811167426291645,val_self_probe_loss
57,1.2410415392103231,1.2410415392103231,0.47681439169871687,0.0,0.0,4.1588826179504395,0.2738197951298514,0.0,0.2738197951298514,0.4204377564473812,0.28945720467295266,0.7818339520249552,0.17150544349214575,0.001264976988187209,0.0006116498592103276,0.003266976443686728,0.005315019009465149,0.7625369376591872,0.30334723519179746,3.5978316681471116,3.5978316681471116,0.8987302794959975,0.0,0.0,4.1588826179504395,0.27076668176591767,0.0,0.27076668176591767,1.2240725899381297,0.5095699807362897,2.3344133268602145,0.3729197235824251,0.007320281338150561,0.0013705284095380848,0.00828722184552863,0.007942581809594394,0.7337367349529859,0.3020742772528844,3.5978316681471116,3.7145639054060724,val_self_probe_loss
58,1.2452246093658401,1.2452246093658401,0.4416604226232229,0.0,0.0,4.1588826179504395,0.2747572989874692,0.0,0.2747572989874692,0.4175653334167243,0.2644135692493191,0.7888410197801962,0.16122414225878032,0.0010458830855906921,0.0007247161800729935,0.0030722437482930383,0.004631957833825904,0.7649899823867137,0.3075662504239611,3.490541532855504,3.490541532855504,0.959462650721858,0.0,0.0,4.1588826179504395,0.2715419721529351,0.0,0.2715419721529351,1.1858488046101392,0.5392636866858287,2.265371524023112,0.4039450904342884,0.007299115674659503,0.001382429973859617,0.00816880618959596,0.008096151707566673,0.7335870291875757,0.30197391025027875,3.490541532855504,3.5978316681471116,val_self_probe_loss
59,1.2675522567477369,1.2675522567477369,0.4197158288582751,0.0,0.0,4.1588826179504395,0.26893222840701186,0.0,0.26893222840701186,0.43401442479207275,0.256107954993337,0.7950414159937336,0.147762183494596,0.0010566369950634343,0.0005506110567790962,0.0028974863702613293,0.004732022061944008,0.7588516861102191,0.3046966351478736,3.414863986767227,3.414863986767227,1.0064971308160273,0.0,0.0,4.1588826179504395,0.2669534680450925,0.0,0.2669534680450925,1.157589112311567,0.5652286532502737,2.217942204523068,0.42498290811821543,0.007342901679011848,0.001483190715713723,0.008011598017439824,0.008261484165548677,0.7339139462257764,0.30177367918239617,3.414863986767227,3.490541532855504,val_self_probe_loss
60,1.1514600975894902,1.1514600975894902,0.5555995790089524,0.0,0.0,4.1588826179504395,0.2698220794797598,0.0,0.2698220794797598,0.39457993466370256,0.32630568106467583,0.7181776586509055,0.21335253655362535,0.000960125516446841,0.0007259878630794735,0.002948186221968538,0.005451690530839951,0.7633534434990616,0.3042938648411262,3.2984424387654347,3.2984424387654347,1.0910609171534917,0.0,0.0,4.1588826179504395,0.26606017027212225,0.0,0.26606017027212225,1.1165994161086283,0.6060563290248746,2.1425787490728943,0.4686442115430876,0.007140517726765442,0.0014024002679920305,0.008008861762069467,0.00809384350338083,0.733566821732136,0.3040063177576717,3.2984424387654347,3.414863986767227,val_self_probe_loss
61,1.2418429788148888,1.2418429788148888,0.4755175544519456,0.0,0.0,4.1588826179504395,0.2671136514873588,0.0,0.2671136514873588,0.4223141659349694,0.28071275873582,0.7808933560598466,0.17915106073030068,0.0011728179348943475,0.0005915331064690398,0.0031084630193145848,0.0039950286806995534,0.7606287177255465,0.3021271565415857,3.2470076849325475,3.2470076849325475,1.1146170073969763,0.0,0.0,4.1588826179504395,0.26406291599229254,0.0,0.26406291599229254,1.098403224458351,0.6167219523224772,2.109379368631736,0.48139479666693796,0.007140168903257426,0.0014712457702800116,0.007858424815522819,0.008416074539262871,0.7330804846671798,0.3058169550777222,3.2470076849325475,3.2984424387654347,val_self_probe_loss
62,1.1645271106000528,1.1645271106000528,0.5288777155914107,0.0,0.0,4.1588826179504395,0.26494522639739393,0.0,0.26494522639739393,0.39806663853542634,0.2995368791529428,0.7277585870037356,0.2134282567285811,0.001063922236959269,0.0007762430685535076,0.0030375383821782237,0.004631792652879716,0.7626421824506556,0.3051074845338103,3.144626212138567,3.144626212138567,1.194776901454659,0.0,0.0,4.1588826179504395,0.26198548346942996,0.0,0.26198548346942996,1.0610359197870036,0.6570745228749254,2.0443774549036013,0.5211045813098873,0.0072189435456002345,0.0014611172379168605,0.007606867010277111,0.008839407455615745,0.7329468886304346,0.30697169400149993,3.144626212138567,3.2470076849325475,val_self_probe_loss
63,1.0648814310308476,1.0648814310308476,0.6715985747906824,0.0,0.0,4.1588826179504395,0.2628849739726105,0.0,0.2628849739726105,0.36372027400181794,0.3813294710757049,0.6625857499717407,0.27436400016178875,0.00116059367236851,0.0006880415820798867,0.003120467742574304,0.00548288272885436,0.7594653777573687,0.3036956290513048,3.018246938514969,3.018246938514969,1.2811475593758666,0.0,0.0,4.1588826179504395,0.26074526676480075,0.0,0.26074526676480075,1.0170542188509373,0.6927325909274705,1.961972768985383,0.5719698798576636,0.007149891011655166,0.0014849770686794625,0.00769493082084155,0.008390315229894581,0.7332582892098042,0.3046959812596718,3.018246938514969,3.144626212138567,val_self_probe_loss
64,1.0559801947076024,1.0559801947076024,0.5902061377100966,0.0,0.0,4.1588826179504395,0.2582573279591214,0.0,0.2582573279591214,0.35673761056811765,0.3335464595848721,0.6606136442751969,0.2407535816881188,0.001024593437488194,0.0007581410868669442,0.002846630261526019,0.004668815889902838,0.7617631828745686,0.30499396091235065,2.928027082535421,2.928027082535421,1.3452668351046047,0.0,0.0,4.1588826179504395,0.25868714392555425,0.0,0.25868714392555425,0.9857184053716822,0.7212226241132857,1.9030943800816718,0.6076280185894937,0.007201361235647653,0.0015065059680004513,0.007560727375224001,0.008610696103770911,0.7331615823396245,0.3035679492891205,2.928027082535421,3.018246938514969,val_self_probe_loss
65,1.0789032306289044,1.0789032306289044,0.5574022073678991,0.0,0.0,4.1588826179504395,0.25864977861471417,0.0,0.25864977861471417,0.3640583326163958,0.31704367994935007,0.6762246503632692,0.2244247248361519,0.00112749614778259,0.000675918769021755,0.002859976632330407,0.0044328909424572165,0.7610469076426701,0.306430853486192,2.8416480571841416,2.8416480571841416,1.4167811956649983,0.0,0.0,4.1588826179504395,0.25864432298618817,0.0,0.25864432298618817,0.9550068405375857,0.7560316281196493,1.8473890658340746,0.6443117347181492,0.007314718934173713,0.0016567107290289382,0.007438714439569978,0.008858893089783118,0.7335954171530208,0.30275717766388605,2.8416480571841416,2.928027082535421,val_self_probe_loss
66,1.0310074664186175,1.0310074664186175,0.632802062570787,0.0,0.0,4.1588826179504395,0.25818864490865484,0.0,0.25818864490865484,0.3514640802695415,0.3497936224399296,0.6409029988224417,0.26699294254355516,0.0012637896134986303,0.0009120753443896457,0.002965309005435127,0.0049413745327311865,0.7605576311063296,0.30586698157334563,2.7402337304785016,2.7402337304785016,1.5159794968662794,0.0,0.0,4.1588826179504395,0.25774862177623725,0.0,0.25774862177623725,0.9207704633572689,0.8051780510392988,1.7802553796006932,0.6941747355263287,0.00726061081920493,0.0016444336756677382,0.007370453559278701,0.009086504217775203,0.7331147082844136,0.30613855323436096,2.7402337304785016,2.8416480571841416,val_self_probe_loss
67,0.8979389381060289,0.8979389381060289,0.7717267450366402,0.0,0.0,4.1588826179504395,0.25321886242744557,0.0,0.25321886242744557,0.30848893628258395,0.4105122399186198,0.5509165797554341,0.34519551941791693,0.000991619471058047,0.0008702654012857909,0.0030464577695874153,0.005117669139562418,0.7596169159257975,0.30579360943332595,2.6442137605377605,2.6442137605377605,1.604060086681976,0.0,0.0,4.1588826179504395,0.256277318696798,0.0,0.256277318696798,0.8876672218299199,0.8452238919479507,1.717354060275052,0.7421630917446722,0.0072145334971701345,0.0015932178876875403,0.007437522309797567,0.008933777900655632,0.7329007200202586,0.30762954639351886,2.6442137605377605,2.7402337304785016,val_self_probe_loss
68,0.9608820923425168,0.9608820923425168,0.6486071215044915,0.0,0.0,4.1588826179504395,0.2540985068917667,0.0,0.2540985068917667,0.3220182528988173,0.35319241928805634,0.6001796786745951,0.27956801066512466,0.0010843811978143358,0.0006919250922357853,0.0027918953574533473,0.0041785035601844675,0.7626767910926978,0.30511721101733646,2.5799659189091337,2.5799659189091337,1.6329233710254942,0.0,0.0,4.1588826179504395,0.25700865991367317,0.0,0.25700865991367317,0.86497292450849,0.8549760915107608,1.6758068061031701,0.7612867765793843,0.0073184677406383375,0.0016295497988614432,0.00723099667667151,0.009343238039844617,0.7326706248040525,0.3063764263013875,2.5799659189091337,2.6442137605377605,val_self_probe_loss
69,0.9118369995697139,0.9118369995697139,0.7405412981100585,0.0,0.0,4.1588826179504395,0.2532338612231413,0.0,0.2532338612231413,0.308349704879012,0.39685542868403256,0.5650554110421815,0.3278193837246407,0.0009680053156071662,0.000651345051235686,0.002826425160509335,0.004813512124639499,0.7581457761325899,0.304445126970042,2.456327833860002,2.456327833860002,1.782021550473219,0.0,0.0,4.1588826179504395,0.2550985828875014,0.0,0.2550985828875014,0.8236190102898996,0.9220203460188385,1.5935197024264875,0.8433794712485827,0.007357204290195831,0.0017419083414893773,0.007039480648865426,0.009749856456443204,0.7329209060032175,0.3042228310744955,2.456327833860002,2.5799659189091337,val_self_probe_loss
70,0.8843581695130052,0.8843581695130052,0.8957651156838063,0.0,0.0,4.1588826179504395,0.2506735193513489,0.0,0.2506735193513489,0.3048565807076566,0.4852922057199295,0.5407436691003756,0.39441017862348016,0.0009198186585373469,0.0007867154674364293,0.0033230854771595804,0.005442410391963953,0.763912310846289,0.3064356291856776,2.425673963421065,2.425673963421065,1.7603026218943714,0.0,0.0,4.1588826179504395,0.2520658485822796,0.0,0.2520658485822796,0.8112209390686906,0.9047506906971428,1.5752457040911598,0.8391400696941137,0.007309637508143219,0.0016410523838214816,0.00730517340436439,0.00903688155343143,0.7329862056681828,0.30195994462285725,2.425673963421065,2.456327833860002,val_self_probe_loss
71,0.9189265521179831,0.9189265521179831,0.697848571396947,0.0,0.0,4.1588826179504395,0.24406860333700736,0.0,0.24406860333700736,0.3108250528970645,0.3830485222401132,0.5696046626835276,0.2990514703021353,0.0012096872393621498,0.000735149560802584,0.003154151816494583,0.004542733288066448,0.7575809395535718,0.3022107150237987,2.3551056078918604,2.3551056078918604,1.915483027974271,0.0,0.0,4.1588826179504395,0.2486209318689678,0.0,0.2486209318689678,0.789898318357141,0.9875677645391558,1.5259882702798762,0.9108303275410525,0.007561358036655971,0.0017959162623415266,0.0071506575505561575,0.00972553896818958,0.7322750861600319,0.31326754937260787,2.3551056078918604,2.425673963421065,val_self_probe_loss
72,0.8084246062077622,0.8084246062077622,0.8907986457340018,0.0,0.0,4.1588826179504395,0.2444463071917336,0.0,0.2444463071917336,0.27869838001012276,0.4619448068260361,0.4911303543674828,0.41295363418717024,0.0010462977189180144,0.0007694481850230219,0.0028057960453714142,0.004862168384664799,0.7610747186072441,0.30443180490665456,2.215796457268066,2.215796457268066,2.0026437462024065,0.0,0.0,4.1588826179504395,0.2512175489841781,0.0,0.2512175489841781,0.7417229216557389,1.012974301919989,1.4348834082267323,0.9729383406258241,0.0073304353716605345,0.0018389687769322675,0.00699855459156961,0.009699524924020219,0.7331515145227776,0.3060247538993077,2.215796457268066,2.3551056078918604,val_self_probe_loss
73,0.8429572218589476,0.8429572218589476,0.7357709952164952,0.0,0.0,4.1588826179504395,0.2422793190088021,0.0,0.2422793190088021,0.27812940033784483,0.399161933282335,0.5260740776881616,0.32044881997521635,0.001084301370384149,0.0007355791141339135,0.0033399460618215504,0.004845139506128826,0.7629735206798717,0.3098367643016099,2.142895518287276,2.142895518287276,2.097411658360351,0.0,0.0,4.1588826179504395,0.2508263049288566,0.0,0.2508263049288566,0.7174010819333217,1.0568944666048754,1.386345205871932,1.0236989491335724,0.007348689900693825,0.0018218465817841682,0.006933343519025731,0.009937494254225621,0.7323744021217276,0.30738422422675615,2.142895518287276,2.215796457268066,val_self_probe_loss
74,0.7219145531458402,0.7219145531458402,0.985113713959831,0.0,0.0,4.1588826179504395,0.24229292218235007,0.0,0.24229292218235007,0.24819047233492594,0.49671166144008827,0.43511132783288164,0.4723740510415576,0.0011294985390949378,0.0008934764184939165,0.0030127896284009815,0.004926064473134185,0.7605821189974586,0.30624048272812276,2.0311918255311916,2.0311918255311916,2.25005729690842,0.0,0.0,4.1588826179504395,0.2497445998354728,0.0,0.2497445998354728,0.6808429031924964,1.1198330372340561,1.3112019528215462,1.113659921209241,0.007381364764052411,0.001749670033345667,0.006925647434784296,0.009918261187798951,0.7321814839143931,0.3027000988122099,2.0311918255311916,2.142895518287276,val_self_probe_loss
75,0.8245211351503394,0.8245211351503394,0.9893813709985019,0.0,0.0,4.1588826179504395,0.24233676290341974,0.0,0.24233676290341974,0.2839020466560786,0.49025681544541005,0.5019056307362509,0.4831681185239429,0.001097156436263832,0.0006067129044970406,0.003009930477042107,0.004337655675815241,0.7627637926754914,0.3074197612138532,1.9796817085318128,1.9796817085318128,2.2910477913314513,0.0,0.0,4.1588826179504395,0.24887547174595898,0.0,0.24887547174595898,0.6624929124289858,1.1342609620288662,1.2780884764220866,1.1400767130696254,0.007347772741968301,0.0017980199805741966,0.006815445507798483,0.009926677918674782,0.7316374484426487,0.3053581155605198,1.9796817085318128,2.0311918255311916,val_self_probe_loss
76,0.8431768485239649,0.8431768485239649,0.7919497693736519,0.0,0.0,4.1588826179504395,0.23965741756129866,0.0,0.23965741756129866,0.2879134223139083,0.40816112917681296,0.5164669416538152,0.36761801520569004,0.0011865960102915277,0.000551939191021536,0.0030312339642875378,0.004703891669828384,0.7639349574707734,0.3112452485558754,1.8935293637401198,1.8935293637401198,2.424650682518201,0.0,0.0,4.1588826179504395,0.24725573107322552,0.0,0.24725573107322552,0.6341791060327998,1.1951600943477998,1.2201577962118761,1.2127302756694995,0.007701390853291956,0.002112342108398338,0.006509515709209007,0.010434102913457323,0.732324122642138,0.30377900970648536,1.8935293637401198,1.9796817085318128,val_self_probe_loss
77,0.6031238620468997,0.6031238620468997,1.1566643445996894,0.0,0.0,4.1588826179504395,0.23933790463843801,0.0,0.23933790463843801,0.2045863804547474,0.593690471226834,0.3597845268874346,0.5467378546419409,0.0012984799387794229,0.0013325970150366065,0.0028815720264588275,0.005514462982967872,0.7628035249615868,0.30702760629151443,1.8095464383870918,1.8095464383870918,2.530365181913287,0.0,0.0,4.1588826179504395,0.24704091278662593,0.0,0.24704091278662593,0.6067093967384896,1.2314994573500586,1.1637546007264035,1.2823267692109999,0.0071834831199661525,0.001821418836483622,0.006803872576417251,0.009821429778532537,0.7321249992580887,0.30203166455955976,1.8095464383870918,1.8935293637401198,val_self_probe_loss
78,0.6640718821865537,0.6640718821865537,1.1550135333111466,0.0,0.0,4.1588826179504395,0.23811657429068595,0.0,0.23811657429068595,0.22012795848131966,0.5924425824953224,0.4046457412087335,0.5457743523534057,0.0013293878078646242,0.0010073533278593038,0.0029212185254516784,0.0052277104873884915,0.7734750354852686,0.32043879959245675,1.7434746283598197,1.7434746283598197,2.6053685837003013,0.0,0.0,4.1588826179504395,0.24615496341486154,0.0,0.24615496341486154,0.5841160987674473,1.258676827115857,1.120179777383596,1.3301376778435725,0.007314980688149844,0.0017960165021362604,0.006981821913309742,0.0096000120425539,0.7330342383118149,0.30289776669525953,1.7434746283598197,1.8095464383870918,val_self_probe_loss
79,0.6720094268918692,0.6720094268918692,1.0308718351579786,0.0,0.0,4.1588826179504395,0.2369538892375389,0.0,0.2369538892375389,0.22378154040307102,0.5256655100737131,0.40944373789197397,0.48918366422375786,0.001345384964268577,0.0007815839599181094,0.0029886965363866086,0.0049774453900631776,0.7629788267363832,0.3065897264935968,1.680359609274668,1.680359609274668,2.6896115481298164,0.0,0.0,4.1588826179504395,0.24633802778972602,0.0,0.24633802778972602,0.5634232052306859,1.2928250540302406,1.0777862342595128,1.3800898039516825,0.007382083239062018,0.001900123111181811,0.006932824516382577,0.009776460489125125,0.7322270996081903,0.304879631685174,1.680359609274668,1.7434746283598197,val_self_probe_loss
80,0.5871190454414202,0.5871190454414202,1.0907475539410547,0.0,0.0,4.1588826179504395,0.23278812079411307,0.0,0.23278812079411307,0.1991581132514842,0.5366136736587165,0.34923987391146166,0.5380654859373961,0.0011141694070166642,0.0008342803775092914,0.0028844185357015787,0.004903028359402556,0.7630814705800539,0.30739085741022154,1.5935818149899104,1.5935818149899104,2.8752608423277457,0.0,0.0,4.1588826179504395,0.24747941434753606,0.0,0.24747941434753606,0.5361607351343246,1.3691048028398745,1.0182964288649838,1.4893539981071993,0.0073759816284182985,0.0019592042084277976,0.006786150092429695,0.009904978154747753,0.7320406673857884,0.3064335388426455,1.5935818149899104,1.680359609274668,val_self_probe_loss
81,0.6278134664085118,0.6278134664085118,1.1379165414937502,0.0,0.0,4.1588826179504395,0.23546614428383067,0.0,0.23546614428383067,0.21721300380110217,0.5501619687326391,0.3719200324032018,0.5717780536488435,0.0011169438084365614,0.0009323151312380558,0.003187210462004985,0.004685557636756421,0.7616494928050119,0.30549745299290093,1.5528335038757657,1.5528335038757657,2.8616199464253755,0.0,0.0,4.1588826179504395,0.24499579718024095,0.0,0.24499579718024095,0.521171251008206,1.358188060476728,0.9925300694093895,1.4867699833598382,0.007459484959496272,0.0017891590045934966,0.0068220611219149754,0.009903181371747614,0.7317026814688807,0.3044884004948302,1.5528335038757657,1.5935818149899104,val_self_probe_loss
82,0.5655925276430588,0.5655925276430588,1.3647889148292636,0.0,0.0,4.1588826179504395,0.2340314314832541,0.0,0.2340314314832541,0.19683753914362317,0.6533439865358313,0.32990070122256304,0.6952433817755149,0.0012042596444879117,0.0009407772448858051,0.003458196492293189,0.005315029002653494,0.7641484156398166,0.308697093920179,1.4732837743409302,1.4732837743409302,3.0225639557986526,0.0,0.0,4.1588826179504395,0.24662055602725247,0.0,0.24662055602725247,0.49649392178149093,1.4196138750784886,0.937682913525192,1.5863918518323614,0.007357774126746183,0.0018451606375261091,0.006872832639177579,0.009780045665268387,0.731604188125326,0.3023794970897414,1.4732837743409302,1.5528335038757657,val_self_probe_loss
83,0.5766505695159755,0.5766505695159755,1.4706469667599047,0.0,0.0,4.1588826179504395,0.23450172564135424,0.0,0.23450172564135424,0.207037077045107,0.7102322752631457,0.33109553605134057,0.7443118850106596,0.0010561267095214137,0.0009672315854225045,0.0029898369707817337,0.005269840377067041,0.7590987753004457,0.30667903630060894,1.4197791226393317,1.4197791226393317,3.069444739115164,0.0,0.0,4.1588826179504395,0.24469598276274546,0.0,0.24469598276274546,0.4771201983817292,1.4367988539963776,0.9034914604636916,1.6160099283728449,0.007481546407299382,0.0017812364503189196,0.0071484752260408835,0.00929879723839832,0.7316437824542478,0.3052160121639323,1.4197791226393317,1.4732837743409302,val_self_probe_loss
84,0.5059894355245008,0.5059894355245008,1.4856486975590562,0.0,0.0,4.1588826179504395,0.23151021443397363,0.0,0.23151021443397363,0.17931143601111144,0.7013557275550687,0.2881916609135764,0.7683312252703666,0.0011713965314810505,0.0007704606255938176,0.0028658016098194994,0.005099604284527796,0.758138185144125,0.30518339775527215,1.3628780196496049,1.3628780196496049,3.1344013152563055,0.0,0.0,4.1588826179504395,0.24439210217931998,0.0,0.24439210217931998,0.45749434193029354,1.459591402585462,0.8662762270014016,1.6581015603339173,0.007281332096173168,0.0017763884906406313,0.0072124616600145,0.009047326477105665,0.7313165614693802,0.30719149371852045,1.3628780196496049,1.4197791226393317,val_self_probe_loss
85,0.6029713943756045,0.6029713943756045,1.5026177865106503,0.0,0.0,4.1588826179504395,0.23411627108912045,0.0,0.23411627108912045,0.21659987351757962,0.7023152010402879,0.3478193590499289,0.783987894776951,0.0013978870407423633,0.0012159083487401636,0.003098650190761491,0.005380490225991265,0.7578563348652895,0.30945174204662,1.3466109747055524,1.3466109747055524,3.0480634136969997,0.0,0.0,4.1588826179504395,0.24208328211159438,0.0,0.24208328211159438,0.45054356023663455,1.4166105811640342,0.8568573391082356,1.6150129420902604,0.007386586955458906,0.0016663650496908835,0.007430492442604501,0.008537984697541558,0.7324100133054745,0.30339226589439816,1.3466109747055524,1.3628780196496049,val_self_probe_loss
86,0.5090891947984106,0.5090891947984106,1.2324449563916244,0.0,0.0,4.1588826179504395,0.22636519395362925,0.0,0.22636519395362925,0.17498004021231417,0.6093749335990517,0.2954998147938683,0.6071170457095955,0.0011667237321340911,0.0007266804260134759,0.0031131587327206476,0.004522038590976749,0.760127209544051,0.30638274501367146,1.254126710412295,1.254126710412295,3.2646783521826963,0.0,0.0,4.1588826179504395,0.24175311384363946,0.0,0.24175311384363946,0.42177524920032355,1.5053953477962416,0.7931749180179113,1.7425895856652895,0.0073784699816089,0.0018732001427050823,0.007020542092956834,0.009088317487643372,0.7325978867755913,0.3063223502650764,1.254126710412295,1.3466109747055524,val_self_probe_loss
87,0.5327595103977802,0.5327595103977802,1.252919136512816,0.0,0.0,4.1588826179504395,0.22612397887965852,0.0,0.22612397887965852,0.1856500361069759,0.5793486645304149,0.30811681284780823,0.6571893593507004,0.0009450887547244658,0.000925526934322601,0.003233349535376054,0.004579823282184376,0.7686617390777094,0.3138349904841309,1.187757302515255,1.187757302515255,3.425463716158215,0.0,0.0,4.1588826179504395,0.2409731049715362,0.0,0.2409731049715362,0.40074716547000805,1.5709334697504962,0.7478827341772061,1.8377840403895478,0.007472465953220952,0.0018629032008631715,0.0067248276531731025,0.009621726357673081,0.7317352387475671,0.3063669941440132,1.187757302515255,1.254126710412295,val_self_probe_loss
88,0.5977702221693113,0.5977702221693113,1.1396055346524545,0.0,0.0,4.1588826179504395,0.22393705169992312,0.0,0.22393705169992312,0.20229756037585037,0.5568811600510558,0.3567731850356289,0.5664321709706415,0.000934807458217358,0.0006879416071197338,0.0030517612017065482,0.004644324665155127,0.7632118679427682,0.31311417469994035,1.132314115114834,1.132314115114834,3.5447685690770236,0.0,0.0,4.1588826179504395,0.24041698650913948,0.0,0.24041698650913948,0.3830188788323206,1.61898084683633,0.7101987001951784,1.9089145009776125,0.007391181824148939,0.0019710155846279004,0.0064993553570043645,0.01022332638172398,0.7319740430908914,0.307162806854485,1.132314115114834,1.187757302515255,val_self_probe_loss
89,0.4834098710824708,0.4834098710824708,1.647387664949135,0.0,0.0,4.1588826179504395,0.22661752396893947,0.0,0.22661752396893947,0.16887576614928757,0.7339059437260146,0.27591459166246307,0.897327452491147,0.0009791774190580228,0.000899523375899624,0.0032083088323539358,0.004987923247723316,0.7610775838175667,0.3086105960653328,1.1283639489169817,1.1283639489169817,3.413251855913897,0.0,0.0,4.1588826179504395,0.23800127735789517,0.0,0.23800127735789517,0.379805035221026,1.5592447433227337,0.7094997809158626,1.8372796535931575,0.007220217050450871,0.0017356308500034994,0.006842584412122689,0.009674725540688042,0.7313950624525177,0.30651755288520954,1.1283639489169817,1.132314115114834,val_self_probe_loss
90,0.4094285487507099,0.4094285487507099,1.6741674934502622,0.0,0.0,4.1588826179504395,0.22744720093047188,0.0,0.22744720093047188,0.14687998705716349,0.7759223120730743,0.2235757092424923,0.8815364525229165,0.0009175856120207907,0.001000951812398118,0.003193315491949246,0.005811644315006034,0.768481985012603,0.3175449616691807,1.0736160979183935,1.0736160979183935,3.4724392867791725,0.0,0.0,4.1588826179504395,0.23658205541024296,0.0,0.23658205541024296,0.36195436099064043,1.5794252525575412,0.6726024900302754,1.8764418429081902,0.007210440926609188,0.0016132553196681182,0.007154233306096809,0.009070915920567345,0.7308242211800925,0.3052359926774635,1.0736160979183935,1.1283639489169817,val_self_probe_loss
91,0.3794088604094299,0.3794088604094299,1.6391696512666414,0.0,0.0,4.1588826179504395,0.22329310483976986,0.0,0.22329310483976986,0.13699002615273262,0.7482041261198754,0.20385256640686686,0.8748981431719534,0.0009379833500293563,0.000828899840178447,0.003080964847631409,0.005073261161260184,0.7604735808367263,0.3070575660984027,1.008287666307658,1.008287666307658,3.628893414176769,0.0,0.0,4.1588826179504395,0.23873918980174924,0.0,0.23873918980174924,0.3412675261150421,1.637417334854973,0.6279354323604092,1.9748268533839342,0.007296976892773629,0.001694339450233817,0.007264516330092729,0.008982013635516676,0.7306797611787452,0.306555153790468,1.008287666307658,1.0736160979183935,val_self_probe_loss
92,0.5685926757581148,0.5685926757581148,1.2796879000184826,0.0,0.0,4.1588826179504395,0.2236020930283156,0.0,0.2236020930283156,0.19967307895626443,0.5903877921148922,0.33016859147489136,0.6733380240622323,0.0010589373271601044,0.0004426514334096466,0.003167982787097284,0.004234537336327193,0.7633894159817408,0.3085597007648874,0.9738809490194602,0.9738809490194602,3.717927088648636,0.0,0.0,4.1588826179504395,0.2384739748624541,0.0,0.2384739748624541,0.3310203708517394,1.6699545826323283,0.6036826290352189,2.031597503489867,0.007452834978275238,0.0018089861984341008,0.007197098755162001,0.009155352098103729,0.7318996668602369,0.3001499820199812,0.9738809490194602,1.008287666307658,val_self_probe_loss
93,0.33207183287905284,0.33207183287905284,1.7246790090586037,0.0,0.0,4.1588826179504395,0.22456335695920476,0.0,0.22456335695920476,0.14169879725078197,0.8007417986114252,0.1517596586692248,0.9076964198197642,0.0011151839143447844,0.0011592786548287085,0.0029377187556218105,0.006029820357194798,0.7608162396956485,0.3069601771467734,0.9292120955514241,0.9292120955514241,3.731486978275435,0.0,0.0,4.1588826179504395,0.23669949794037742,0.0,0.23669949794037742,0.3146590588293299,1.6701080070704406,0.5753384717864488,2.044868310956828,0.0073615298789936,0.0017524459782061572,0.007627531860431552,0.008320754079396912,0.7322280506910004,0.30481245225260717,0.9292120955514241,0.9738809490194602,val_self_probe_loss
94,0.3306325888823468,0.3306325888823468,1.6402559839638868,0.0,0.0,4.1588826179504395,0.22382575527046175,0.0,0.22382575527046175,0.130051610766451,0.7734188011200316,0.16180700759181565,0.8505928016806473,0.0008128942270291934,0.0009153889464503885,0.0032813262661334237,0.005235147128304881,0.7648521071600469,0.3098402697547992,0.8455630635021266,0.8455630635021266,4.07063730958826,0.0,0.0,4.1588826179504395,0.23930352916998893,0.0,0.23930352916998893,0.2889413289691073,1.7992567556522647,0.517391845662008,2.254906362177145,0.007258027733272152,0.0017274456565037496,0.007618631325193583,0.008598715343848103,0.7330702676536134,0.30364618908544505,0.8455630635021266,0.9292120955514241,val_self_probe_loss
95,0.3398577542127029,0.3398577542127029,1.7109164053698926,0.0,0.0,4.1588826179504395,0.2221961065096337,0.0,0.2221961065096337,0.1221020141949736,0.7750121671072607,0.17923565376570405,0.919934335570582,0.0011751474676052881,0.0007006147525446705,0.00287585985525685,0.004647732780823069,0.7587744596237409,0.306600877272965,0.825350245981483,0.825350245981483,4.072571440050321,0.0,0.0,4.1588826179504395,0.2386002174075346,0.0,0.2386002174075346,0.2824885003002627,1.8008251166584328,0.5035443362383669,2.2551302606592776,0.007598123932908063,0.00187123545806317,0.007708770300331092,0.008634991505651833,0.7329398193714781,0.30569615719481286,0.825350245981483,0.8455630635021266,val_self_probe_loss
96,0.36386179603415447,0.36386179603415447,1.6459669100629772,0.0,0.0,4.1588826179504395,0.2215587968327735,0.0,0.2215587968327735,0.13050209938187632,0.7593316287947277,0.19477711855939925,0.8706335934138684,0.0010780465812652354,0.0010083655942983037,0.003216526681673841,0.004577102546470749,0.7598284484264487,0.30583651404741957,0.7603691144852165,0.7603691144852165,4.254465350591988,0.0,0.0,4.1588826179504395,0.23870956471988133,0.0,0.23870956471988133,0.2614457649265572,1.865219714201015,0.45966949294066717,2.372472587637372,0.007383636740115485,0.0017974015975353648,0.007429802390422834,0.009132390020426756,0.733298623413773,0.308212307299146,0.7603691144852165,0.825350245981483,val_self_probe_loss
97,0.3338428829171982,0.3338428829171982,1.9178617167584067,0.0,0.0,4.1588826179504395,0.224202191054363,0.0,0.224202191054363,0.12841413443771105,0.8680048496201717,0.16673293289024094,1.0335856185680097,0.0010397211313015106,0.0007533321180730702,0.003274346928497619,0.004967302607646382,0.7621693079872006,0.3117238449670873,0.7387161383995359,0.7387161383995359,4.178434115481672,0.0,0.0,4.1588826179504395,0.2368624090037731,0.0,0.2368624090037731,0.2540072353169183,1.8301007956821727,0.44538303379038846,2.331518093209355,0.007555430341329027,0.0018214208371234084,0.007589241539660309,0.008704028425663016,0.7335617247945774,0.3097933536360723,0.7387161383995359,0.7603691144852165,val_self_probe_loss
98,0.35939403359995975,0.35939403359995975,1.4471603741401113,0.0,0.0,4.1588826179504395,0.21830122732239418,0.0,0.21830122732239418,0.13333308913271658,0.6608710391722972,0.18744564484130147,0.7702799602733714,0.0012658648976864974,0.0009739396948661654,0.003080278263288283,0.003994109073774449,0.7598158473110094,0.30732992955541766,0.6822471784092254,0.6822471784092254,4.377338890333354,0.0,0.0,4.1588826179504395,0.23776055122754589,0.0,0.23776055122754589,0.236816655702727,1.900816295041431,0.40609330804266547,2.4598723200803496,0.007683665446629053,0.0020117219594890765,0.007148950910253554,0.009480977312355122,0.734028292738873,0.30398353971309544,0.6822471784092254,0.7387161383995359,val_self_probe_loss
99,0.4129309375432006,0.4129309375432006,1.3883706275966636,0.0,0.0,4.1588826179504395,0.21442617325502744,0.0,0.21442617325502744,0.13707797359123122,0.6396818648774328,0.23726368631603265,0.732677480224295,0.0011027523676614848,0.0006911436614383531,0.0031030792505281,0.004458662061916274,0.7600658434544384,0.3078507245830071,0.640966042945659,0.640966042945659,4.53852995221289,0.0,0.0,4.1588826179504395,0.2377595158282274,0.0,0.2377595158282274,0.22435042622169446,1.966067730269817,0.3772671827959672,2.555549989165218,0.007711272366487375,0.0022045969022509333,0.0068988579185101095,0.009927148703682404,0.734614111066605,0.3073651481489217,0.640966042945659,0.6822471784092254,val_self_probe_loss
100,0.3146202009739651,0.3146202009739651,1.7970130210650346,0.0,0.0,4.1588826179504395,0.2201641255787254,0.0,0.2201641255787254,0.1217681799680976,0.8092995591944188,0.153880878113431,0.9710992357594449,0.001097977234965725,0.0007630904472516924,0.003166726941670139,0.005374861053323003,0.7675995042897213,0.31771690461428836,0.6045823764773259,0.6045823764773259,4.618068799283934,0.0,0.0,4.1588826179504395,0.2361151039230157,0.0,0.2361151039230157,0.21230984637398065,1.9950196276540342,0.3528737562552372,2.6060472036428424,0.00763405444415399,0.002181107093414121,0.007059818785926848,0.009447129673949263,0.7356866666619082,0.31024640854101004,0.6045823764773259,0.640966042945659,val_self_probe_loss
101,0.3817319944582708,0.3817319944582708,1.3569043421326563,0.0,0.0,4.1588826179504395,0.21192215052642885,0.0,0.21192215052642885,0.12654779062010388,0.6119000164446402,0.21606385480493928,0.7285424674627025,0.0013135001061430035,0.0008981970388426752,0.002943151008386807,0.004103431118545904,0.769953080314967,0.3165395412303745,0.5619698180498914,0.5619698180498914,4.755407661292123,0.0,0.0,4.1588826179504395,0.23636213907543918,0.0,0.23636213907543918,0.19989809098289066,2.0453225826809867,0.32273920447426785,2.6930689869350206,0.00775599197951118,0.0022410907107690077,0.006715452968813942,0.010150519791869041,0.7344396032902024,0.308821630959185,0.5619698180498914,0.6045823764773259,val_self_probe_loss
102,0.25926536986958054,0.25926536986958054,1.9561899267586866,0.0,0.0,4.1588826179504395,0.21834154448315551,0.0,0.21834154448315551,0.10312101581061318,0.8687936133499595,0.11755981710540084,1.071042760961273,0.0010911637679666064,0.0010160577600154094,0.0029465730960657726,0.005097479787455825,0.7603416568492299,0.31179492448739765,0.5383559175020789,0.5383559175020789,4.790509419735544,0.0,0.0,4.1588826179504395,0.23564768355825674,0.0,0.23564768355825674,0.19082758695130114,2.0533596851070475,0.3081847506471163,2.720312802942458,0.007596764425289389,0.0020467841859104024,0.006782022805924973,0.009673922829567137,0.7353235218465698,0.3071550530676516,0.5383559175020789,0.5619698180498914,val_self_probe_loss
103,0.24822925244643057,0.24822925244643057,1.6757229419116393,0.0,0.0,4.1588826179504395,0.2128409399159261,0.0,0.2128409399159261,0.09513733561562719,0.7431044302610875,0.11427853220274302,0.9162669769262345,0.001016807759700253,0.0008421653484718036,0.002892530075725246,0.004336436212156888,0.7653986275784925,0.31414692030256586,0.49958483956939315,0.49958483956939315,4.97967251579954,0.0,0.0,4.1588826179504395,0.23616711314050307,0.0,0.23616711314050307,0.17865119579896008,2.1257907708424217,0.28161942824484165,2.836844930072425,0.007747359095345199,0.002054356815843783,0.006614368233210783,0.010200026540536873,0.7343192779869767,0.310067960194179,0.49958483956939315,0.5383559175020789,val_self_probe_loss
104,0.414923549786161,0.414923549786161,1.4587630528944384,0.0,0.0,4.1588826179504395,0.21463392352691466,0.0,0.21463392352691466,0.15584137595466183,0.6594575771941311,0.22035348860692114,0.7830459374717705,0.001224977272520768,0.0008261371912830298,0.0033029038476952966,0.0041629024666277065,0.7618435184204487,0.3127335091453745,0.46609173000136517,0.46609173000136517,5.2318837790755754,0.0,0.0,4.1588826179504395,0.2378358346705111,0.0,0.2378358346705111,0.1694771376762377,2.219034124559127,0.25729392375797033,2.9958093740531933,0.0077243629392519915,0.0021592806237241795,0.006448143433710063,0.01090285188796126,0.7348944578111541,0.30818759247382976,0.46609173000136517,0.49958483956939315,val_self_probe_loss
105,0.3217056724769355,0.3217056724769355,1.4460256063552117,0.0,0.0,4.1588826179504395,0.21159811234500353,0.0,0.21159811234500353,0.1151326180023727,0.6502916219222036,0.16791585278027701,0.7795243000020768,0.0009104515694600094,0.0008569644551613371,0.002900411245001901,0.004490101745487094,0.7627907929907254,0.31092654363253247,0.4386952113337028,0.4386952113337028,5.621629415184074,0.0,0.0,4.1588826179504395,0.23898550803246704,0.0,0.23898550803246704,0.1634523747893779,2.371024795940944,0.23591879754680098,3.2335243904673905,0.007871897142960384,0.0023201275080903753,0.006175047377419444,0.011729691583975594,0.7347716367022591,0.3065423926581507,0.4386952113337028,0.46609173000136517,val_self_probe_loss
106,0.28449293470539716,0.28449293470539716,2.718477395114731,0.0,0.0,4.1588826179504395,0.21924043375626615,0.0,0.21924043375626615,0.12826880698555387,1.1451763437588574,0.1173339687843943,1.5567167980246794,0.0010116331305282762,0.0010863990293237234,0.003673214997427127,0.006016673333636198,0.7653985584214019,0.31422180212159057,0.4703938901563239,0.4703938901563239,4.875013035415493,0.0,0.0,4.1588826179504395,0.23100191114111718,0.0,0.23100191114111718,0.16678042789944303,2.074168983916318,0.2643558490784226,2.783975005942333,0.007406315011925336,0.0015690911820530114,0.007511508278331794,0.008896170588939087,0.7330982638812213,0.3117334957448592,0.4703938901563239,0.46609173000136517,val_self_probe_loss
107,0.31826362027720223,0.31826362027720223,1.4961235515045412,0.0,0.0,4.1588826179504395,0.2102557940390186,0.0,0.2102557940390186,0.11417134425425994,0.6572771228514571,0.16548703289994587,0.822755352353716,0.0010642759883957766,0.0007623476862781091,0.0028001656782640602,0.004089631695345322,0.7611830678127469,0.30983141767991756,0.39954971378634435,0.39954971378634435,5.500217825220608,0.0,0.0,4.1588826179504395,0.23691680805283302,0.0,0.23691680805283302,0.14806220341207726,2.3111632594966,0.21219006986270503,3.172351966675672,0.007780764781872117,0.0019816027364111233,0.006683093717289938,0.010300831672567758,0.7336790165545778,0.3035416301363003,0.39954971378634435,0.4386952113337028,val_self_probe_loss
108,0.3539781809409285,0.3539781809409285,1.8667863788232453,0.0,0.0,4.1588826179504395,0.21456694707650648,0.0,0.21456694707650648,0.12771299343789252,0.8039996238378347,0.18753149009357759,1.0466938674118693,0.00115568777469294,0.0006817581968022724,0.0028957631992933704,0.004129675815278577,0.7631042654637317,0.31018954397687276,0.3707993896157475,0.3707993896157475,5.480464697624585,0.0,0.0,4.1588826179504395,0.23436288831767088,0.0,0.23436288831767088,0.1390362398103111,2.306561988009059,0.19255248777371664,3.156874605795797,0.007741381735732542,0.0020357805426711646,0.006338513665977194,0.010940377246183545,0.7328292435000402,0.3084972811781842,0.3707993896157475,0.39954971378634435,val_self_probe_loss
109,0.30000600477212347,0.30000600477212347,1.8824747667518065,0.0,0.0,4.1588826179504395,0.2118550569931317,0.0,0.2118550569931317,0.11002629845271257,0.8206245367927426,0.15119540828569464,1.0456232195505393,0.0010079505494460933,0.0007133834826261203,0.0030307447238499146,0.005514510453200228,0.7645847394359099,0.3099420464523014,0.35064634791812543,0.35064634791812543,5.442037447824241,0.0,0.0,4.1588826179504395,0.23258380915807642,0.0,0.23258380915807642,0.132564281408461,2.2804004190871434,0.1787233889256228,3.145060369536651,0.00777335411826328,0.0020916593562642504,0.006852221023363657,0.009963116544929351,0.7346026986282065,0.30115726793774905,0.35064634791812543,0.3707993896157475,val_self_probe_loss
110,0.3210103569304904,0.3210103569304904,1.5096474291202657,0.0,0.0,4.1588826179504395,0.20776936500185014,0.0,0.20776936500185014,0.11201387510402895,0.6771259168991012,0.1701806683367288,0.8163498394174908,0.0011567961888046092,0.0007268676598860221,0.0030593102294443077,0.004152354896763743,0.7644135177331751,0.3114956817237004,0.3244735460427607,0.3244735460427607,5.859639045799741,0.0,0.0,4.1588826179504395,0.23525508988347854,0.0,0.23525508988347854,0.12585830958039493,2.444560377864364,0.15930691393242674,3.3979988977752673,0.007848055828035511,0.002370806038953611,0.006352374239055359,0.011068628221657705,0.7342215228525008,0.3076041881342112,0.3244735460427607,0.35064634791812543,val_self_probe_loss
111,0.20838993367392458,0.20838993367392458,2.8849682034893958,0.0,0.0,4.1588826179504395,0.21520236404418422,0.0,0.21520236404418422,0.10301146655865873,1.2428248319713529,0.06664278542543184,1.6255452661406,0.0011788583260777627,0.0014102748776474066,0.0032345888647787543,0.006515701744055251,0.762349999958545,0.31187485300748724,0.3370990535209638,0.3370990535209638,5.232145430416054,0.0,0.0,4.1588826179504395,0.22910438163310104,0.0,0.22910438163310104,0.124797607429314,2.1879312862520632,0.17301798511227096,3.0274780737178295,0.007244633958157606,0.0016065896152721512,0.007624941500574813,0.00859998483124033,0.7341967143627427,0.3094853966132454,0.3370990535209638,0.3370990535209638,val_self_probe_loss
112,0.21853289006095947,0.21853289006095947,2.1194016283989345,0.0,0.0,4.1588826179504395,0.21097990533523056,0.0,0.21097990533523056,0.08764979730101566,0.9103423580159274,0.0912271253079683,1.1920578078858546,0.0013105719285649345,0.0007060506105506579,0.0029073192608419043,0.0043177587020034065,0.7807519796389256,0.32786526703546653,0.30875639343252465,0.30875639343252465,5.579589020946751,0.0,0.0,4.1588826179504395,0.231820241264675,0.0,0.231820241264675,0.11539209091179767,2.3134339947415437,0.15409607230830266,3.2494815796012095,0.007340181082948429,0.0019398414258983122,0.007030740703863919,0.009283557149541119,0.7346020866625057,0.3052043333557082,0.30875639343252465,0.3244735460427607,val_self_probe_loss
113,0.21634322568430728,0.21634322568430728,1.9899019673875606,0.0,0.0,4.1588826179504395,0.20973993494337922,0.0,0.20973993494337922,0.0776824281355683,0.8505172418383421,0.0986694197255288,1.12187979708944,0.0012375876413488046,0.0009749932335797166,0.003107985975139015,0.004497820271984658,0.7874236323438282,0.33622402803303775,0.28874390394143434,0.28874390394143434,5.613756802696619,0.0,0.0,4.1588826179504395,0.23159576128728643,0.0,0.23159576128728643,0.10954110330745856,2.3276915281825925,0.13994012465295586,3.2691116205312496,0.007429576396106263,0.001989437712328248,0.006900905238490506,0.00980222221863057,0.7343035388437117,0.30951848218900074,0.28874390394143434,0.30875639343252465,val_self_probe_loss
114,0.2375778831484289,0.2375778831484289,2.1270758916923427,0.0,0.0,4.1588826179504395,0.20846804569175817,0.0,0.20846804569175817,0.07896352742934594,0.9052499777235655,0.11990785824582717,1.2055200983705787,0.0011278812352750137,0.0008282002570435293,0.0031546942983487155,0.0051084681077728416,0.762181162703312,0.31175846407756325,0.27426626449971464,0.27426626449971464,5.504002156557504,0.0,0.0,4.1588826179504395,0.22956173695762705,0.0,0.22956173695762705,0.10580906071208464,2.2832800320216586,0.12919801262479205,3.203780192913638,0.007444196212695122,0.0019928116204841364,0.00699176472721633,0.009400775857842441,0.7339793789831007,0.3100741379749701,0.27426626449971464,0.28874390394143434,val_self_probe_loss
115,0.24161776376051908,0.24161776376051908,2.360308828946657,0.0,0.0,4.1588826179504395,0.2094361107677843,0.0,0.2094361107677843,0.10582041942425538,1.0066792765217214,0.09712024934949716,1.3373817298275088,0.0013028327424689243,0.0007763535183328616,0.003207467736254122,0.005292044282900057,0.76061264239865,0.3104898335185192,0.2741702728389953,0.2741702728389953,5.450925634560748,0.0,0.0,4.1588826179504395,0.2285929510126943,0.0,0.2285929510126943,0.10302834703315118,2.25325044614743,0.13183014899469125,3.1808845694899928,0.007286024524201928,0.002028535621055266,0.0071936160837942215,0.008648023787330582,0.7354182754614338,0.3083648946344482,0.2741702728389953,0.27426626449971464,val_self_probe_loss
116,0.1856472253120626,0.1856472253120626,2.214947831454052,0.0,0.0,4.1588826179504395,0.2096229127386399,0.0,0.2096229127386399,0.07244724792793279,0.9422149737943147,0.07443995488466108,1.2562446382487629,0.0010246983573321048,0.0009533699977898326,0.00285371944487696,0.00471751144003536,0.7643693630572339,0.31556054187527605,0.2893184569565961,0.2893184569565961,5.219431678238123,0.0,0.0,4.1588826179504395,0.22485565861559803,0.0,0.22485565861559803,0.10872008029649162,2.1569528678281706,0.14131134850268037,3.0459379174324295,0.007198534197837797,0.0016728797670580687,0.007452442492242695,0.008363359241879411,0.7348428385228104,0.3057251343075533,0.2893184569565961,0.27426626449971464,val_self_probe_loss
117,0.1478392478573401,0.1478392478573401,2.2125243319507226,0.0,0.0,4.1588826179504395,0.2061237713606245,0.0,0.2061237713606245,0.06653986351296681,0.9448340837767043,0.04204519197414297,1.2509350961894123,0.0009550867274387726,0.0007815999935549508,0.003323319007828627,0.004621956597872561,0.7736617396089824,0.3219515725103351,0.24586963912715082,0.24586963912715082,5.61530228542245,0.0,0.0,4.1588826179504395,0.2292035565428112,0.0,0.2292035565428112,0.09279734276738365,2.3022512184536974,0.11379486050381563,3.2963443453255925,0.007303024350634056,0.001827652720579558,0.007114130938902891,0.008887591541843107,0.7348055289769024,0.3072231876553956,0.24586963912715082,0.2741702728389953,val_self_probe_loss
118,0.2802565874026845,0.2802565874026845,2.135645021084373,0.0,0.0,4.1588826179504395,0.2084904155570249,0.0,0.2084904155570249,0.1104945152196481,0.942959199728021,0.13103304186715253,1.1765421404085161,0.0010811888137785002,0.0006448940084608056,0.003590020377308531,0.004553050991724338,0.7619944456249116,0.31054174667786555,0.24373943293872086,0.24373943293872086,5.5503737499810155,0.0,0.0,4.1588826179504395,0.22853671995379168,0.0,0.22853671995379168,0.09114514796861581,2.2674149095271687,0.11322573620698745,3.266272771082564,0.007403732877968006,0.0018889048320115819,0.007428809589712146,0.008534498916221609,0.7354944202100268,0.30721172375708633,0.24373943293872086,0.24586963912715082,val_self_probe_loss
119,0.30557863514064826,0.30557863514064826,1.7859670957867322,0.0,0.0,4.1588826179504395,0.2077768498174969,0.0,0.2077768498174969,0.1117103695889892,0.7378126344388979,0.15508917055443402,1.0319377588993501,0.0009998333573052057,0.0006570461197795941,0.003423250414881933,0.004018981087928317,0.7637363118410896,0.31300916894861425,0.2285239070839023,0.2285239070839023,5.591016865803958,0.0,0.0,4.1588826179504395,0.22682315157437177,0.0,0.22682315157437177,0.08791280506172952,2.281242431529005,0.1011651994729912,3.2934133178953613,0.007579230473746303,0.002008309510918999,0.007227613546550042,0.008942893797369756,0.7365664445465396,0.2992922756242456,0.2285239070839023,0.24373943293872086,val_self_probe_loss
120,0.18620292659190563,0.18620292659190563,2.916009664437381,0.0,0.0,4.1588826179504395,0.21108333239767343,0.0,0.21108333239767343,0.09195593014179548,1.2366870423506957,0.05554423859070999,1.6628789815287035,0.0012192861444105187,0.0010538072272400785,0.0030685408051359816,0.005592410816605541,0.7618215259422193,0.31242227724433336,0.26119883617629175,0.26119883617629175,5.2664694829572065,0.0,0.0,4.1588826179504395,0.22401129199851375,0.0,0.22401129199851375,0.09613613931676199,2.1500123512022986,0.12566433033634047,3.1000120765818804,0.0072901770809660985,0.001548520058061722,0.008006049693209229,0.007844008879898034,0.7355041363224479,0.30547886087287285,0.26119883617629175,0.24373943293872086,val_self_probe_loss
121,0.16664709227668728,0.16664709227668728,2.509506433507025,0.0,0.0,4.1588826179504395,0.20888979948901712,0.0,0.20888979948901712,0.06734299236595728,1.031354361075732,0.06045167938664016,1.4617942019409687,0.0011605875725283121,0.0009989271811948557,0.003108890486919985,0.004682538599623357,0.7650276817683985,0.3128013268980053,0.3064608092865218,0.3064608092865218,4.970261240042515,0.0,0.0,4.1588826179504395,0.2213557668909523,0.0,0.2213557668909523,0.11189488471364198,2.033578282372552,0.15520613467008432,2.9201163568227373,0.007307845419717473,0.0013721914027154305,0.008206356805604623,0.007666350851379196,0.7342436752334145,0.309142295618235,0.3064608092865218,0.26119883617629175,val_self_probe_loss
122,0.191628201291145,0.191628201291145,1.859326958198317,0.0,0.0,4.1588826179504395,0.20331079065472574,0.0,0.20331079065472574,0.07110715669944769,0.7773271302654767,0.08178413773832677,1.0657738969138897,0.0011355444765228035,0.000593532210538081,0.0030050095300825004,0.004114512169353345,0.7630502949954387,0.31332287038589546,0.23006626666286348,0.23006626666286348,5.440629266711496,0.0,0.0,4.1588826179504395,0.22590608506099039,0.0,0.22590608506099039,0.08549405123043505,2.2097110066169536,0.10519140205629494,3.214225110453293,0.007508275249182256,0.001714668265019738,0.007452803276340413,0.008583813082854847,0.7351692759472391,0.30812063313419036,0.23006626666286348,0.26119883617629175,val_self_probe_loss
123,0.13844346430083138,0.13844346430083138,2.5135119903411485,0.0,0.0,4.1588826179504395,0.21009755662911286,0.0,0.21009755662911286,0.06550484451206665,1.0363403777259634,0.03437750994173644,1.4608464392564544,0.000980171113513381,0.000772405855643366,0.0028249736891652567,0.004900709220640664,0.7606714102884287,0.31283943013223675,0.23196655118502446,0.23196655118502446,5.38064506307522,0.0,0.0,4.1588826179504395,0.22547068488523828,0.0,0.22547068488523828,0.08416534239362625,2.18175666432203,0.1084073317838798,3.1822723723161292,0.007316792622405272,0.0016109906512650448,0.007610598849479734,0.00819664251099786,0.7360724073759517,0.30787229834136015,0.23196655118502446,0.23196655118502446,val_self_probe_loss
124,0.23191146770109852,0.23191146770109852,2.3144193517553298,0.0,0.0,4.1588826179504395,0.20684515224395547,0.0,0.20684515224395547,0.08747495309696109,0.9499860271386206,0.10589317851582324,1.3483440012095493,0.001286909462272984,0.0008089648290798561,0.0031576021594244834,0.004730045868535695,0.7581170160082117,0.30827907437681495,0.26916837322045556,0.26916837322045556,5.136967847436111,0.0,0.0,4.1588826179504395,0.2229708090702199,0.0,0.2229708090702199,0.09877740005060151,2.0871632570250434,0.13093397008278262,3.0331880740202406,0.0074241368970179335,0.0016715058527495682,0.008012258759714223,0.007718666725624237,0.7359944567176866,0.30853367444150936,0.26916837322045556,0.23196655118502446,val_self_probe_loss
125,0.20704457949352187,0.20704457949352187,2.0766727398635267,0.0,0.0,4.1588826179504395,0.20845232248044562,0.0,0.20845232248044562,0.0768024887456165,0.8562246330417733,0.09151103333534283,1.2041051379465277,0.0010679705365034204,0.0008103640825693349,0.003046113622319117,0.004298139698972105,0.7631891665552895,0.3142100888601904,0.2496807758598039,0.2496807758598039,5.2371131139142175,0.0,0.0,4.1588826179504395,0.22270186486081306,0.0,0.22270186486081306,0.09249978377165631,2.121756393439281,0.11777271273378168,3.0989763416835796,0.007327474397932532,0.0016143312444040455,0.007768734847773908,0.008088204763852847,0.7359908924709936,0.30335652254383016,0.2496807758598039,0.2496807758598039,val_self_probe_loss
126,0.1672564392293978,0.1672564392293978,2.0620590115352466,0.0,0.0,4.1588826179504395,0.20632396733263583,0.0,0.20632396733263583,0.060274488283433715,0.8653403126545717,0.06789618473536817,1.18021925255599,0.0010880990997971466,0.0004805957124706278,0.0028744774202751782,0.004165176987140946,0.7705259981322891,0.3192568537498018,0.247576580122576,0.247576580122576,5.282398509729353,0.0,0.0,4.1588826179504395,0.22235488095638914,0.0,0.22235488095638914,0.09265671522640016,2.1397203358804218,0.11549333390426932,3.1259807247830476,0.007375986702788638,0.0018238266338982008,0.0075835176441321,0.008492572559911456,0.7364835846498146,0.3078426155984772,0.247576580122576,0.2496807758598039,val_self_probe_loss
127,0.14960764004193597,0.14960764004193597,2.3348053378409794,0.0,0.0,4.1588826179504395,0.2079841917713963,0.0,0.2079841917713963,0.06153674830982112,0.962437338955316,0.04944247551237843,1.3560998022094222,0.0011490798300152858,0.0008538431255538213,0.0030879771586611836,0.004656421231478043,0.7606470007142696,0.3117831734742082,0.22702122377868025,0.22702122377868025,5.378726226572665,0.0,0.0,4.1588826179504395,0.22342569829884523,0.0,0.22342569829884523,0.0843111990765894,2.1701246829506773,0.10322456281076862,3.191935611044213,0.007532437181213049,0.0018743122937052452,0.007584782590242161,0.008518282798413905,0.7368776801950443,0.30690782410757883,0.22702122377868025,0.247576580122576,val_self_probe_loss
128,0.11808512071975631,0.11808512071975631,2.3824753267966563,0.0,0.0,4.1588826179504395,0.20322491851779423,0.0,0.20322491851779423,0.04692828117304458,0.9697406957034352,0.032394521758287456,1.3961859874500924,0.000903201077937079,0.0010160783795521604,0.002810684701583208,0.005024964120709281,0.7651089985663753,0.31584155533368713,0.22516574544010695,0.22516574544010695,5.381311809887057,0.0,0.0,4.1588826179504395,0.22305885262741065,0.0,0.22305885262741065,0.08354589520080119,2.170242863042014,0.10218635042666556,3.1943842688205173,0.007456484861362448,0.001749659297941361,0.007643922930583358,0.00839116544714371,0.7360997473971443,0.3081584726431355,0.22516574544010695,0.22702122377868025,val_self_probe_loss
129,0.22066875649401438,0.22066875649401438,2.038369219271726,0.0,0.0,4.1588826179504395,0.20289708237224038,0.0,0.20289708237224038,0.08200372091027305,0.8529994408922059,0.10005298045869716,1.1692254539399227,0.0009812726996859236,0.000854208565339026,0.0031923120833716625,0.004237736249444792,0.7609500040992293,0.31013954179739717,0.1814773081576232,0.1814773081576232,5.673968514115174,0.0,0.0,4.1588826179504395,0.22561551500921664,0.0,0.22561551500921664,0.06708603030394601,2.2786684712823133,0.07497031438766012,3.3785972432898626,0.00751175243361934,0.001847447842840705,0.007293238375055378,0.008881313934552004,0.7362739688121014,0.3070592806205986,0.1814773081576232,0.22516574544010695,val_self_probe_loss
130,0.13296491714883452,0.13296491714883452,2.3620023805521324,0.0,0.0,4.1588826179504395,0.20408299717434675,0.0,0.20408299717434675,0.04826715699183365,0.9427397705442819,0.04593137473084695,1.4029253800302481,0.0009952479560103504,0.0007732754329301693,0.002942407801215722,0.004678550460907446,0.7644665731295011,0.313521574965947,0.19014035105149937,0.19014035105149937,5.595762932059928,0.0,0.0,4.1588826179504395,0.22489325915064132,0.0,0.22489325915064132,0.0702313100224974,2.248938547111816,0.08050163408093479,3.3301297013925515,0.0074782420950055975,0.0017889723741284103,0.007352410101979647,0.00875482198591373,0.7360522852551122,0.3074488228892688,0.19014035105149937,0.19014035105149937,val_self_probe_loss
131,0.13404125582864335,0.13404125582864335,2.7330061459482438,0.0,0.0,4.1588826179504395,0.20766056678232325,0.0,0.20766056678232325,0.05561788494848983,1.1250345582463477,0.039459893245834744,1.5912791821905274,0.0009848785384078424,0.000859824383064958,0.0029836613284914657,0.004919924295602446,0.7683778186660959,0.3197080341835315,0.19777801010456886,0.19777801010456886,5.497956911229199,0.0,0.0,4.1588826179504395,0.22431104033259872,0.0,0.22431104033259872,0.07194560034466642,2.205473587194585,0.08641641249197611,3.27597296291164,0.007323064581474422,0.001707590178778881,0.007500334714412088,0.008390572136094482,0.7367039209937457,0.30489091991637807,0.19777801010456886,0.19014035105149937,val_self_probe_loss
132,0.1313690327099728,0.1313690327099728,2.224877422747052,0.0,0.0,4.1588826179504395,0.20526728735731672,0.0,0.20526728735731672,0.05264461250887809,0.9281798506116762,0.039911708276224055,1.2804096263662619,0.0009614820325027427,0.0007693311905217908,0.003043023661611158,0.004347142040919672,0.765360733156801,0.31321774212118036,0.18096931795849933,0.18096931795849933,5.62925389547896,0.0,0.0,4.1588826179504395,0.22522195488769817,0.0,0.22522195488769817,0.06556321852348791,2.254397318229912,0.07600903757471845,3.3582245611921184,0.007373031824098694,0.0017704512413599463,0.007329229511658991,0.008700641959627962,0.7364177004150723,0.3063872086335413,0.18096931795849933,0.19014035105149937,val_self_probe_loss
133,0.13677783989225864,0.13677783989225864,2.584069547109494,0.0,0.0,4.1588826179504395,0.20670076061355033,0.0,0.20670076061355033,0.05433909610245054,1.0562101633141776,0.04385588666409843,1.5115502572114428,0.0012251917546529131,0.0009265008148837949,0.002993458181948827,0.005252696338092293,0.7595443660158226,0.31104585515288175,0.1884621901680594,0.1884621901680594,5.553740725430273,0.0,0.0,4.1588826179504395,0.2246137682510459,0.0,0.2246137682510459,0.0677492909064019,2.2227416451303115,0.08128031003086464,3.3143319232470314,0.007360662819529516,0.0016958472628604841,0.007619952070035086,0.008314427214686221,0.7366084497167457,0.3082352895173967,0.1884621901680594,0.1884621901680594,val_self_probe_loss
134,0.23120958267268443,0.23120958267268443,2.160323224242053,0.0,0.0,4.1588826179504395,0.20106577953378926,0.0,0.20106577953378926,0.08412899684394035,0.8948184800723774,0.10848811638166332,1.2493519251522098,0.0010673846059369432,0.0007951963464577419,0.003180158758253824,0.004254436146331957,0.7601519247310483,0.3105721875747132,0.17589313798346876,0.17589313798346876,5.658232670902096,0.0,0.0,4.1588826179504395,0.2254722819009923,0.0,0.2254722819009923,0.06250049743037786,2.261203715334768,0.07395590089047502,3.3802677752010477,0.007430122059485037,0.0017345443971546206,0.0075058351167454525,0.008535781240391527,0.7365723604000873,0.3094869994598886,0.17589313798346876,0.18096931795849933,val_self_probe_loss
135,0.23242359069451018,0.23242359069451018,1.767313967535577,0.0,0.0,4.1588826179504395,0.20335051217796252,0.0,0.20335051217796252,0.08608878503474851,0.7198584479505746,0.10649918737534013,1.0302415806585443,0.0011573761711359681,0.0007449465636287266,0.003095601549633788,0.0037931741349977715,0.7847344205355932,0.33296581484483706,0.15770508853359994,0.15770508853359994,5.844407736792327,0.0,0.0,4.1588826179504395,0.22574207297763468,0.0,0.22574207297763468,0.05624063530942622,2.3311005952473014,0.06202777757407715,3.496656499545651,0.007540206433930405,0.0018451471798177426,0.007152100451224085,0.00918351419368377,0.7367284207240395,0.3054261020621898,0.15770508853359994,0.17589313798346876,val_self_probe_loss
136,0.18371642172402006,0.18371642172402006,1.929065747961451,0.0,0.0,4.1588826179504395,0.20452959130545742,0.0,0.20452959130545742,0.06622524146076483,0.8001593312271078,0.07874448371603349,1.112622758651686,0.0009960219860866636,0.0007850573148300417,0.00292290586554706,0.00425463715751178,0.7641079476845383,0.3132395623282465,0.14396068770785508,0.14396068770785508,6.048587467174352,0.0,0.0,4.1588826179504395,0.2275293079777534,0.0,0.2275293079777534,0.0513994677255497,2.4094650059568217,0.05312888882765026,3.622215822584904,0.0076588483622929615,0.0019388211993777167,0.006922080397377404,0.009701048742736812,0.7365082187682205,0.30904524315218007,0.14396068770785508,0.15770508853359994,val_self_probe_loss
137,0.16934004662360108,0.16934004662360108,2.0993718612370715,0.0,0.0,4.1588826179504395,0.20387368326194985,0.0,0.20387368326194985,0.06435848530136563,0.8839703771959414,0.0663549026671662,1.1991819926260527,0.000923917261233109,0.0008276732668792107,0.002991966797017444,0.0049931602423466765,0.7619296041134291,0.31026558602549764,0.1380669908216281,0.1380669908216281,6.163150009901627,0.0,0.0,4.1588826179504395,0.22767948567497065,0.0,0.22767948567497065,0.04925562587410489,2.449713058399488,0.049352946445369014,3.696614753240893,0.007641422567543464,0.001975503491894132,0.006937769380461725,0.009677408284779568,0.737085807767714,0.3072233089008687,0.1380669908216281,0.14396068770785508,val_self_probe_loss
138,0.1728988308152828,0.1728988308152828,2.165821868030745,0.0,0.0,4.1588826179504395,0.2008268588460761,0.0,0.2008268588460761,0.0666002318688334,0.8879518927566699,0.06762870531692758,1.26165309260905,0.0008973689196928037,0.0006676104305178562,0.002988323391160624,0.004568939564803781,0.7629343151522782,0.31186035978807186,0.141568276244476,0.141568276244476,6.1434938962692796,0.0,0.0,4.1588826179504395,0.22779359025244386,0.0,0.22779359025244386,0.05004239656459193,2.443870497601373,0.0520696648778336,3.6825618205869697,0.007665950382129804,0.0019867507085928647,0.006968297138781235,0.009600522534586257,0.7368580974777292,0.31209415345458513,0.141568276244476,0.141568276244476,val_self_probe_loss
139,0.1753296563493826,0.1753296563493826,2.365511895297453,0.0,0.0,4.1588826179504395,0.2050648870112213,0.0,0.2050648870112213,0.06542716823052104,0.9659861192581551,0.07114065928910128,1.3831226062786108,0.0010831492080238957,0.0009997444264220792,0.0028902218417948444,0.004623786204839054,0.7640403535311099,0.3138183929132447,0.14466103707781489,0.14466103707781489,5.932394581922093,0.0,0.0,4.1588826179504395,0.22484802996149714,0.0,0.22484802996149714,0.051953865035859324,2.36039704880359,0.05329978675436899,3.5552140929597367,0.007514128474992633,0.0017765262120847409,0.007113441414205554,0.009255348176909437,0.7363501146713399,0.3082685700114469,0.14466103707781489,0.141568276244476,val_self_probe_loss
140,0.195935993928679,0.195935993928679,2.5167294266734896,0.0,0.0,4.1588826179504395,0.20353278064636185,0.0,0.20353278064636185,0.07934222111537742,1.0372715331736695,0.07793887547686548,1.4631730034685684,0.0009629347815880405,0.0007006064441598193,0.003017088571969986,0.004878491021408552,0.7622490592636209,0.31244125023369734,0.213029894977808,0.213029894977808,5.4320376154428685,0.0,0.0,4.1588826179504395,0.2190277483892737,0.0,0.2190277483892737,0.07752452961383213,2.1671334510634406,0.09609092789360825,3.2482886085321443,0.007402859282841102,0.0016647546639354043,0.00774250211236096,0.008368035346726591,0.7357895707491762,0.30726031727672365,0.213029894977808,0.14466103707781489,val_self_probe_loss
