epoch,train_loss,train_self_probe_loss,train_cross_probe_loss,train_lambda_cross,train_lambda_proto,train_prototype_alignment_loss,train_latent_alignment_loss,train_latent_alignment_weight,train_feature_alignment_loss,train_self_probe_local_loss,train_cross_probe_local_loss,train_self_probe_region_time_loss,train_cross_probe_region_time_loss,train_self_probe_derivative_loss,train_cross_probe_derivative_loss,train_self_probe_frequency_loss,train_cross_probe_frequency_loss,train_self_probe_correlation_loss,train_cross_probe_correlation_loss,val_loss,val_self_probe_loss,val_cross_probe_loss,val_lambda_cross,val_lambda_proto,val_prototype_alignment_loss,val_latent_alignment_loss,val_latent_alignment_weight,val_feature_alignment_loss,val_self_probe_local_loss,val_cross_probe_local_loss,val_self_probe_region_time_loss,val_cross_probe_region_time_loss,val_self_probe_derivative_loss,val_cross_probe_derivative_loss,val_self_probe_frequency_loss,val_cross_probe_frequency_loss,val_self_probe_correlation_loss,val_cross_probe_correlation_loss,monitor_metric_raw,monitor_metric,monitor_key
1,2.5586570297029487,2.5586570297029487,0.11572615333662074,0.0,0.0,4.7694372371836895,0.46357869483636843,0.0,0.46357869483636843,0.9956816862430321,0.05194550928885667,1.5010140335226163,0.04691525824310751,0.02205992110981376,0.03943128921050664,0.027513420920814956,0.0438329541869666,1.0739020869446638,0.05248536414065031,6.971632929646081,6.971632929646081,0.07847470739243194,0.0,0.0,4.585779432924638,0.40169307496977147,0.0,0.40169307496977147,2.6372781398226017,0.040490619676268616,4.275209628554605,0.026411719597089364,0.01853639011196098,0.024210870265960693,0.03564564128238592,0.031297471698211586,1.0189425930473375,0.047798078229523595,6.971632929646081,6.971632929646081,val_self_probe_loss
2,2.513021545911987,2.513021545911987,0.11113885493231396,0.0,0.0,4.6333075009376365,0.5160771444783383,0.0,0.5160771444783383,0.9636924489269403,0.057143311092934676,1.4940846168837878,0.037771999026300095,0.015214265553172346,0.03350124296320257,0.021625590209085516,0.03990754807361787,0.9855661138352395,0.07714957962248119,6.920423023726629,6.920423023726629,0.08479402450300892,0.0,0.0,4.471587637196416,0.4780440471187141,0.0,0.4780440471187141,2.6044926402384636,0.05049419296639306,4.263307630576147,0.02227088387893594,0.012872191834384981,0.01988880292321584,0.030598078085028606,0.024667845957952995,0.9269047938518643,0.0917992816763635,6.920423023726629,6.946027976686355,val_self_probe_loss
3,2.481316909537488,2.481316909537488,0.1142726270349044,0.0,0.0,4.579517872220991,0.5648308476161223,0.0,0.5648308476161223,0.9412889048604358,0.06653129028894506,1.4897071028048525,0.03189429219579069,0.011490498569259332,0.0278369065427296,0.017124487072818235,0.03177381215287878,0.9147144003835651,0.11420873942673533,6.886649515271557,6.886649515271557,0.08908395987489949,0.0,0.0,4.461348646175788,0.48542304901602845,0.0,0.48542304901602845,2.5828550817988676,0.05948630215958779,4.254955648019424,0.017993720329326134,0.010545366026478478,0.015189770574432722,0.02639875959703317,0.017202835391211955,0.8712436086642816,0.12172422488653882,6.886649515271557,6.920423023726629,val_self_probe_loss
4,2.4583131580416246,2.4583131580416246,0.11384758675464815,0.0,0.0,4.496331930945655,0.5529229371398524,0.0,0.5529229371398524,0.9264570296334121,0.07207312560042226,1.4843918593921397,0.026880499077746166,0.009594811770643806,0.021874207093428442,0.01421104986977106,0.023084270746399096,0.8728921412113076,0.14233964907350968,6.859054360584998,6.859054360584998,0.09157322819188515,0.0,0.0,4.3903901354866735,0.4673100419296241,0.0,0.4673100419296241,2.5667866215179242,0.06485533216817779,4.245665870016869,0.015125569129675071,0.00983858006277486,0.011756168614772166,0.024746092365366287,0.012511398695316743,0.8333513918130294,0.14804291354943505,6.859054360584998,6.886649515271557,val_self_probe_loss
5,2.4408280521009678,2.4408280521009678,0.11298759744536341,0.0,0.0,4.434013135346833,0.5327373421152912,0.0,0.5327373421152912,0.9147996803710869,0.07590063566466718,1.4805185434732557,0.022929765126626003,0.008341774660337442,0.017063623766540564,0.01236922612759304,0.01802452078291535,0.8437466801979409,0.16177677128435358,6.8353633308170005,6.8353633308170005,0.09511252997084434,0.0,0.0,4.363355417429291,0.4577677433164964,0.0,0.4577677433164964,2.553401597746596,0.06996617563392805,4.236467855924636,0.013609765710667793,0.00954295339327456,0.009057965569244408,0.02417180691166023,0.010190413142583385,0.8138238635862837,0.16506112676969967,6.8353633308170005,6.859054360584998,val_self_probe_loss
6,2.415094941151129,2.415094941151129,0.11415334999495882,0.0,0.0,4.38257182809053,0.5221412361126176,0.0,0.5221412361126176,0.9014500084524293,0.07953308471994787,1.4692793975284673,0.020677498430340797,0.007514320986609166,0.013585193642915015,0.011330668434692888,0.014494167839132993,0.8270742790497487,0.18194103275316345,6.806280827184456,6.806280827184456,0.09953079636422743,0.0,0.0,4.313289728223907,0.4406469036703524,0.0,0.4406469036703524,2.5392135077080926,0.07524714019635449,4.222322010516149,0.012747361932111822,0.009245772038366622,0.006941950723806523,0.023620543626183356,0.00853668953587087,0.8014382390502077,0.17894275588278444,6.806280827184456,6.8353633308170005,val_self_probe_loss
7,2.4069669711128547,2.4069669711128547,0.11686993225934608,0.0,0.0,4.339615058689557,0.5097193827875097,0.0,0.5097193827875097,0.8957153126744617,0.08351435176987287,1.4678236252672225,0.01976500806101198,0.006692644896171783,0.01087777639824067,0.010443338044764706,0.012414001807586814,0.8142137807496423,0.19259455662658265,6.783534516458926,6.783534516458926,0.09513737196507661,0.0,0.0,4.303668282787252,0.43547690210875517,0.0,0.43547690210875517,2.529194350539481,0.07118101776664301,4.2102827911340395,0.01262152837068768,0.00882496130949187,0.00511851027515364,0.022996988220527908,0.006841168339763369,0.7910192538492428,0.18742164284546184,6.783534516458926,6.806280827184456,val_self_probe_loss
8,2.4030443233418413,2.4030443233418413,0.11750007067468635,0.0,0.0,4.320152585776001,0.5093266484700757,0.0,0.5093266484700757,0.8948245708279631,0.08477090202623612,1.4656027317942661,0.01909469751361042,0.005856340241431372,0.008556668040916144,0.0096046610075457,0.01057080415912733,0.8038499026869053,0.20876448018359825,6.762099353550291,6.762099353550291,0.09853403205456941,0.0,0.0,4.295851138807972,0.43820127937364284,0.0,0.43820127937364284,2.5187562895152045,0.07504418122102015,4.20002993778181,0.01168820749019614,0.008425163757345228,0.003979303376598758,0.022423702459898054,0.006057518401316234,0.7793084501479723,0.20402134936418592,6.762099353550291,6.783534516458926,val_self_probe_loss
9,2.3837183588373545,2.3837183588373545,0.1191862400060951,0.0,0.0,4.289373634413751,0.49941407754183076,0.0,0.49941407754183076,0.8851138514422624,0.08692313327109513,1.4566158007403056,0.018715773875754568,0.00514985484778513,0.006904232206332173,0.008738636205833646,0.009189294024475908,0.7965476675169659,0.2180469217009916,6.738968290735661,6.738968290735661,0.10483421547257382,0.0,0.0,4.260017827430867,0.43809272820905126,0.0,0.43809272820905126,2.5080140466824963,0.0802343413233757,4.187995591652088,0.012759568846512656,0.008238424216209107,0.0030642826231601443,0.022025771882321386,0.005176042362769939,0.7739222980804324,0.21113264070164342,6.738968290735661,6.762099353550291,val_self_probe_loss
10,2.3716115639447906,2.3716115639447906,0.12298771135435407,0.0,0.0,4.26313752217298,0.4925801397743916,0.0,0.4925801397743916,0.8797275113446882,0.09004207799450364,1.4503096610227952,0.019346416732613263,0.004610562322888233,0.005564371833391692,0.008107784169937692,0.007856138881181422,0.7922181880958256,0.228450206187109,6.710994481404098,6.710994481404098,0.10223865795949971,0.0,0.0,4.238594019635124,0.4154362502675619,0.0,0.4154362502675619,2.495745199379621,0.076964984329776,4.172634790710792,0.013456598534509076,0.008120785968147524,0.0023495622777513097,0.021481602629126045,0.004646439786410387,0.7687234282493591,0.21530081905563425,6.710994481404098,6.738968290735661,val_self_probe_loss
11,2.3603239186091756,2.3603239186091756,0.12264331347594278,0.0,0.0,4.244033015258488,0.48567779605919914,0.0,0.48567779605919914,0.8717970178471766,0.08976295638244709,1.4473299981329006,0.01920342698701454,0.0040904535029214345,0.0045241274647046656,0.00765784372525488,0.006886784838355104,0.788172299984912,0.23714439062203324,6.687022385193232,6.687022385193232,0.11548263301945622,0.0,0.0,4.219936554476341,0.4168703604188765,0.0,0.4168703604188765,2.4844057441208953,0.08669973535012014,4.160352680015071,0.016218361800524946,0.008028600072619789,0.0018793438092707107,0.021175445870189748,0.0044827809939103095,0.7627870618186382,0.23292844173330698,6.687022385193232,6.710994481404098,val_self_probe_loss
12,2.354709470654816,2.354709470654816,0.12673667542693642,0.0,0.0,4.2266160795377195,0.4793968355092992,0.0,0.4793968355092992,0.8699562660491035,0.09276196543785664,1.4440593103480521,0.019910473973540392,0.0037086328090823835,0.0037121378032553996,0.006968478614446,0.006278478776633282,0.7813947721579727,0.25016707947434763,6.657897358852791,6.657897358852791,0.10438212747714534,0.0,0.0,4.2109140935151474,0.411909641501326,0.0,0.411909641501326,2.4715824977708807,0.07719160662674755,4.144271318485486,0.015072001103797684,0.007943660436778023,0.0014083984391821652,0.020804206032113616,0.0036590544735399647,0.7595346225714832,0.22801029117581267,6.657897358852791,6.687022385193232,val_self_probe_loss
13,2.339482316986528,2.339482316986528,0.12912144278034027,0.0,0.0,4.211203038103625,0.4632330873795058,0.0,0.4632330873795058,0.8647688383933742,0.09433865097364662,1.434233399947367,0.020850238260433782,0.0034204852804602926,0.0030675716851515907,0.006754117842015333,0.005619995132943311,0.7789892851979228,0.25207321847963804,6.632782206957384,6.632782206957384,0.10889427525841672,0.0,0.0,4.200161184583392,0.406332608705722,0.0,0.406332608705722,2.46080160770357,0.08106668964491127,4.130373447729992,0.015066701450286815,0.007899127024954752,0.0010808682291889968,0.02052878848528663,0.003462621732470319,0.7515902041648486,0.24288808031481987,6.632782206957384,6.657897358852791,val_self_probe_loss
14,2.334588803612636,2.334588803612636,0.13075494354040773,0.0,0.0,4.1996039203179,0.46268847087473824,0.0,0.46268847087473824,0.8597872920567425,0.09561282312078351,1.4346917432740036,0.02113371061899267,0.003070555127437434,0.002470938332172358,0.006299785939970439,0.005032801597852477,0.7742407142658003,0.25774790505284667,6.609296137108381,6.609296137108381,0.11041371709441547,0.0,0.0,4.191142182912886,0.4101967657945171,0.0,0.4101967657945171,2.45073960412016,0.0810806856531164,4.11711084681002,0.016593229708186587,0.007854135238828705,0.0008380241216281834,0.02026456508547594,0.0031865066790849154,0.74911363894895,0.24423289650715657,6.609296137108381,6.632782206957384,val_self_probe_loss
15,2.3093298750507323,2.3093298750507323,0.13061883577792757,0.0,0.0,4.188014790464835,0.45008322253054506,0.0,0.45008322253054506,0.8499469846256004,0.09549386392865825,1.419474109035071,0.021006819179729363,0.0028246211011471833,0.0020410544821700136,0.005903836562575284,0.004582695917018846,0.7722424336767354,0.26299238476481057,6.576359484460413,6.576359484460413,0.12836562559841583,0.0,0.0,4.179785373048012,0.39683121572370117,0.0,0.39683121572370117,2.4352915075127477,0.09496995181955906,4.099790242060973,0.019971723810000265,0.007859395990776901,0.0007073566605342749,0.01999331653256964,0.003407652374148739,0.7462587278822194,0.25812691848100344,6.576359484460413,6.609296137108381,val_self_probe_loss
16,2.310351937109631,2.310351937109631,0.13459672902339637,0.0,0.0,4.180471361664857,0.43728271817009484,0.0,0.43728271817009484,0.8521845566781502,0.09759416328957785,1.418442872010425,0.022788819281382305,0.002700785277196657,0.0017007466739924822,0.005712203275612693,0.004354327190749176,0.7695648844234244,0.26706254685095193,6.537810642735003,6.537810642735003,0.11044187959491836,0.0,0.0,4.175591148945116,0.3842541151535437,0.0,0.3842541151535437,2.419932492534335,0.07969621589742833,4.076869598050423,0.017414384822343816,0.007802397378270951,0.0005104891091414513,0.01962278961324746,0.0027029981109261605,0.7419098375006492,0.25866714342040303,6.537810642735003,6.576359484460413,val_self_probe_loss
17,2.2870934492531187,2.2870934492531187,0.13689171193263663,0.0,0.0,4.174910577277844,0.4339020081134319,0.0,0.4339020081134319,0.842511738130146,0.09937871150206264,1.404999731761801,0.023155982703232214,0.002467306579348685,0.001401053157580851,0.00555895468420487,0.004124514484352766,0.7681868574883621,0.2718860523041203,6.503625480492848,6.503625480492848,0.11720371195433303,0.0,0.0,4.170257935612838,0.3698025923337996,0.0,0.3698025923337996,2.405199837043696,0.08455144243766062,4.0575197438437565,0.01923952632300232,0.007802927826447354,0.00040894149013025606,0.019363423046924937,0.002688296808086058,0.7403727395934347,0.2608335417990359,6.503625480492848,6.537810642735003,val_self_probe_loss
18,2.3125496726037382,2.3125496726037382,0.1367398071563859,0.0,0.0,4.169915439006918,0.42234837040550494,0.0,0.42234837040550494,0.8524239347955267,0.09912941587677902,1.4207562366858304,0.02305469322544814,0.0023430925749219813,0.0011177245506037406,0.005609980568649609,0.003681870763937398,0.7644532718066981,0.27816160865594214,6.48356124823508,6.48356124823508,0.13721925256230075,0.0,0.0,4.166764733213816,0.37735898709445265,0.0,0.37735898709445265,2.3958256931697823,0.10024318191575708,4.046849489933667,0.023115252283465417,0.00779333206455647,0.00032955638721573707,0.01932790000584578,0.0031074179489720866,0.7400737482568492,0.2693537721722763,6.48356124823508,6.503625480492848,val_self_probe_loss
19,2.2678828905822157,2.2678828905822157,0.14110488327614693,0.0,0.0,4.166755988228857,0.4231499345190046,0.0,0.4231499345190046,0.8327520034438496,0.10221389817681192,1.3959393729379097,0.024167139404151758,0.002206063627712142,0.0009588836494201445,0.005304876107182742,0.0035425142776609516,0.7621891650357964,0.282597461202142,6.446516821438574,6.446516821438574,0.1322115047007614,0.0,0.0,4.1646699342668425,0.37314449907830044,0.0,0.37314449907830044,2.3806289108123004,0.09546590668166646,4.025096776999348,0.02293343333272923,0.007767203084931793,0.0002537087121760033,0.019055469269265553,0.0029007437717030694,0.7388621400231901,0.2691732667247701,6.446516821438574,6.48356124823508,val_self_probe_loss
20,2.253666005124932,2.253666005124932,0.14152228830609181,0.0,0.0,4.164247593424323,0.4051481723850828,0.0,0.4051481723850828,0.8245199136190632,0.10252115388863958,1.3898435504350537,0.02436372698678274,0.0021680500161229367,0.0008180175463078108,0.005202646409805443,0.003421422162601309,0.764804147993563,0.28181521972369417,6.401443647162885,6.401443647162885,0.14430953502099705,0.0,0.0,4.162789013074792,0.3695684417804576,0.0,0.3695684417804576,2.360952667171795,0.10389387454860699,3.9998248330178607,0.026137374708810765,0.0077521002326111504,0.00020930283071664133,0.01873012114372625,0.002998509752326963,0.7370951236775203,0.27852215381882944,6.401443647162885,6.446516821438574,val_self_probe_loss
21,2.240612998351242,2.240612998351242,0.14432912091719463,0.0,0.0,4.1622645831395975,0.3975821028491145,0.0,0.3975821028491145,0.8220277946753147,0.1037761261594675,1.379381833914933,0.025871936632596307,0.002037273396985272,0.0006921529321615409,0.004929532953532889,0.0033908518696762007,0.7640225710643764,0.28337870569312873,6.362950736228724,6.362950736228724,0.14195609111223162,0.0,0.0,4.161443064671866,0.36032428874732547,0.0,0.36032428874732547,2.3447633317110608,0.10201738913607153,3.977626395388651,0.025611197124727023,0.007752923464327718,0.00017775411987662755,0.018505880022016558,0.0029283333294996008,0.7354404119230946,0.2798046391943227,6.362950736228724,6.401443647162885,val_self_probe_loss
22,2.222153615680831,2.222153615680831,0.14517171665388195,0.0,0.0,4.161128982100084,0.3973200821392361,0.0,0.3973200821392361,0.8160685080519655,0.10426657470239635,1.3670343574715123,0.02609752017992388,0.0019387077158007722,0.0005614421096283832,0.004743001990773716,0.0031306870715154906,0.7618354396683978,0.2870838511264939,6.312354124666001,6.312354124666001,0.12242069104628533,0.0,0.0,4.160503387451172,0.35458871629667577,0.0,0.35458871629667577,2.3240406700172778,0.08652174537596495,3.9478654546362364,0.021837427792781444,0.007712315657824677,0.00012538118264601733,0.018102529482201597,0.002373177669537456,0.7341871837281292,0.27585711723529033,6.312354124666001,6.362950736228724,val_self_probe_loss
23,2.2328725016208693,2.2328725016208693,0.14607404432495652,0.0,0.0,4.160335100573844,0.3975155695405933,0.0,0.3975155695405933,0.8189374605698755,0.10444443523229542,1.3749322459555582,0.02675984641608632,0.001916934718885464,0.00048602099534743656,0.004981968904698204,0.00318067104547488,0.7605093540920254,0.28860377863000436,6.2736205245767325,6.2736205245767325,0.13378202128484382,0.0,0.0,4.159831017440891,0.3464532666695044,0.0,0.3464532666695044,2.307823648598184,0.09458757256684096,3.9254394171395055,0.024782645255789992,0.007717934939724694,0.00011205796231168628,0.01788298058379962,0.002556517976191566,0.73279993652557,0.28256269919205895,6.2736205245767325,6.312354124666001,val_self_probe_loss
24,2.1614519749102556,2.1614519749102556,0.14955713216350316,0.0,0.0,4.159673554182838,0.3783226628531216,0.0,0.3783226628531216,0.788527208184118,0.1064044186593934,1.3341245731496294,0.028328568227875377,0.0017553862107868596,0.00041741892592173834,0.004508040659334081,0.0031209978330972413,0.7582107900133771,0.2881538150208449,6.229304859588235,6.229304859588235,0.14035620433943613,0.0,0.0,4.1594620224852,0.3475013338260769,0.0,0.3475013338260769,2.2903979551943703,0.09710983709889169,3.8985754141543545,0.028853805429122834,0.007715751868000208,0.00011913291038909164,0.017590237287724946,0.0026699460656758145,0.7328716905220695,0.2819156583791934,6.229304859588235,6.2736205245767325,val_self_probe_loss
25,2.2061173339690257,2.2061173339690257,0.1463029253103338,0.0,0.0,4.159342598836587,0.37689342329321524,0.0,0.37689342329321524,0.8115546113875839,0.10417295996463652,1.3558096109197346,0.02711675140667302,0.001739005205783999,0.0003873858321061957,0.0043964343035336004,0.003021668489157548,0.7575756487417169,0.29228400297536544,6.1830038450750875,6.1830038450750875,0.14312314524413636,0.0,0.0,4.159189840281232,0.3467211247601124,0.0,0.3467211247601124,2.2718056962935265,0.0980675367650038,3.870920680237714,0.030623692909244056,0.007710639536594076,0.00011229073262364193,0.01727385723801411,0.002684764066560668,0.7324415452732063,0.28270727155371483,6.1830038450750875,6.229304859588235,val_self_probe_loss
26,2.1502570945822708,2.1502570945822708,0.152130613571726,0.0,0.0,4.159122691065498,0.3720443135885978,0.0,0.3720443135885978,0.7830702260312441,0.10770940847703052,1.3282632783165715,0.029306900768278066,0.0016480572509546647,0.0003324761979799957,0.004363490927848928,0.0029458451173222256,0.7615037181636505,0.2947320047639204,6.1256758694230395,6.1256758694230395,0.1425081189744961,0.0,0.0,4.159037341242251,0.33649760188523287,0.0,0.33649760188523287,2.247813396823957,0.09586359134742192,3.8376569182912803,0.03214865755174101,0.007679656974252556,0.00011978851166842665,0.0167875792306952,0.0025816055217914007,0.7321384771270041,0.28415528550651503,6.1256758694230395,6.1830038450750875,val_self_probe_loss
27,2.1194879789678245,2.1194879789678245,0.15793973436470743,0.0,0.0,4.159007213772586,0.3675398844591742,0.0,0.3675398844591742,0.7678034156274651,0.111558764408272,1.312940878214971,0.031127714248359792,0.001613613782255296,0.00033411613491601,0.004138184664949865,0.0032004947154593583,0.7585288726537602,0.296993555961142,6.085320144556231,6.085320144556231,0.1489110187343929,0.0,0.0,4.158960934751523,0.32939441937097114,0.0,0.32939441937097114,2.2309613312964807,0.10229147364449057,3.814185910252276,0.032052982112635735,0.007661958015288851,0.00012201149221249388,0.016576821197248036,0.0028065448903091114,0.7319963393004044,0.28510818366678603,6.085320144556231,6.1256758694230395,val_self_probe_loss
28,2.111256577377131,2.111256577377131,0.15597962785172803,0.0,0.0,4.158939244325808,0.3553291647873909,0.0,0.3553291647873909,0.7643410131196224,0.11064862165882218,1.308148140486424,0.030054961695130323,0.0015715296059089347,0.0003045710847988054,0.0041638453917590135,0.0030454386716491813,0.7591633295515627,0.29790717098375313,6.011150246474498,6.011150246474498,0.15961509656091655,0.0,0.0,4.158915904738148,0.3243654705352665,0.0,0.3243654705352665,2.198995654552203,0.10938658079375392,3.7720505534931554,0.03540686479196971,0.007648795492251502,0.0001438272761192566,0.016056611561303183,0.003081174833433969,0.7317196786033441,0.2895514968759525,6.011150246474498,6.085320144556231,val_self_probe_loss
29,2.1189395965339717,2.1189395965339717,0.15675767364734874,0.0,0.0,4.158906658708592,0.3502807022776745,0.0,0.3502807022776745,0.7683075308538033,0.11115204754697504,1.3118779170393338,0.030371605980891885,0.001543703619637358,0.0002796460681449996,0.004022546281473778,0.0031030151868314698,0.7593167063695277,0.297076132831406,5.967884889127027,5.967884889127027,0.14966309348248547,0.0,0.0,4.158897157041182,0.32417728923122335,0.0,0.32417728923122335,2.1818754449139655,0.09978118575878026,3.745958827800401,0.03514866936975014,0.0076196470053111615,0.00014230097433525393,0.015750224540633385,0.002792052173356508,0.731420914578882,0.2883692169041367,5.967884889127027,6.011150246474498,val_self_probe_loss
30,2.0953631784223044,2.0953631784223044,0.1586728337600124,0.0,0.0,4.158892473457412,0.3466169379087232,0.0,0.3466169379087232,0.7601898862079652,0.11142955202727889,1.2964158723300525,0.031882912016644435,0.0015669008820130093,0.0002814560273743227,0.004064765279349982,0.0031133788416998383,0.7591838388817239,0.29957336193905443,5.916197744076666,5.916197744076666,0.16799902601271682,0.0,0.0,4.158887839465407,0.30739047327397034,0.0,0.30739047327397034,2.1595645465060884,0.11456193367701879,3.7166073058893825,0.03861002156059749,0.007612529193211683,0.0001632694589908333,0.01544015567336862,0.0032053819036122807,0.7315826190184362,0.2893143103729864,5.916197744076666,5.967884889127027,val_self_probe_loss
31,2.087795474755646,2.087795474755646,0.15916697214777722,0.0,0.0,4.158886314877825,0.3366149442452369,0.0,0.3366149442452369,0.7571659232382423,0.11244362385782007,1.291888906531502,0.0315115007681263,0.001566707960036803,0.00023419001100661026,0.004241078968709856,0.003035233041443315,0.75849650353684,0.29699552602223583,5.842753129311323,5.842753129311323,0.1719025578002752,0.0,0.0,4.158884928093194,0.31466532401416614,0.0,0.31466532401416614,2.1294380225102354,0.11503388367084243,3.673343009060908,0.04202214646968783,0.007617454310070711,0.00018951211877607217,0.014971452187428609,0.00324530784338597,0.7314123289185281,0.2894924003515184,5.842753129311323,5.916197744076666,val_self_probe_loss
32,2.042503116527648,2.042503116527648,0.1648073747803168,0.0,0.0,4.15888419920736,0.33824336577848857,0.0,0.33824336577848857,0.7409929523242456,0.11441031062789465,1.2628792754418403,0.034939435624510344,0.0015366221834641179,0.00023502939513190082,0.0039141018283026935,0.0031134708869883345,0.7571049792575522,0.301750442101063,5.785108529563461,5.785108529563461,0.1730658094057385,0.0,0.0,4.158883574586477,0.30779658248705893,0.0,0.30779658248705893,2.106083950866592,0.11425674468371438,3.6391066843557014,0.04386232233380679,0.007609940020691803,0.0002094915191083821,0.014613365012608607,0.0031803950008658564,0.7310840602246871,0.291526694845709,5.785108529563461,5.842753129311323,val_self_probe_loss
33,2.00759933112776,2.00759933112776,0.17201219517103797,0.0,0.0,4.158883276414923,0.3299686289775777,0.0,0.3299686289775777,0.7270948058740532,0.11874064263344858,1.2417627728250773,0.03792699598569247,0.0013267527065461177,0.0002899870100454402,0.0036207157079565914,0.0032922373340862807,0.7609582970616061,0.29885671681159154,5.720321059944282,5.720321059944282,0.18666500075263268,0.0,0.0,4.15888305924694,0.30328514783278754,0.0,0.30328514783278754,2.0792146324330467,0.12361727226872622,3.601262659115011,0.04790732560112425,0.007561444830740889,0.00024082541923624895,0.01420116844360705,0.0035360968738262144,0.7306678211837081,0.2945317566765021,5.720321059944282,5.785108529563461,val_self_probe_loss
34,2.0642813958767414,2.0642813958767414,0.16612684948351458,0.0,0.0,4.1588830052824886,0.32656382071723267,0.0,0.32656382071723267,0.7491391536449497,0.1155329748873653,1.276555218075481,0.035205650587007,0.0015094030407460817,0.00023843403268444712,0.00408126274532711,0.0031138108785107783,0.7560295311470325,0.3003446429346317,5.686711785331461,5.686711785331461,0.18723564534824086,0.0,0.0,4.158882976318738,0.29220882576444873,0.0,0.29220882576444873,2.0659175662451092,0.12449948503549055,3.5809562186962167,0.04759265901810079,0.007561864538797212,0.00024086078459313625,0.014132722408904098,0.0035069698485204522,0.7306892323938216,0.29465185892507895,5.686711785331461,5.720321059944282,val_self_probe_loss
35,1.9765123108853755,1.9765123108853755,0.17637028158299878,0.0,0.0,4.158882936190826,0.324199335013734,0.0,0.324199335013734,0.7117457220925818,0.12104916238889474,1.2261331477412047,0.04005318004372157,0.0013468131325174426,0.0002839966616365838,0.003602229438018786,0.0033160291070836205,0.7587311250841579,0.29730673872024377,5.609797862491438,5.609797862491438,0.21699709621090327,0.0,0.0,4.1588828696967655,0.29852232318487226,0.0,0.29852232318487226,2.0351988293681735,0.1437223721642672,3.53481908693551,0.057823540318919266,0.0075730752637891835,0.00030513271991276835,0.013722577916099604,0.004138168940314826,0.7302852595074577,0.2992216356052375,5.609797862491438,5.686711785331461,val_self_probe_loss
36,1.9063408769479044,1.9063408769479044,0.18934501218481722,0.0,0.0,4.158882908972898,0.31626226372697874,0.0,0.31626226372697874,0.6815712126738644,0.12890823949312405,1.186131684087078,0.044957925276227634,0.001322455487003689,0.0002801506070063105,0.003338522067560347,0.003549136755564766,0.7594709185685075,0.3010778892315049,5.545008155789157,5.545008155789157,0.2188515528943968,0.0,0.0,4.158882881543651,0.2927075282016896,0.0,0.2927075282016896,2.009066929577948,0.14218367451096173,3.496173206745699,0.06146301276495923,0.007538971722090576,0.00032578263296120254,0.013361840916874165,0.004056721178797415,0.7309461509959297,0.2943549870704272,5.545008155789157,5.609797862491438,val_self_probe_loss
37,1.9300958704689986,1.9300958704689986,0.18061504618527469,0.0,0.0,4.158882898504465,0.3115014330157857,0.0,0.3115014330157857,0.6910484273673642,0.12347503978059791,1.2005795263261028,0.041644053431442486,0.0012813680966918353,0.00028764775623981435,0.003315899844033977,0.003351124605413375,0.7563164622801981,0.30177861141321033,5.464210696356452,5.464210696356452,0.2234352051471331,0.0,0.0,4.158882857849879,0.2877888475886043,0.0,0.2877888475886043,1.9762025291088574,0.14325155301586442,3.4482838531452815,0.06497967994615714,0.007532505304512846,0.0003482783026952602,0.012938564289498623,0.004135295476833856,0.7309514384092011,0.29406733209301966,5.464210696356452,5.545008155789157,val_self_probe_loss
38,1.9208992515761163,1.9208992515761163,0.18570391015935808,0.0,0.0,4.158882908972898,0.31120586162995295,0.0,0.31120586162995295,0.6926456336013801,0.1255013580821479,1.1896460695441662,0.04477289538425685,0.0012938993309269753,0.00027670143715086273,0.0035581426680549103,0.003374775790488787,0.758565904280226,0.30046008355531156,5.394888067907243,5.394888067907243,0.24083253398815296,0.0,0.0,4.158882834156107,0.2897740045319433,0.0,0.2897740045319433,1.9479630469859386,0.15385304944393058,3.4072690329468167,0.07150779378178142,0.007524822520450776,0.0003984533366137105,0.012524490557959511,0.0044096450116022584,0.7304504765486866,0.2986219651210382,5.394888067907243,5.464210696356452,val_self_probe_loss
39,1.9586328566074371,1.9586328566074371,0.1761794350264363,0.0,0.0,4.158882865005476,0.3045602959675794,0.0,0.3045602959675794,0.7033923371101021,0.1215286618660886,1.2165675028968443,0.03917253399564262,0.0014072317236879304,0.0002627078496622158,0.0036319306521660124,0.00316761289562204,0.7591590940232597,0.3019160381656316,5.320273363742954,5.320273363742954,0.2519548521463915,0.0,0.0,4.158882846002993,0.28675649143894266,0.0,0.28675649143894266,1.9177713490594526,0.15866348661065843,3.362866454522027,0.07793524474923655,0.007509572245795222,0.00044488828313903544,0.012093386483401847,0.004652350404884042,0.7309809071677071,0.29559297739348794,5.320273363742954,5.394888067907243,val_self_probe_loss
40,1.903434141963295,1.903434141963295,0.18825802539038736,0.0,0.0,4.158882733103211,0.29869253637369325,0.0,0.29869253637369325,0.6770515855499896,0.12862370831382786,1.1878209987657327,0.04420525914530395,0.0013092364704721474,0.0002780603780653982,0.003733774188228164,0.003355485464075149,0.7572183938764453,0.30047991404025665,5.2686399759852,5.2686399759852,0.2701411947885655,0.0,0.0,4.158882620912161,0.2789513656626577,0.0,0.2789513656626577,1.8966308966660814,0.170983180588817,3.3323773275048514,0.0837459098981543,0.007527535055928158,0.00047767278164377873,0.011871798772737962,0.004919182942306727,0.7312581968603667,0.29601536108099896,5.2686399759852,5.320273363742954,val_self_probe_loss
41,1.8219335309989366,1.8219335309989366,0.2052670600614485,0.0,0.0,4.158882540484029,0.2934785045593421,0.0,0.2934785045593421,0.6475534879067825,0.13658359487317134,1.1358372956651348,0.05311451671577573,0.0012623417856761855,0.00033059318197043114,0.003322669063770426,0.0036631866317839413,0.7578997362719933,0.3023995326261489,5.209855009136455,5.209855009136455,0.2663544012893061,0.0,0.0,4.1588826179504395,0.2763826627723919,0.0,0.2763826627723919,1.873429897993294,0.16504397113686023,3.2967901912153414,0.08615344146740918,0.007522869881874121,0.0004904240720985986,0.011704363115782624,0.004668018760402565,0.7316834047344161,0.29135149162008156,5.209855009136455,5.2686399759852,val_self_probe_loss
42,1.844019584382274,1.844019584382274,0.1966120418974911,0.0,0.0,4.158882613763066,0.2908000035618322,0.0,0.2908000035618322,0.6583955940002275,0.13335286153625578,1.1470472709716397,0.04780174921646011,0.001299075101537765,0.00027852763490392044,0.003369235229176499,0.0033196929070902284,0.7583007433019275,0.30111656243924123,5.1363329148001,5.1363329148001,0.29949158966911504,0.0,0.0,4.1588826179504395,0.27781735147748676,0.0,0.27781735147748676,1.8437273740328801,0.18779769093261,3.2530155878843776,0.09606622832809916,0.007563522099014747,0.0005643220350670705,0.011376071082838805,0.005407999496710319,0.7312215681401839,0.2989160470340563,5.1363329148001,5.209855009136455,val_self_probe_loss
43,1.7953533551172158,1.7953533551172158,0.2080744426742474,0.0,0.0,4.1588826179504395,0.2917310697252481,0.0,0.2917310697252481,0.6448829837928554,0.1374753631168872,1.1119034887811845,0.05500435686448403,0.0011322412788857727,0.00036245674362364474,0.0031655844189553764,0.0036716428613463984,0.7593454169651287,0.3027388875492318,5.055758332012233,5.055758332012233,0.30860179408181526,0.0,0.0,4.1588826179504395,0.27511141203945466,0.0,0.27511141203945466,1.8120358565226429,0.19271499335025408,3.204203527623221,0.10012985316469618,0.007504769663971065,0.0005915501606407516,0.010962992991893466,0.005548715785938251,0.7309250750156663,0.30108372524658344,5.055758332012233,5.1363329148001,val_self_probe_loss
44,1.8273724260546766,1.8273724260546766,0.20050016330180917,0.0,0.0,4.1588826179504395,0.28875691032304984,0.0,0.28875691032304984,0.6550053550067443,0.1337522757449213,1.1338505596730093,0.05121926181672629,0.0012368337516662686,0.0003345489090026901,0.0032080255201419675,0.0035281371926882688,0.7577305652700062,0.3018434440265241,4.965567636147419,4.965567636147419,0.321827041158765,0.0,0.0,4.1588826179504395,0.2717976088849654,0.0,0.2717976088849654,1.7766636388191248,0.19728395782457375,3.149398415810747,0.10894543722977643,0.007481525216185812,0.0006438982321619365,0.010564926629582338,0.0057577201749504725,0.7315751902805352,0.2972182287192493,4.965567636147419,5.055758332012233,val_self_probe_loss
45,1.7143525822266004,1.7143525822266004,0.2278128011984307,0.0,0.0,4.1588826179504395,0.28897672086855974,0.0,0.28897672086855974,0.6106602399416767,0.1473151157834004,1.0651605989575452,0.06489814158414545,0.0011682182195785267,0.0004280876264112639,0.003125709146987054,0.004020788783895549,0.7585407951529803,0.3018088193219789,4.8725522589748325,4.8725522589748325,0.34874482489890934,0.0,0.0,4.1588826179504395,0.2715692468311476,0.0,0.2715692468311476,1.7399949071992489,0.2141168040009389,3.093067299558706,0.11892405066997831,0.007475590062505198,0.0006883599085452922,0.010280927736275997,0.006076608304373966,0.731851691785066,0.29848439908175733,4.8725522589748325,4.965567636147419,val_self_probe_loss
46,1.6782975575787502,1.6782975575787502,0.23945003680058813,0.0,0.0,4.1588826179504395,0.28316521566079034,0.0,0.28316521566079034,0.5891545031339331,0.1550715535666495,1.0506319856530815,0.06878445893485186,0.001136512687100347,0.00046431600550610294,0.0029864223605828434,0.0041089229501424,0.7585668568422713,0.30134092914155236,4.792656600914942,4.792656600914942,0.3733266595727909,0.0,0.0,4.1588826179504395,0.2677421243109318,0.0,0.2677421243109318,1.7088513310929263,0.2271808751899263,3.044342208911104,0.13032919213881497,0.007435982854370179,0.0007196302500142903,0.01009869873624943,0.0062452969170227555,0.7318847964269034,0.3002431751778407,4.792656600914942,4.8725522589748325,val_self_probe_loss
47,1.6142907827503725,1.6142907827503725,0.26162055354773933,0.0,0.0,4.1588826179504395,0.28081331383252905,0.0,0.28081331383252905,0.5654859037622073,0.16806153261177365,1.0101883558139335,0.07789103042346586,0.0010966562907071937,0.0004527335141972781,0.0030771208091042975,0.004473615611027252,0.7606921938588407,0.3021490386105526,4.695009504612651,4.695009504612651,0.4107886803631457,0.0,0.0,4.1588826179504395,0.266287260544226,0.0,0.266287260544226,1.6714747697809098,0.24781090356640934,2.984075615153596,0.1470117183309627,0.007483948286185663,0.0007995371636509771,0.009939827422267232,0.006539380371640003,0.7318820945964837,0.30224458401247584,4.695009504612651,4.792656600914942,val_self_probe_loss
48,1.6412871940803646,1.6412871940803646,0.24669597429580145,0.0,0.0,4.1588826179504395,0.2744661268955005,0.0,0.2744661268955005,0.5829697717379873,0.15619231983773926,1.0197643885807095,0.0747150286406475,0.0011941897729488395,0.00040058655347193644,0.002992562469619947,0.004047982388178069,0.7591060977081567,0.3056737265327759,4.601981185978244,4.601981185978244,0.42749541030722377,0.0,0.0,4.1588826179504395,0.262773983597015,0.0,0.262773983597015,1.6345048367251174,0.2554209238577704,2.928054071796526,0.15616260599692044,0.007484769353914937,0.0008604591550002336,0.009607897517712417,0.00665120109308349,0.7318096616253349,0.30063303398049396,4.601981185978244,4.695009504612651,val_self_probe_loss
49,1.6875079281333707,1.6875079281333707,0.24281916055014577,0.0,0.0,4.1588826179504395,0.2724674328033016,0.0,0.2724674328033016,0.5929592809426208,0.15730275867995525,1.0560417304604706,0.0698446608174073,0.0012364456791463425,0.00040654565336998135,0.0031669345471198322,0.0037477180439954303,0.7576215167076998,0.30390668693934,4.526979666226399,4.526979666226399,0.4439256013087604,0.0,0.0,4.1588826179504395,0.26088911239404855,0.0,0.26088911239404855,1.6053771979684555,0.26390820709259616,2.882220125560481,0.1639644845232645,0.007452553471384761,0.0008862469978723639,0.009358462969583072,0.006844005198217928,0.7316632174557041,0.3029387880186116,4.526979666226399,4.601981185978244,val_self_probe_loss
50,1.6313250204292662,1.6313250204292662,0.2529188040582592,0.0,0.0,4.1588826179504395,0.2715512718575977,0.0,0.2715512718575977,0.5746014430714131,0.16131679000563992,1.0182506495424262,0.07592529493755161,0.0011677536635499133,0.000466125433015472,0.002930225966675626,0.0038632665115227653,0.7577595251451863,0.3034773205951854,4.474681630580229,4.474681630580229,0.47648882764096584,0.0,0.0,4.1588826179504395,0.26056415990272663,0.0,0.26056415990272663,1.585811730989064,0.2829426528180238,2.8494587135848284,0.17743969151622946,0.007506277372316538,0.0009107171380102434,0.009311968654825104,0.0072088797811002275,0.7320594543255634,0.3031579045035084,4.474681630580229,4.526979666226399,val_self_probe_loss
51,1.6525307135445881,1.6525307135445881,0.2523259259801272,0.0,0.0,4.1588826179504395,0.26647759283740485,0.0,0.26647759283740485,0.5827304080075509,0.16071387418800337,1.0313245009832313,0.075839249139118,0.001122611395972648,0.0004156029678370781,0.003014397632732423,0.0039153410076816966,0.7578724463082825,0.305547393016051,4.357026673020413,4.357026673020413,0.5005733538303316,0.0,0.0,4.1588826179504395,0.2568512011944137,0.0,0.2568512011944137,1.5398219601476786,0.2915397762604382,2.77782151479598,0.19316700181883315,0.007419672105909667,0.0010049599723569377,0.008820970927405617,0.007404138911110552,0.732925818573614,0.297498866823149,4.357026673020413,4.474681630580229,val_self_probe_loss
52,1.4473390451312458,1.4473390451312458,0.3110048540926137,0.0,0.0,4.1588826179504395,0.2644995776476373,0.0,0.2644995776476373,0.506948468055572,0.19170960607303617,0.9019247813193224,0.10352269849616269,0.0010288686133230066,0.000559587167737544,0.0027975888876039965,0.004816915324922859,0.7585773864509507,0.303019188369014,4.290920626464652,4.290920626464652,0.5204116304561218,0.0,0.0,4.1588826179504395,0.2576964452214863,0.0,0.2576964452214863,1.5156548511560843,0.3012316262129671,2.7359367621779116,0.20314732659029663,0.0073646171697630885,0.0010186100875024585,0.00881566831976557,0.007246346048785154,0.7321239150829196,0.3010675883071023,4.290920626464652,4.357026673020413,val_self_probe_loss
53,1.6013161374540217,1.6013161374540217,0.26059899347477505,0.0,0.0,4.1588826179504395,0.26238868275144095,0.0,0.26238868275144095,0.5673484073626747,0.16325332897456626,0.9954948576799012,0.08152131058488339,0.0010980455957582624,0.0004938076073092328,0.002932554503770404,0.0038813428882239582,0.7581028408328997,0.3062553518951659,4.209364468173951,4.209364468173951,0.5565644401756132,0.0,0.0,4.1588826179504395,0.257028110093952,0.0,0.257028110093952,1.484045175361152,0.3218909625125968,2.6860061608289616,0.2186559331979348,0.007322773128575848,0.0010667992861125193,0.00851140496438884,0.007822111143400859,0.7326202659133059,0.29937242739689274,4.209364468173951,4.290920626464652,val_self_probe_loss
54,1.4703751874496724,1.4703751874496724,0.31221384337554253,0.0,0.0,4.1588826179504395,0.2629535559372635,0.0,0.2629535559372635,0.5118991544308666,0.19264304315677458,0.9199342359896058,0.10376293565076086,0.0011221467897551017,0.0005239148654000099,0.002952741589963295,0.004721393245430796,0.7593204820718775,0.30409498884047165,4.0733104884994695,4.0733104884994695,0.6114610853772726,0.0,0.0,4.1588826179504395,0.25480210383116086,0.0,0.25480210383116086,1.4320095323809996,0.3534930332662156,2.6020250110959298,0.24171674956122172,0.007358207428099021,0.0011816881383508546,0.008163160532394782,0.008198728415426676,0.7323980592422604,0.30271976408751117,4.0733104884994695,4.209364468173951,val_self_probe_loss
55,1.3870448094805954,1.3870448094805954,0.3413518381956249,0.0,0.0,4.1588826179504395,0.2638560709851241,0.0,0.2638560709851241,0.48518592472526556,0.20838296014312593,0.8633224556665218,0.11696943129963853,0.001003990055024307,0.0006218931095992956,0.002853214045455955,0.004775074321590568,0.7600016179121417,0.3073292591830902,3.9816474628790934,3.9816474628790934,0.6351735677037921,0.0,0.0,4.1588826179504395,0.25428190068428563,0.0,0.25428190068428563,1.3981084491224578,0.360992006240239,2.54423886627358,0.25813106375150613,0.007377868684269748,0.0011971243779529833,0.00817304267294948,0.007916080176841861,0.7327644732427894,0.2991917647930406,3.9816474628790934,4.0733104884994695,val_self_probe_loss
56,1.3460554333422108,1.3460554333422108,0.3693957766671343,0.0,0.0,4.1588826179504395,0.25730628709172837,0.0,0.25730628709172837,0.47233777049556785,0.22316205828694952,0.835316994626169,0.130426479572007,0.0011018569423455712,0.0005980367395720413,0.002896341038883166,0.005137774833650803,0.7567116050898178,0.302879238560485,3.8920723659142573,3.8920723659142573,0.6831933698668984,0.0,0.0,4.1588826179504395,0.2537528477285219,0.0,0.2537528477285219,1.365085397904843,0.387523055122876,2.4877153471985727,0.2794686134337731,0.007340692025638237,0.0012507430903881287,0.00813840657345349,0.007983107066290997,0.7324539224923767,0.30181372869088785,3.8920723659142573,3.9816474628790934,val_self_probe_loss
57,1.3614224348090482,1.3614224348090482,0.35485370242078795,0.0,0.0,4.1588826179504395,0.2585913025815976,0.0,0.2585913025815976,0.46770652553780184,0.21763241345024004,0.8551400876721587,0.12138225945606256,0.001108735495365279,0.0006018992296720852,0.0028804886919261254,0.004310339700244571,0.7602137043892225,0.3051504334097505,3.782566494221643,3.782566494221643,0.7323781590654243,0.0,0.0,4.1588826179504395,0.2507515245157739,0.0,0.2507515245157739,1.3237854897490013,0.41418342810610065,2.4195265506238024,0.30193714547023087,0.007332831417172077,0.0013109633655629701,0.007889656588270311,0.008403196588147038,0.732644928538281,0.3017898772073829,3.782566494221643,3.8920723659142573,val_self_probe_loss
58,1.4390597933929916,1.4390597933929916,0.34043257064405835,0.0,0.0,4.1588826179504395,0.25377043764363527,0.0,0.25377043764363527,0.5032847170901007,0.2088066600140442,0.8971021134461533,0.11573258847300819,0.0009776456767618279,0.0004977999970812515,0.0029969070113517555,0.00418079999821418,0.7625782323590226,0.3070160156416448,3.716545212215611,3.716545212215611,0.7500571412329348,0.0,0.0,4.1588826179504395,0.24989407171743996,0.0,0.24989407171743996,1.2990613739347514,0.41945146699869856,2.378193650601478,0.3145533505312358,0.007374466807756469,0.0013149616876961439,0.007903446562686553,0.00825175414836578,0.7331283951398009,0.2979680184992204,3.716545212215611,3.782566494221643,val_self_probe_loss
59,1.2741136335482581,1.2741136335482581,0.3953150822551007,0.0,0.0,4.1588826179504395,0.25398569765912715,0.0,0.25398569765912715,0.4373266712775705,0.2369931891078025,0.798366142383702,0.14268629470866676,0.0010955728879354335,0.0005226195710005788,0.002800255770305362,0.004416223582055146,0.7573375694052972,0.30126661065511984,3.611021308089543,3.611021308089543,0.8034734813878255,0.0,0.0,4.1588826179504395,0.24702547601661326,0.0,0.24702547601661326,1.2607302205833775,0.44952527919541235,2.311069484502193,0.3375056302232772,0.007389613150961347,0.0014312861653961138,0.007704474156655904,0.008568662322149468,0.7320702194427111,0.3045583300708984,3.611021308089543,3.716545212215611,val_self_probe_loss
60,1.2334725245236369,1.2334725245236369,0.43275620747443483,0.0,0.0,4.1588826179504395,0.25354934468227475,0.0,0.25354934468227475,0.4302829326581288,0.2500703821754089,0.764715880589022,0.16678582204650969,0.0011174356371982678,0.0007220839827600879,0.0031499181419552707,0.004923862619550427,0.7575857910183468,0.304541909570359,3.4703065936008226,3.4703065936008226,0.8780354872253371,0.0,0.0,4.1588826179504395,0.24918748503145965,0.0,0.24918748503145965,1.2098862810280198,0.48532637986152066,2.2212066561466672,0.3763241959353967,0.007321271105871539,0.001493880189238033,0.007480912994787166,0.008739882715694283,0.7327015562827542,0.30274905144057657,3.4703065936008226,3.611021308089543,val_self_probe_loss
61,1.3116688462205304,1.3116688462205304,0.37755395318294593,0.0,0.0,4.1588826179504395,0.2478305099431822,0.0,0.2478305099431822,0.4632448887045605,0.22456662808304692,0.8098670299257981,0.1373397734560048,0.0010764317944953596,0.0005573208317821018,0.0028588674604968383,0.004347946260964782,0.7600376628232971,0.30146865963805,3.408706073134397,3.408706073134397,0.9194766620856635,0.0,0.0,4.1588826179504395,0.24587679649732128,0.0,0.24587679649732128,1.187155545136735,0.5079726033745715,2.1823390945488508,0.3950393252647395,0.007360030947034739,0.0015781145132491502,0.007302024128039871,0.009040870533110748,0.7328217921790129,0.30332276280622306,3.408706073134397,3.4703065936008226,val_self_probe_loss
62,1.1104200056352285,1.1104200056352285,0.4995714600405499,0.0,0.0,4.1588826179504395,0.246803575629853,0.0,0.246803575629853,0.38319334039376673,0.290092838100034,0.688766762892318,0.1934988821266806,0.0010625669376734996,0.0007261040712721185,0.0026842593175152563,0.005233200008568939,0.758516583105081,0.30549755787352173,3.3134878017933844,3.3134878017933844,0.9644238474483816,0.0,0.0,4.1588826179504395,0.24726095212542493,0.0,0.24726095212542493,1.1535842955714057,0.5258908424503315,2.120669551318083,0.42228538241029157,0.0073211872604023375,0.001538359668872844,0.007396899998876388,0.008652330053715695,0.7332787295305951,0.2999551403596534,3.3134878017933844,3.408706073134397,val_self_probe_loss
63,1.1789151571862784,1.1789151571862784,0.48958495974082716,0.0,0.0,4.1588826179504395,0.2463114080556007,0.0,0.2463114080556007,0.40121772445116755,0.2848815081884387,0.7392326121246104,0.18890046930650062,0.001010967704350421,0.0007414431995896875,0.0029332346413754803,0.004995283281607461,0.7583751699403665,0.30236229202357395,3.2263535247733874,3.2263535247733874,1.023474486995928,0.0,0.0,4.1588826179504395,0.2454619350270455,0.0,0.2454619350270455,1.1212932233501989,0.5584051099067889,2.065867491419317,0.44867732579478564,0.007251533587426685,0.0015024049073403577,0.007402731351169717,0.008666627226189149,0.7327927499083999,0.3029959505389196,3.2263535247733874,3.3134878017933844,val_self_probe_loss
64,1.2032605715496743,1.2032605715496743,0.4483573137078144,0.0,0.0,4.1588826179504395,0.2430459211706199,0.0,0.2430459211706199,0.42487923996206106,0.26011350489212315,0.7399453516971856,0.17255543384795066,0.0011475025899181782,0.0005839739924769682,0.0029863907579121994,0.004089678107361125,0.7570089981139818,0.302668486546999,3.13366667262238,3.13366667262238,1.0714890800462746,0.0,0.0,4.1588826179504395,0.24466437508600838,0.0,0.24466437508600838,1.0893972000520769,0.5801702927774894,2.005056241868492,0.4748955444889779,0.007354065775419354,0.0015743268531030774,0.007225327947182778,0.008955140933625816,0.7330418184677266,0.3026825319165769,3.13366667262238,3.2263535247733874,val_self_probe_loss
65,1.0907649415270164,1.0907649415270164,0.49529274627484554,0.0,0.0,4.1588826179504395,0.24532841826440474,0.0,0.24532841826440474,0.3735337875084185,0.2806750008126907,0.6787952738686267,0.1986290546242479,0.0008845210313256708,0.0006867866048837386,0.002744003166774294,0.0045459624988146525,0.7588083054440997,0.30724802250134564,3.0246940297277076,3.0246940297277076,1.1512728189089283,0.0,0.0,4.1588826179504395,0.242979974109934,0.0,0.242979974109934,1.0502898729788082,0.6197916605272649,1.9351957922596021,0.5150860896889374,0.00731496875386205,0.0015989381449657886,0.007008541390221705,0.009356291378958163,0.7335739696618193,0.30119539380813976,3.0246940297277076,3.13366667262238,val_self_probe_loss
66,1.1786704635090153,1.1786704635090153,0.47132987241157454,0.0,0.0,4.1588826179504395,0.24306820836797374,0.0,0.24306820836797374,0.41544203466145907,0.2654559837509065,0.7246345722159467,0.1898905095776173,0.001078748691655311,0.0006002912791555749,0.0030376306454100036,0.0045856122731545,0.7604076982722193,0.3074948124906496,2.9172568334648328,2.9172568334648328,1.2249559730476474,0.0,0.0,4.1588826179504395,0.2450375503264599,0.0,0.2450375503264599,1.0129554784388184,0.6550054551559206,1.8650825524887775,0.5534393101618249,0.007473874329831538,0.001703342078703742,0.006869058342367087,0.009647529433417764,0.7332667715801215,0.3024139252508649,2.9172568334648328,3.0246940297277076,val_self_probe_loss
67,0.9581747834543104,0.9581747834543104,0.6223789896779213,0.0,0.0,4.1588826179504395,0.24120670417988208,0.0,0.24120670417988208,0.33579369854595015,0.3493064069623612,0.5838501914419667,0.2571070131045305,0.0011661231144681281,0.0008624511493267579,0.0029090952390649497,0.005679455217746885,0.7589690761822638,0.3036406552163489,2.8158667805425313,2.8158667805425313,1.306329691493363,0.0,0.0,4.1588826179504395,0.24353597734285437,0.0,0.24353597734285437,0.9778754989998357,0.6938099955549891,1.7987759259850458,0.5960590165362966,0.00739727913510844,0.0016182525148635126,0.007049369523431874,0.009359261054279549,0.7332230214006412,0.3024034215056378,2.8158667805425313,2.9172568334648328,val_self_probe_loss
68,0.982533405202673,0.982533405202673,0.6775966576994709,0.0,0.0,4.1588826179504395,0.2422613264046176,0.0,0.2422613264046176,0.34947419331769913,0.36572758251500576,0.5944412333827412,0.29587147399398744,0.0013212651667902277,0.0009884610653529175,0.0029977014204988135,0.005209454137455717,0.7597577083778172,0.30459035581343785,2.7254726342648636,2.7254726342648636,1.3595574461155056,0.0,0.0,4.1588826179504395,0.24188258281405667,0.0,0.24188258281405667,0.9462547464518929,0.7148289758226146,1.7400480354760097,0.6283281540775799,0.007207699616707902,0.0014313523036474614,0.007202175164577893,0.009018386297668358,0.7329471257532606,0.302813389471599,2.7254726342648636,2.8158667805425313,val_self_probe_loss
69,0.940246088395527,0.940246088395527,0.6221255792221044,0.0,0.0,4.1588826179504395,0.23781138329749313,0.0,0.23781138329749313,0.3226353051171574,0.3440732413864031,0.5790553406079256,0.26213684228466644,0.0010071097427233337,0.0007506965196453256,0.003024458236666243,0.004921086098534657,0.7600237735670825,0.3047148901989641,2.634507411350467,2.634507411350467,1.419377573621199,0.0,0.0,4.1588826179504395,0.2408615981940157,0.0,0.2408615981940157,0.9154179820426457,0.7381655413264073,1.6798513553984555,0.6650232093507042,0.007340622643823735,0.001484647237940289,0.007155798136268205,0.008986472601204045,0.7337487543591802,0.29838109294079845,2.634507411350467,2.7254726342648636,val_self_probe_loss
70,0.9111766826226473,0.9111766826226473,0.7267890229297783,0.0,0.0,4.1588826179504395,0.23666730683407328,0.0,0.23666730683407328,0.314047642245901,0.40762662921922793,0.558642416027028,0.3031590288570386,0.0009359064554188883,0.0007208956341015201,0.002854658913872492,0.005084554473619037,0.759343611945436,0.3062936154927171,2.5530273230364604,2.5530273230364604,1.4879977175537844,0.0,0.0,4.1588826179504395,0.24008255456545338,0.0,0.24008255456545338,0.8875528203167299,0.770256887218967,1.626216563908094,0.7012551542203758,0.007444296832364891,0.0015424323399778168,0.0072868277704898525,0.0088995674954762,0.7333671002654556,0.30420444952034803,2.5530273230364604,2.634507411350467,val_self_probe_loss
71,0.9332151151334808,0.9332151151334808,0.6257708331919659,0.0,0.0,4.1588826179504395,0.23239869312776823,0.0,0.23239869312776823,0.3238619582831827,0.3433743539612851,0.5708404303498722,0.26666147461208045,0.0010988391881770812,0.0005608795160769779,0.0030838476597974496,0.004442052536416067,0.7585945813114112,0.30301163644089263,2.4384443110884715,2.4384443110884715,1.5865448672578941,0.0,0.0,4.1588826179504395,0.23927871151740507,0.0,0.23927871151740507,0.8485667886738868,0.8135167731909279,1.5506002152517946,0.7565653377837323,0.007515218834047819,0.001746886065114985,0.007012045839931584,0.009209638809993493,0.7339431132589068,0.3021021372413043,2.4384443110884715,2.5530273230364604,val_self_probe_loss
72,0.8015525264483514,0.8015525264483514,0.7328636638419427,0.0,0.0,4.1588826179504395,0.2340574264362798,0.0,0.2340574264362798,0.2819316642497933,0.37795122967200795,0.4810872254392253,0.33879734597421374,0.0011357620260581112,0.000827583498707874,0.002938667055920715,0.004912687693523196,0.7591162902986964,0.3083377548551717,2.350293461418485,2.350293461418485,1.6557739011434294,0.0,0.0,4.1588826179504395,0.23815982043743134,0.0,0.23815982043743134,0.8181012425751003,0.8431273083786787,1.4929615079037706,0.7961793142683249,0.007390727020398083,0.0016657571849017874,0.006993305474239176,0.009238048837670583,0.7336747007710593,0.30254164726837823,2.350293461418485,2.4384443110884715,val_self_probe_loss
73,0.8591046814983618,0.8591046814983618,0.7744543246033425,0.0,0.0,4.1588826179504395,0.23532460536705543,0.0,0.23532460536705543,0.2961246902894936,0.4074045312064408,0.5242568532359694,0.3509155502737092,0.001204283280975329,0.0007610928479860618,0.002972958390560087,0.00488417018698191,0.7624945628786977,0.3091114478106033,2.260296606545493,2.260296606545493,1.7453378829526605,0.0,0.0,4.1588826179504395,0.2387444933193811,0.0,0.2387444933193811,0.7882609135624576,0.8823721911873876,1.4328112331065725,0.8464465261211399,0.007378352959716247,0.0016766409713194921,0.007004623273850321,0.009324810642644949,0.7335901060459776,0.3033474206184008,2.260296606545493,2.350293461418485,val_self_probe_loss
74,0.6841858946743833,0.6841858946743833,0.9705338091083467,0.0,0.0,4.1588826179504395,0.2369082013449737,0.0,0.2369082013449737,0.2473978565312701,0.5109382073847837,0.39839523145980094,0.4434777085191921,0.0010151385709067805,0.0009779894672206789,0.002998912882041411,0.005911897069751055,0.7567823184439432,0.305644655659484,2.1824350005582622,2.1824350005582622,1.8093062091317977,0.0,0.0,4.1588826179504395,0.23903339842091437,0.0,0.23903339842091437,0.7618245504946904,0.9047070037781823,1.3813797382808504,0.8881199754230817,0.007287169396042135,0.0015275128858119845,0.007432544313990135,0.008547219852714436,0.7333076229747038,0.30485177502869076,2.1824350005582622,2.260296606545493,val_self_probe_loss
75,0.7190466475408243,0.7190466475408243,0.9356808575968187,0.0,0.0,4.1588826179504395,0.23231553136648123,0.0,0.23231553136648123,0.253991729550219,0.48953192644271054,0.4265562459523866,0.430140931398478,0.0010441692035526914,0.0007796832036183731,0.0029652445643790614,0.005146611401653806,0.758822198167983,0.3059671461647612,2.1045289803643406,2.1045289803643406,1.8811333163739732,0.0,0.0,4.1588826179504395,0.23813461442911846,0.0,0.23813461442911846,0.7355693213899058,0.9344520988579123,1.3297116385500947,0.9301329302075116,0.007305017133064059,0.0015080165957391818,0.007565270727558165,0.00839144104704122,0.7333018537263692,0.3066435047188161,2.1045289803643406,2.1824350005582622,val_self_probe_loss
76,0.8468124261565515,0.8468124261565515,0.780348577717591,0.0,0.0,4.1588826179504395,0.23252741506672847,0.0,0.23252741506672847,0.29104261403815446,0.3993690077513947,0.5171831640334131,0.3650539210280884,0.0011780185479565721,0.0007284759087766954,0.002968018731147329,0.00438649540549322,0.75990722352142,0.30609850433341235,2.011473950137448,2.011473950137448,1.9991454659781842,0.0,0.0,4.1588826179504395,0.23950617468875388,0.0,0.23950617468875388,0.7049763180801402,0.9853978670717026,1.2671713260586681,0.9974801647158699,0.007407080049900214,0.0016378415314744043,0.007280602483932068,0.008883421605030618,0.734930486042307,0.29939065586706126,2.011473950137448,2.1045289803643406,val_self_probe_loss
77,0.8487399499188663,0.8487399499188663,0.7221052589714855,0.0,0.0,4.1588826179504395,0.22804410441581294,0.0,0.22804410441581294,0.2953030255108941,0.37147534969871054,0.514854311241751,0.3347358785377474,0.000890380000571248,0.0006604361526063185,0.0029897081375487035,0.0038631351825164713,0.7612210983240775,0.3068523034698746,1.885618508833906,1.885618508833906,2.1389811125971514,0.0,0.0,4.1588826179504395,0.2379021894487535,0.0,0.2379021894487535,0.6628898937162591,1.0471896708289288,1.1834405756624913,1.075260711761527,0.007492478751622267,0.001774709946301481,0.006735661305322295,0.0098370323818096,0.7348285704295828,0.30206688387053354,1.885618508833906,2.011473950137448,val_self_probe_loss
78,0.6929277746511867,0.6929277746511867,0.8480065718832969,0.0,0.0,4.1588826179504395,0.22862273224033455,0.0,0.22862273224033455,0.24900249748119652,0.42350651625171715,0.4053406134630123,0.40853709024995666,0.0012387555983434707,0.0008994234171406566,0.0030019941532592833,0.004774452129743879,0.7594954430991548,0.305212711169089,1.7970288239234353,1.7970288239234353,2.245669210642021,0.0,0.0,4.1588826179504395,0.23951589570652623,0.0,0.23951589570652623,0.6336441708046087,1.090924809067886,1.124152554015438,1.1381121869227901,0.007428370014179038,0.0017829138746351164,0.006647052614290198,0.01009957806022132,0.7342049579442658,0.30353236864812627,1.7970288239234353,1.885618508833906,val_self_probe_loss
79,0.5504529676047428,0.5504529676047428,1.1642369594911581,0.0,0.0,4.1588826179504395,0.22822737865534362,0.0,0.22822737865534362,0.1990351425371369,0.5782644506768783,0.312806130101665,0.5699566011179062,0.0012557342459922289,0.0008339676584503867,0.0030866485334673137,0.005583723570740527,0.7597819278190479,0.30498099258388306,1.7115033265689146,1.7115033265689146,2.3382604513201652,0.0,0.0,4.1588826179504395,0.23970840556651168,0.0,0.23970840556651168,0.6053921189477308,1.1232089831129364,1.0669007821453977,1.1985695444232558,0.007266090546836947,0.0016900878293239182,0.006966832212479033,0.009365202449782757,0.7339479388287349,0.3024594902251818,1.7115033265689146,1.7970288239234353,val_self_probe_loss
80,0.5792547472671868,0.5792547472671868,1.0770178918780924,0.0,0.0,4.1588826179504395,0.22828770578561838,0.0,0.22828770578561838,0.22250234279536227,0.5351638960622407,0.3181040382480942,0.5257309355029813,0.0012605895672804185,0.000831458130520256,0.003361976789193009,0.005420693053744333,0.759940723294615,0.3074644129114015,1.6452074558329508,1.6452074558329508,2.4146038247098836,0.0,0.0,4.1588826179504395,0.24014881456860845,0.0,0.24014881456860845,0.5829366228647345,1.1521888537020046,1.0230553071361659,1.2458313564359216,0.007321862067283574,0.00171370114971611,0.007168121484790854,0.00907210518189515,0.73336213456918,0.3049602608503022,1.6452074558329508,1.7115033265689146,val_self_probe_loss
81,0.5603160656636946,0.5603160656636946,1.0262694827942371,0.0,0.0,4.1588826179504395,0.2258085225566682,0.0,0.2258085225566682,0.20291875214668648,0.5112709532748462,0.3188544049752727,0.4989579160105842,0.0010408127491485582,0.0007926217117214243,0.0030506481088107018,0.004867406155092132,0.7595525084290363,0.30711348042399117,1.554540675549959,1.554540675549959,2.5417232977122253,0.0,0.0,4.1588826179504395,0.23846260435092523,0.0,0.23846260435092523,0.5529878315203447,1.2023281797951793,0.9623057731508237,1.3228398564543506,0.007445644125503615,0.0017761569987788275,0.007026304513279649,0.009162711913072684,0.7336588642612007,0.3039010418868213,1.554540675549959,1.6452074558329508,val_self_probe_loss
82,0.6562943721740097,0.6562943721740097,0.9185101946102278,0.0,0.0,4.1588826179504395,0.2253068890320352,0.0,0.2253068890320352,0.2319984774357761,0.45911975319443105,0.38586841297615015,0.44347499691882264,0.0009391486317957736,0.0007035738870421618,0.0028697358207668776,0.004394357174846551,0.7581141815489132,0.3060023185319618,1.4978600537277156,1.4978600537277156,2.61230820852407,0.0,0.0,4.1588826179504395,0.2387713772354659,0.0,0.2387713772354659,0.5343087384699965,1.228273328092898,0.9242504303812148,1.36756257661358,0.0076171196790636945,0.0018250098624233693,0.0069195523833485775,0.009284127023510681,0.7340915958333459,0.3017545960704732,1.4978600537277156,1.554540675549959,val_self_probe_loss
83,0.6711929874447645,0.6711929874447645,0.8886375657715206,0.0,0.0,4.1588826179504395,0.23039218616537938,0.0,0.23039218616537938,0.23637620046219568,0.42959280580314924,0.39627336335913343,0.44288349681371325,0.0008883977078977854,0.0007700089491802446,0.0027103094819449624,0.003980905332824402,0.7610052716718939,0.31141283977306505,1.3923283476174249,1.3923283476174249,2.783790781723787,0.0,0.0,4.1588826179504395,0.2406798835311617,0.0,0.2406798835311617,0.5000410502594288,1.3001954025640992,0.8530423572122102,1.4670176690947612,0.0075213413564264135,0.001860282058022795,0.006397933759929046,0.010366143268295882,0.7344954876425844,0.3015270525624293,1.3923283476174249,1.4978600537277156,val_self_probe_loss
84,0.5148170785538844,0.5148170785538844,1.2308464369089491,0.0,0.0,4.1588826179504395,0.23122073804834933,0.0,0.23122073804834933,0.19061183945595825,0.5936058944031907,0.2855376614509181,0.6208834947361872,0.0009887493455104743,0.0007716829558077542,0.0028782597025825704,0.005643854834217043,0.7626511395042997,0.3119936741144283,1.3147005587469163,1.3147005587469163,2.8854206101679654,0.0,0.0,4.1588826179504395,0.2405281102990512,0.0,0.2405281102990512,0.47406652845986047,1.3345402595326767,0.8014353132627395,1.5344525392149917,0.007307905326065931,0.0019289943044461088,0.006551208792352667,0.009734024192490007,0.7343319456399597,0.2994429992963068,1.3147005587469163,1.3923283476174249,val_self_probe_loss
85,0.6375478180830748,0.6375478180830748,1.0116359361832803,0.0,0.0,4.1588826179504395,0.22210211734544041,0.0,0.22210211734544041,0.22908460833827438,0.5029486045732063,0.3699075290248305,0.49269211893588405,0.0009578265333175046,0.0008264136262155346,0.0029080921573703443,0.004282727851363719,0.7605080280031776,0.3072062663398642,1.2360746313742599,1.2360746313742599,3.0395824450143376,0.0,0.0,4.1588826179504395,0.24046462292996992,0.0,0.24046462292996992,0.44994945013432863,1.3941368324138363,0.746886988945583,1.6290304548807026,0.0073939753678787835,0.0019199134095169543,0.006352411895435049,0.010195118302814894,0.7350872527368321,0.29831324860175945,1.2360746313742599,1.3147005587469163,val_self_probe_loss
86,0.4772608590718158,0.4772608590718158,1.1795958870884877,0.0,0.0,4.1588826179504395,0.22310066614075105,0.0,0.22310066614075105,0.1787842532556451,0.5539478063583374,0.2600793621372984,0.6095911869053391,0.001066000065831447,0.0007484089100637111,0.0029682082002144205,0.004798603794383116,0.7566791329242526,0.30779910336210753,1.1605736097170514,1.1605736097170514,3.1858514209526665,0.0,0.0,4.1588826179504395,0.24036666047499047,0.0,0.24036666047499047,0.4248897679126966,1.4559290295709735,0.6964790421185194,1.7131922823891783,0.0074054032309459495,0.0019318541549832194,0.006357914389990363,0.010342114594886485,0.7343531337954243,0.3042603664516662,1.1605736097170514,1.2360746313742599,val_self_probe_loss
87,0.5090812812472411,0.5090812812472411,1.08630095448439,0.0,0.0,4.1588826179504395,0.2216325352371197,0.0,0.2216325352371197,0.178151586154347,0.5175505762533351,0.2923544811577619,0.552616810559016,0.00102240931529334,0.000596732343788247,0.0027895972312097853,0.00441386627644693,0.7608131569381864,0.3108597045803175,1.0883008826824818,1.0883008826824818,3.3464831856096753,0.0,0.0,4.1588826179504395,0.24165902152564955,0.0,0.24165902152564955,0.4013936368731192,1.5214782465503822,0.6477227336336622,1.8080150050267298,0.007460855116495741,0.0021724075216168004,0.006133654353683178,0.010919757621212405,0.7341177352466939,0.30709585769576314,1.0883008826824818,1.1605736097170514,val_self_probe_loss
88,0.3879863626674292,0.3879863626674292,1.5733046552286976,0.0,0.0,4.1588826179504395,0.22672275819383259,0.0,0.22672275819383259,0.1461602704380726,0.7266816678410958,0.2031548964575293,0.8304016961850038,0.0010380222204368272,0.0009269417248867777,0.003172903317338598,0.005357876657835452,0.7618878373199446,0.3090764246840116,1.0323638540247213,1.0323638540247213,3.403642898853521,0.0,0.0,4.1588826179504395,0.24215355672821495,0.0,0.24215355672821495,0.38167658268751703,1.5324622482662986,0.6114681459303876,1.8546271125456284,0.0073043904236520735,0.0018882125706390386,0.006532468215521911,0.010022987506022643,0.7347953634232468,0.30158080299448525,1.0323638540247213,1.0883008826824818,val_self_probe_loss
89,0.44249912906687555,0.44249912906687555,1.477929584101317,0.0,0.0,4.1588826179504395,0.22521723448641345,0.0,0.22521723448641345,0.17384476498031068,0.6887021452417489,0.2298051430225274,0.7729536869147083,0.0009790652732617343,0.0008803913663967902,0.002968186349020177,0.005102062872871674,0.7661528248425765,0.31087134096415714,0.9961065764290206,0.9961065764290206,3.4393981739600994,0.0,0.0,4.1588826179504395,0.24122041371298134,0.0,0.24122041371298134,0.36884634321995124,1.5377092042602367,0.5880439457633989,1.8851707997783926,0.007282014079453418,0.0018622589419092094,0.006736285870993128,0.009529733952273679,0.7344414614002157,0.3019934085585316,0.9961065764290206,1.0323638540247213,val_self_probe_loss
90,0.45158684584102565,0.45158684584102565,1.2146125605614073,0.0,0.0,4.1588826179504395,0.22264383085538214,0.0,0.22264383085538214,0.16466477112875255,0.5736084426829896,0.2480558278805829,0.6248036076965957,0.0011693280954788,0.0007458970682173268,0.0034027611700057346,0.0048141380185189805,0.7646724661540252,0.3106523370768969,0.9189620071455188,0.9189620071455188,3.6471282417729776,0.0,0.0,4.1588826179504395,0.2438588792122669,0.0,0.2438588792122669,0.34450047087757296,1.6202127011666387,0.5352794261307959,2.0100732114461035,0.007420969003325571,0.001983900594591969,0.006550353488260128,0.009958820559246384,0.7334375503640738,0.3070033101931862,0.9189620071455188,0.9961065764290206,val_self_probe_loss
91,0.3935766354464935,0.3935766354464935,1.3427097726404733,0.0,0.0,4.1588826179504395,0.22383998229723467,0.0,0.22383998229723467,0.15214820895405357,0.6088117110480592,0.20266168152976835,0.7176096085254532,0.001339598152092346,0.0008422752829839726,0.002848222672210395,0.004578885241768412,0.7629405292799916,0.31240097960839547,0.8641975502952101,0.8641975502952101,3.77671762296687,0.0,0.0,4.1588826179504395,0.24404982259925107,0.0,0.24404982259925107,0.3257378467057849,1.6685727303442748,0.49928770396245287,2.0912561263275906,0.007377137815863941,0.0019944045957260488,0.006439674957308294,0.010255347110145951,0.7336737080390409,0.3072963353269589,0.8641975502952101,0.9189620071455188,val_self_probe_loss
92,0.4396824441670259,0.4396824441670259,1.5404388691767903,0.0,0.0,4.1588826179504395,0.2284041637744914,0.0,0.2284041637744914,0.1590643459818562,0.7041042700131821,0.24182953513263183,0.8199502226388496,0.0011711866466359681,0.0010120930324438791,0.003325090497544569,0.005264020494760948,0.763264756040437,0.3120968257098507,0.8203193792228743,0.8203193792228743,3.826947344617444,0.0,0.0,4.1588826179504395,0.2428318995126286,0.0,0.2428318995126286,0.30990801225936976,1.6811783683272252,0.47120991777281585,2.129262266819429,0.007293030914636503,0.0019013017683719453,0.006618937398654102,0.009798162454820198,0.7343263381756611,0.3010277774022973,0.8203193792228743,0.8641975502952101,val_self_probe_loss
93,0.5040501427768221,0.5040501427768221,1.077530308592856,0.0,0.0,4.1588826179504395,0.22229453428974527,0.0,0.22229453428974527,0.18114116182908596,0.4926589513044195,0.2842801722404511,0.5689622782882299,0.0010967864338681716,0.0007699757386387761,0.002953428612652917,0.004165876963718678,0.7611855286143876,0.3059988725852757,0.747398777974781,0.747398777974781,4.084763958402302,0.0,0.0,4.1588826179504395,0.2448747941055653,0.0,0.2448747941055653,0.28852244642540026,1.785510639966645,0.4196605086066292,2.28257147268745,0.007437307012132919,0.002072003355193453,0.006292502212147257,0.010735590286373583,0.7345441611287016,0.3018102118317385,0.747398777974781,0.8203193792228743,val_self_probe_loss
94,0.38880759529957526,0.38880759529957526,1.4303309232094679,0.0,0.0,4.1588826179504395,0.2221393107419218,0.0,0.2221393107419218,0.15323697131139385,0.6679628345007169,0.19696609807761978,0.7462482419883184,0.0009979217761256513,0.0008684610675537472,0.0030327278371331916,0.005166222017542607,0.7610357365152839,0.30772181399959897,0.7013449735060242,0.7013449735060242,4.170819187664097,0.0,0.0,4.1588826179504395,0.2443985989004929,0.0,0.2443985989004929,0.27242907923675197,1.8085276689264715,0.38969898328144587,2.345721647409456,0.007440401991601145,0.002028283324016342,0.006358311780199108,0.010389807281194267,0.7344188769781812,0.30046965209593685,0.7013449735060242,0.747398777974781,val_self_probe_loss
95,0.3286651220708333,0.3286651220708333,1.6147746377502916,0.0,0.0,4.1588826179504395,0.2229556378332896,0.0,0.2229556378332896,0.11958567674131707,0.7252136017599692,0.17046931881404406,0.8733120896126646,0.0009406763440740226,0.0008434040477733794,0.0030656112063421562,0.0051099711249078476,0.7613679835354065,0.3105431106166442,0.6693010028243435,0.6693010028243435,4.220619595337729,0.0,0.0,4.1588826179504395,0.24393873481276612,0.0,0.24393873481276612,0.2601688780390906,1.8264554622380629,0.3699328667333824,2.377399175503054,0.007362044519090068,0.0019380333385314945,0.006538283662300742,0.010189568604377346,0.7340978256293705,0.3052363967673379,0.6693010028243435,0.7013449735060242,val_self_probe_loss
96,0.2628644976180157,0.2628644976180157,1.9862833072060289,0.0,0.0,4.1588826179504395,0.22565017285645336,0.0,0.22565017285645336,0.10621418207362458,0.844065431018823,0.11774437130724298,1.1257280725975543,0.0011051531882723283,0.0011107307611160934,0.0031403744217947853,0.005232725299600385,0.7663123559218992,0.31377682852038435,0.6691703565233613,0.6691703565233613,4.090841140713751,0.0,0.0,4.1588826179504395,0.24126640054750145,0.0,0.24126640054750145,0.257247946019753,1.7649268450574105,0.37270318130783225,2.309222278405004,0.007381374011523385,0.0017173844830298695,0.0069193225534725355,0.009436714471612843,0.7336384185722896,0.306377275019699,0.6691703565233613,0.6693010028243435,val_self_probe_loss
97,0.23521343325842356,0.23521343325842356,1.8503923250605587,0.0,0.0,4.1588826179504395,0.22557568293306096,0.0,0.22557568293306096,0.10373298004964769,0.8142521559341548,0.09263606346697924,1.0199418650770358,0.0013500052409614084,0.0008366914706281795,0.002947938540576253,0.005074187045923049,0.7642419743878127,0.3096325462264889,0.5947240559349519,0.5947240559349519,4.42658683555837,0.0,0.0,4.1588826179504395,0.24768187540658512,0.0,0.24768187540658512,0.23288879490469044,1.8927416887527668,0.32257310898615893,2.517130189216609,0.007451810671402697,0.0019047745727785803,0.006826076805533737,0.00950941389718712,0.7343320605917747,0.30576150350689146,0.5947240559349519,0.6691703565233613,val_self_probe_loss
98,0.2549343754575229,0.2549343754575229,1.7079088439107857,0.0,0.0,4.1588826179504395,0.22556099434650037,0.0,0.22556099434650037,0.09832063824465881,0.7565106503199275,0.11803796295788135,0.9351305479590671,0.0010650197930579584,0.0010121765746317966,0.0029674585466247573,0.004884323793484877,0.7602555940232345,0.3105221857878039,0.5504448543192807,0.5504448543192807,4.596640714901205,0.0,0.0,4.1588826179504395,0.24832735622521512,0.0,0.24832735622521512,0.2180084122622513,1.9550723599165862,0.29321336501815953,2.6247313076844265,0.00738780352530852,0.0018467339094126632,0.0067886600129144345,0.009574030066105705,0.7339452564346124,0.3083545943224652,0.5504448543192807,0.5947240559349519,val_self_probe_loss
99,0.3156579626738436,0.3156579626738436,1.5490267489731115,0.0,0.0,4.1588826179504395,0.22089430105869384,0.0,0.22089430105869384,0.11375201671485484,0.6930713116566515,0.1634703035293603,0.8398299201010316,0.0008954174711694072,0.0005874884422271255,0.003079368709739907,0.004415243800548565,0.7580767244460423,0.3107418294599368,0.5106624038138005,0.5106624038138005,4.742284361805234,0.0,0.0,4.1588826179504395,0.24898114643111732,0.0,0.24898114643111732,0.20568455685282946,2.0037868493554756,0.26571353496578726,2.7218961124279484,0.007512039818760493,0.00202713836418111,0.006682911247842199,0.00982682325628511,0.7343603661341697,0.30224915061678204,0.5106624038138005,0.5504448543192807,val_self_probe_loss
100,0.4660487812826191,0.4660487812826191,1.6831306392239032,0.0,0.0,4.1588826179504395,0.2253182505540607,0.0,0.2253182505540607,0.1743589717849811,0.7454404148521591,0.253239434948508,0.9215014022023598,0.0010949261373756954,0.000930765465762388,0.0032682800546654477,0.004794474169519923,0.7569960251074329,0.30953228777902186,0.5159175491643063,0.5159175491643063,4.480968329662121,0.0,0.0,4.1588826179504395,0.24191450859819139,0.0,0.24191450859819139,0.2034229833939292,1.8904094732603671,0.273288970263617,2.573808849268587,0.007328995359773742,0.0017933523272037086,0.006925260525931436,0.009505014113144753,0.7336169462766706,0.3070271481638369,0.5159175491643063,0.5159175491643063,val_self_probe_loss
101,0.25089209038522975,0.25089209038522975,1.6568628644118848,0.0,0.0,4.1588826179504395,0.22024012141902935,0.0,0.22024012141902935,0.09506526359374319,0.7076464816191849,0.11707101479933303,0.9328631491295004,0.0008796949399312913,0.0007468687721111075,0.0028453395877270646,0.004615428532922536,0.7650269940577276,0.31410030642796294,0.43542540908692784,0.43542540908692784,4.955259257499476,0.0,0.0,4.1588826179504395,0.24937236781075875,0.0,0.24937236781075875,0.1794319485866621,2.0741053519782073,0.21686458021911406,2.864263394948743,0.007368234715963893,0.0019439221864587177,0.006580085811054809,0.010175315175864915,0.7325759680004593,0.307739650240596,0.43542540908692784,0.5106624038138005,val_self_probe_loss
102,0.31805683814733404,0.31805683814733404,1.762328468451254,0.0,0.0,4.1588826179504395,0.22337968773428354,0.0,0.22337968773428354,0.12177021276618791,0.7692473930287309,0.15750698799433024,0.9768698661057554,0.0011492889265331228,0.0006641581104363253,0.003174710408674551,0.004660418321522674,0.763497042538175,0.3115837794496513,0.41471294464069125,0.41471294464069125,4.9089162137752735,0.0,0.0,4.1588826179504395,0.24710212712702545,0.0,0.24710212712702545,0.16954779078582335,2.0495573503908164,0.20596012822496965,2.8425208289662134,0.007378381421364358,0.0020183386458489812,0.006648628998501515,0.010052975604125524,0.7339113832260511,0.30655702448779754,0.41471294464069125,0.43542540908692784,val_self_probe_loss
103,0.2592410095502202,0.2592410095502202,1.8353419025499131,0.0,0.0,4.1588826179504395,0.22444896771277084,0.0,0.22444896771277084,0.09619232598778052,0.7714801094894482,0.12456198551300525,1.0476927445581925,0.0009522650146276233,0.0008516194245994913,0.0030788283319872906,0.00442919804730977,0.7588151538934718,0.31026388765297397,0.38713750275580777,0.38713750275580777,4.969205244496372,0.0,0.0,4.1588826179504395,0.24732804168825565,0.0,0.24732804168825565,0.1605865305827595,2.066508628937028,0.18730487943748417,2.8859660802929668,0.007404215357925089,0.0019806560019799166,0.006564751495202275,0.010300492279243118,0.734771362372807,0.3041003514891085,0.38713750275580777,0.41471294464069125,val_self_probe_loss
104,0.24871221781758393,0.24871221781758393,2.130540953403181,0.0,0.0,4.1588826179504395,0.22464156765838356,0.0,0.22464156765838356,0.10042361566913442,0.9165759187203992,0.10950936316834552,1.1976418280779793,0.0011497520493658087,0.0009392947618010388,0.0033199056574326462,0.005200399649426602,0.763196034829258,0.31136415792479866,0.3909107225698344,0.3909107225698344,4.870449652397855,0.0,0.0,4.1588826179504395,0.2448837309150222,0.0,0.2448837309150222,0.15877247418375304,2.022453548190016,0.19286229856809753,2.8312395060411797,0.007367447303153968,0.0017605165077036883,0.007054548631769298,0.00942439222939729,0.73457292388685,0.3074767089778592,0.3909107225698344,0.3909107225698344,val_self_probe_loss
105,0.21203802326442645,0.21203802326442645,2.2199644104840335,0.0,0.0,4.1588826179504395,0.22164566633337546,0.0,0.22164566633337546,0.09239266319435527,0.9303734586477018,0.08085671902054554,1.2731551381766502,0.0008174914187697656,0.0008481845209341735,0.0031415953055028236,0.004929269854777772,0.7654022488060165,0.31461882548719544,0.3638042456800153,0.3638042456800153,5.052024522368212,0.0,0.0,4.1588826179504395,0.24683970194425642,0.0,0.24683970194425642,0.1480782004912031,2.0857693557598576,0.1764716791532795,2.9495277804906785,0.007375129906130558,0.0016824649887188208,0.007179229513030522,0.009313563527741833,0.7338528336945528,0.307506303239313,0.3638042456800153,0.38713750275580777,val_self_probe_loss
106,0.20288274462951264,0.20288274462951264,1.9664420627965362,0.0,0.0,4.1588826179504395,0.2236857066333752,0.0,0.2236857066333752,0.08047083472888242,0.8272014061964305,0.08373290460462693,1.1230357786523981,0.0012852583386679462,0.0006643506497498737,0.003059547881324368,0.004556598909031579,0.7610347329850516,0.3116636014534273,0.3391436911101297,0.3391436911101297,5.236875909872307,0.0,0.0,4.1588826179504395,0.24894062221420477,0.0,0.24894062221420477,0.13971348866959166,2.1560257615880194,0.1601114224943315,3.063931095703094,0.007662615671020684,0.001892018559464649,0.00710354489274323,0.009703950661448588,0.7338550744219596,0.30951628477677057,0.3391436911101297,0.3638042456800153,val_self_probe_loss
107,0.2352911288615901,0.2352911288615901,2.1570028211230374,0.0,0.0,4.1588826179504395,0.2258938459186732,0.0,0.2258938459186732,0.09066169467498063,0.8899831530258763,0.10608675952849482,1.2508609302660898,0.0010408502349620542,0.0008590293006701876,0.00323892024110054,0.005024103106471836,0.759171354783746,0.30883050828550573,0.3348909682299224,0.3348909682299224,5.036043499243555,0.0,0.0,4.1588826179504395,0.24440228522564314,0.0,0.24440228522564314,0.13577414290858028,2.0659696270960457,0.15989665555195037,2.9535501705661926,0.0072145149488109074,0.0016867023093102306,0.007196565866557106,0.009106347739395703,0.7339374556304505,0.303826243610856,0.3348909682299224,0.3391436911101297,val_self_probe_loss
108,0.22167458119837957,0.22167458119837957,1.9532494414536412,0.0,0.0,4.1588826179504395,0.22233084150059423,0.0,0.22233084150059423,0.08672364569717914,0.8340359551895463,0.0962423372443287,1.1029931227436327,0.001050358276573852,0.000805667663051952,0.002963149013766011,0.0051435899255494666,0.7629940869648554,0.3100934091436091,0.2946219793202714,0.2946219793202714,5.292043353506127,0.0,0.0,4.1588826179504395,0.2470283759121569,0.0,0.2470283759121569,0.12202741221021514,2.162719433074412,0.13333850488448457,3.1125180550694744,0.007414653013279208,0.0018996321807140217,0.007295525457452613,0.009049201492648224,0.7334570786597566,0.3085213710802682,0.2946219793202714,0.3348909682299224,val_self_probe_loss
109,0.22108306537835187,0.22108306537835187,2.2937987421431734,0.0,0.0,4.1588826179504395,0.22566156512950306,0.0,0.22566156512950306,0.08694582108436837,0.9788677714495183,0.09511899489614986,1.2983096852984473,0.0009676524793120146,0.0009015681842598171,0.002843868243993637,0.004861159535364118,0.7698390461610779,0.31819389667259745,0.33512875500210326,0.33512875500210326,4.9405350486128965,0.0,0.0,4.1588826179504395,0.24044109482942902,0.0,0.24044109482942902,0.13418968684496993,2.0149164508033244,0.16160736631411157,2.9090116683376364,0.007371977022512793,0.0016961718675301204,0.007758001522493682,0.008539636782804354,0.7342581252874054,0.3065759733967159,0.33512875500210326,0.3348909682299224,val_self_probe_loss
110,0.1963982333303414,0.1963982333303414,2.7096077886325207,0.0,0.0,4.1588826179504395,0.22514123632342573,0.0,0.22514123632342573,0.08939025533292545,1.1118027460889157,0.06813084622834831,1.5812250309675915,0.0011475225210582896,0.0009858018617629092,0.0031226885758169633,0.0054460888746134225,0.76555960631135,0.3157787148306058,0.3845014611825995,0.3845014611825995,4.6767166931159005,0.0,0.0,4.1588826179504395,0.2391429349132206,0.0,0.2391429349132206,0.14844592780406987,1.9069775786736738,0.19671336596727557,2.753030824379544,0.007231835956755383,0.001378378819009746,0.008455771976729034,0.007658308181009307,0.7337725088463066,0.31196249641987106,0.3845014611825995,0.33512875500210326,val_self_probe_loss
111,0.16470261208475878,0.16470261208475878,2.1775205632105354,0.0,0.0,4.1588826179504395,0.22206649205490997,0.0,0.22206649205490997,0.07212412463445891,0.9069194496168655,0.05410470420946536,1.2546083034925024,0.0008397372065562577,0.0006809526188206733,0.0029496437839041214,0.004756514606107963,0.7593776164279942,0.30693880256784734,0.3176236636473896,0.3176236636473896,4.95584752234798,0.0,0.0,4.1588826179504395,0.24212214646872526,0.0,0.24212214646872526,0.12415685709450186,2.007368635409367,0.15404707642549775,2.93199381312957,0.007409052859781374,0.0015324866881144669,0.008233036041861366,0.007782017016025573,0.7348834990714648,0.30646959391439926,0.3176236636473896,0.33512875500210326,val_self_probe_loss
112,0.14546568496265214,0.14546568496265214,2.059237004986644,0.0,0.0,4.1588826179504395,0.22086924198364713,0.0,0.22086924198364713,0.05583656978365095,0.8585859960441924,0.05085452920097845,1.1843904847162647,0.000995901989955409,0.0006771535188161321,0.0028527186251665606,0.004129314117857412,0.7648067722990537,0.3135658842475694,0.26859565933020957,0.26859565933020957,5.254186696887757,0.0,0.0,4.1588826179504395,0.24508748152611418,0.0,0.24508748152611418,0.1067500072965248,2.119941395447121,0.12245553212315538,3.1176620869266785,0.007397449658518391,0.001672028739985819,0.007646388427776672,0.008459366925974718,0.7355223309179271,0.30638768010257933,0.26859565933020957,0.3176236636473896,val_self_probe_loss
113,0.2518884994817487,0.2518884994817487,1.8218443634481252,0.0,0.0,4.1588826179504395,0.22069025700492734,0.0,0.22069025700492734,0.09612423068671012,0.759944058324974,0.11685362336165492,1.0456084246664388,0.0011216778806432454,0.0006069820973778138,0.0029950256738760614,0.004158213266409713,0.7666147516797063,0.3144851392370155,0.22191667000282994,0.22191667000282994,5.6136220738939615,0.0,0.0,4.1588826179504395,0.24821437488061301,0.0,0.24821437488061301,0.09082638413604835,2.2533825945502484,0.09170425187807923,3.3435085853388222,0.007448936323599126,0.0019670765246497827,0.006995536480605117,0.009486129925360683,0.7364851082704083,0.30580670752140304,0.22191667000282994,0.26859565933020957,val_self_probe_loss
114,0.14163646669536992,0.14163646669536992,2.8778298806345948,0.0,0.0,4.1588826179504395,0.22428806194816803,0.0,0.22428806194816803,0.06891010710448191,1.1950845024359344,0.034056466271125525,1.6664056360831998,0.0010949941150583153,0.0010664223687788356,0.003171047574046153,0.0056278349358371725,0.7615808045693994,0.31020894290063566,0.517738920711675,0.517738920711675,4.233874551350286,0.0,0.0,4.1588826179504395,0.2259787795891673,0.0,0.2259787795891673,0.19284101157096326,1.7100744142850735,0.2854555496896808,2.507772842190743,0.0071681354816092654,0.0012356042381318543,0.00893742290053586,0.006787554091941681,0.7351316357991711,0.30079233350220674,0.517738920711675,0.26859565933020957,val_self_probe_loss
115,0.5392631672151003,0.5392631672151003,1.3353771580103069,0.0,0.0,4.1588826179504395,0.20544210202280436,0.0,0.20544210202280436,0.2007548650062176,0.5666192789060094,0.2996863821106344,0.7538635808500154,0.0012291044181912552,0.0005091997098575286,0.0034193527120861718,0.003330985314706514,0.763454589964137,0.28867689988746603,0.24979707584803149,0.24979707584803149,5.241670569323975,0.0,0.0,4.1588826179504395,0.2342756425742037,0.0,0.2342756425742037,0.09930744796112087,2.0921440248533805,0.11103650562245376,3.133584875943174,0.007616583763163317,0.001801731921959065,0.007579077913003586,0.008495127263056658,0.7358215621539524,0.2928347472818742,0.24979707584803149,0.24979707584803149,val_self_probe_loss
116,0.18661823672468392,0.18661823672468392,2.0301995658521204,0.0,0.0,4.1588826179504395,0.2129630724011085,0.0,0.2129630724011085,0.07412468809041509,0.8219776071943383,0.07383326481124049,1.1923862791974935,0.0009974809004398703,0.0007830482261534538,0.002936528211906266,0.004370541946653738,0.7623452722175715,0.3040573854739527,0.22507721366164107,0.22507721366164107,5.40479038341075,0.0,0.0,4.1588826179504395,0.23681165898068351,0.0,0.23681165898068351,0.08982501332705944,2.1543029162639415,0.0959501851708715,3.2339975464892405,0.007496960917220202,0.0018674822864702505,0.007330942533473536,0.008865102457449488,0.7338936756486478,0.30274176338444586,0.22507721366164107,0.24979707584803149,val_self_probe_loss
117,0.2441374045417416,0.2441374045417416,2.0734747451138156,0.0,0.0,4.1588826179504395,0.21459043483964435,0.0,0.21459043483964435,0.09721207601640836,0.8744792846960765,0.10823543841565185,1.1829345281533366,0.0009405817326008006,0.000634238465540281,0.002964502584360924,0.004395469144225922,0.7631657838690555,0.30925698370624716,0.2532369095878386,0.2532369095878386,5.257396316352468,0.0,0.0,4.1588826179504395,0.23505148957975164,0.0,0.23505148957975164,0.0999989109807966,2.0941882977574506,0.11390784309210938,3.1463444511064833,0.007627468250575475,0.0019095929822339844,0.007485597986244938,0.00884279533960388,0.7334943143477352,0.3100469240120479,0.2532369095878386,0.24979707584803149,val_self_probe_loss
118,0.23434071834930081,0.23434071834930081,1.6692665678445908,0.0,0.0,4.1588826179504395,0.21274629035713122,0.0,0.21274629035713122,0.08680656570511841,0.715656055920603,0.10893342943512452,0.9374702574764956,0.0009274390717415276,0.0006520180344778973,0.0029946306449975552,0.004303096259691631,0.7613880029755811,0.3109388353403261,0.17229932407784906,0.17229932407784906,5.839862099947026,0.0,0.0,4.1588826179504395,0.2430812836804005,0.0,0.2430812836804005,0.07157208737252015,2.3136629436327065,0.06137979703359537,3.508889601163867,0.007751556361377563,0.0021872222120426226,0.0068911979736337985,0.00968727548259617,0.7344087114245255,0.31588335936854345,0.17229932407784906,0.22507721366164107,val_self_probe_loss
119,0.21104431948926133,0.21104431948926133,2.978268914947002,0.0,0.0,4.1588826179504395,0.22238325043842114,0.0,0.22238325043842114,0.09361705678473221,1.1965066130251576,0.07877518264648355,1.765138964658413,0.0013563157910068083,0.001299777198914379,0.003421343011555643,0.006023416540618172,0.7594171801723058,0.3139194620427656,0.18591775414273606,0.18591775414273606,5.6446415574654285,0.0,0.0,4.1588826179504395,0.24257305755008082,0.0,0.24257305755008082,0.07341195115969973,2.2307678844247545,0.07314625258632698,3.396977489200993,0.007478425797705556,0.0016365027081208959,0.0077634809997152564,0.008105082223365395,0.734272074995574,0.31352122600034155,0.18591775414273606,0.18591775414273606,val_self_probe_loss
120,0.17922740225996064,0.17922740225996064,2.177558342643025,0.0,0.0,4.1588826179504395,0.21680787452685715,0.0,0.21680787452685715,0.07020218940104156,0.8736522510304279,0.07037100783405104,1.28761241770054,0.0012530002119365935,0.000750036628610295,0.003041014757925393,0.004489206190913114,0.7607370182528324,0.31314482843313207,0.1711692886184091,0.1711692886184091,5.7887557799586595,0.0,0.0,4.1588826179504395,0.24491331499555838,0.0,0.24491331499555838,0.06689888619823578,2.2848150319656972,0.06491187828743356,3.4868682908958624,0.007553778871765898,0.0017538077374682085,0.007486557869981072,0.008544984392920127,0.7344284775834646,0.31559749567730827,0.1711692886184091,0.17229932407784906,val_self_probe_loss
121,0.15266880487080595,0.15266880487080595,2.5038372997100478,0.0,0.0,4.1588826179504395,0.22221025088485064,0.0,0.22221025088485064,0.05813104507812881,1.0208079655430844,0.05572453706753241,1.4664497589856043,0.001233121446036973,0.0009226799714107143,0.003013491643588626,0.004417826382838942,0.76407192200913,0.31814373305024485,0.17947105052215712,0.17947105052215712,5.617748852379574,0.0,0.0,4.1588826179504395,0.24404774097181994,0.0,0.24404774097181994,0.06903092355773964,2.2129345440901584,0.07099592181859735,3.387970224699665,0.007641991676588439,0.0016445008224583255,0.007621737228495341,0.008242449260415128,0.7354309747678153,0.31216870886938913,0.17947105052215712,0.17947105052215712,val_self_probe_loss
122,0.16615636921543975,0.16615636921543975,1.885352446712987,0.0,0.0,4.1588826179504395,0.2185610063807501,0.0,0.2185610063807501,0.06447796399156133,0.7723595020897956,0.06293819740447333,1.096509898191831,0.0010584641947182516,0.0006670500272573161,0.002930994998815988,0.003963664495084602,0.7636498787923911,0.31839648775682755,0.1526141719117483,0.1526141719117483,5.920550921133587,0.0,0.0,4.1588826179504395,0.24750026366355257,0.0,0.24750026366355257,0.05907504060681655,2.3265792164743315,0.05415059244751884,3.5768973859350965,0.007694816022861159,0.001802961715771258,0.007006743651675928,0.009195775625162892,0.7352831583956013,0.3140885170942508,0.1526141719117483,0.1711692886184091,val_self_probe_loss
123,0.17094589459058612,0.17094589459058612,2.0367277290929686,0.0,0.0,4.1588826179504395,0.22094119098916667,0.0,0.22094119098916667,0.05720126885270575,0.8390284167064924,0.07505625916203294,1.1813548141998431,0.001152295437118787,0.0007626284521065787,0.0030409046217470003,0.0040885698892131166,0.7619240472397872,0.314901901717767,0.13975452328598278,0.13975452328598278,6.1421380061077775,0.0,0.0,4.1588826179504395,0.24906935973197036,0.0,0.24906935973197036,0.05494668759746905,2.4090309454047163,0.04545092889287087,3.715998691874007,0.007673774896829855,0.001960807476432548,0.006645321999300526,0.010053852277298846,0.7354785270572449,0.3122430682552527,0.13975452328598278,0.1526141719117483,val_self_probe_loss
124,0.1972623560189154,0.1972623560189154,2.0549077832280083,0.0,0.0,4.1588826179504395,0.21919953985023186,0.0,0.21919953985023186,0.07452997000137616,0.8144115805135208,0.08366423233133116,1.2238603064996874,0.0010182581445865198,0.0007817701373851048,0.0031932001656410003,0.004317582331129588,0.7698853192881616,0.32017485952796054,0.13408756495586463,0.13408756495586463,6.300689048000744,0.0,0.0,4.1588826179504395,0.25078556006369385,0.0,0.25078556006369385,0.05278688431457148,2.4699078117098128,0.04194830652175945,3.81362926407561,0.007800389490365441,0.00205543229982502,0.00648281549216358,0.010784557011117291,0.7350798219627475,0.3111838528088161,0.13408756495586463,0.13975452328598278,val_self_probe_loss
125,0.21435064806896298,0.21435064806896298,2.0208963802172244,0.0,0.0,4.1588826179504395,0.2203883992591883,0.0,0.2203883992591883,0.08037424082003951,0.8141553947614132,0.09542856353583504,1.190497401643761,0.0011076789401742782,0.0007837279267538132,0.0029902179137896645,0.004744200377636124,0.7594378563758439,0.31146396776716484,0.11982085042118286,0.11982085042118286,6.368372920229568,0.0,0.0,4.1588826179504395,0.2502769485393666,0.0,0.2502769485393666,0.0471641008065354,2.493908840769566,0.03324992456531256,3.857329141004416,0.007752624415826509,0.0020527613369098314,0.006490772029295309,0.010515728251002035,0.736391770543519,0.31139656253482983,0.11982085042118286,0.13408756495586463,val_self_probe_loss
126,0.1674836635033464,0.1674836635033464,2.428451973229287,0.0,0.0,4.1588826179504395,0.21943178038500274,0.0,0.21943178038500274,0.06968856846625404,0.9853269594888132,0.05871920966830526,1.426289679734067,0.0008906818938218712,0.0007471833852121965,0.002807248731728533,0.00550125882031578,0.7714498268131629,0.32196779985851826,0.12203332654530218,0.12203332654530218,6.270397504942017,0.0,0.0,4.1588826179504395,0.24998834905046854,0.0,0.24998834905046854,0.04644993170286003,2.4506502979845735,0.03613618974030157,3.80288560799271,0.0075156968374380856,0.0018608968611097112,0.006902339493693865,0.009464046525225181,0.7375609267572438,0.3090012216049692,0.12203332654530218,0.12203332654530218,val_self_probe_loss
127,0.14610568765227802,0.14610568765227802,2.6342894389947342,0.0,0.0,4.1588826179504395,0.22511393942437763,0.0,0.22511393942437763,0.06293707853336497,1.0867618471711187,0.0442883719922208,1.5308954051576154,0.0009857230001292397,0.0009195457105955486,0.002878924033517155,0.005124134051053285,0.7669182184891434,0.3177981564261911,0.12584963801854887,0.12584963801854887,6.120760480208056,0.0,0.0,4.1588826179504395,0.24870985681596008,0.0,0.24870985681596008,0.04637360174544387,2.3881765872425174,0.039949965744238834,3.715696288880123,0.007589609552896437,0.0018287761855864792,0.0074841320393202095,0.008588646913109265,0.7376050006899034,0.3114391831877809,0.12584963801854887,0.12203332654530218,val_self_probe_loss
128,0.34838024640515136,0.34838024640515136,2.3897716284583352,0.0,0.0,4.1588826179504395,0.21860797920813282,0.0,0.21860797920813282,0.12365158897559808,0.9758037751546675,0.18584920769162747,1.3975556302288166,0.001085436496908294,0.0008478723136901676,0.0029601197897811326,0.004619555098017929,0.766241634585593,0.3147640564569919,0.19011810965697218,0.19011810965697218,5.544658570417336,0.0,0.0,4.1588826179504395,0.24108038407675228,0.0,0.24108038407675228,0.06981917943585642,2.1671685357086408,0.08085190195891058,3.3604499549136397,0.007455171677551481,0.0015477657169082383,0.007987123298724847,0.007894595298245086,0.7356906333325072,0.31727285137087663,0.19011810965697218,0.12584963801854887,val_self_probe_loss
129,0.1701286586796871,0.1701286586796871,1.994872598057259,0.0,0.0,4.1588826179504395,0.21690274761942688,0.0,0.21690274761942688,0.06539622092216749,0.8012817341642113,0.06598364613933895,1.177144592797586,0.0009560194262475927,0.0007104813363877656,0.0029563567277583838,0.004059133933127156,0.7642829842808218,0.3172535808628137,0.13182066438823753,0.13182066438823753,5.9624493736658035,0.0,0.0,4.1588826179504395,0.24547070505456153,0.0,0.24547070505456153,0.048253462445974254,2.3213873742530065,0.04412779785253061,3.6242783304234467,0.007557922496772385,0.0017400925207823196,0.007222944477960606,0.009032815827855043,0.7365526475521348,0.308911375007274,0.13182066438823753,0.13182066438823753,val_self_probe_loss
130,0.11832353071556002,0.11832353071556002,2.8046255987771387,0.0,0.0,4.1588826179504395,0.21979934165231743,0.0,0.21979934165231743,0.04623585501041685,1.1179655442171772,0.03356339554859552,1.6703241448624533,0.0009870162825147406,0.000804537993134616,0.002975367616826789,0.005274365934656788,0.7595997892410119,0.3121461449875921,0.19045590118776937,0.19045590118776937,5.524265135250847,0.0,0.0,4.1588826179504395,0.23916698344375775,0.0,0.23916698344375775,0.06865235700659593,2.1501116374079485,0.08223961130860521,3.3576817419495644,0.007474673986225244,0.0015733013688698728,0.007937198816813089,0.0078005622132386295,0.7380310161883786,0.30596618696769573,0.19045590118776937,0.19011810965697218,val_self_probe_loss
131,0.17663192016233073,0.17663192016233073,1.7849649857611085,0.0,0.0,4.1588826179504395,0.21720437618825097,0.0,0.21720437618825097,0.062698529702003,0.7185079111716619,0.07508765911104814,1.050139869976294,0.0009072134891357764,0.0005700648324270665,0.0029850150735815733,0.0037540204114557686,0.7664086337147115,0.3159869323054208,0.15342557294907408,0.15342557294907408,5.787768497507765,0.0,0.0,4.1588826179504395,0.24314248191643945,0.0,0.24314248191643945,0.05550653535745436,2.252711870239018,0.05844645516842789,3.5180705708468922,0.007534129459633975,0.0017548157619790992,0.007465288638837219,0.008655562111818643,0.7368504582724956,0.31363965413585215,0.15342557294907408,0.15342557294907408,val_self_probe_loss
132,0.17283413115516713,0.17283413115516713,1.8940106915753707,0.0,0.0,4.1588826179504395,0.21714174217502583,0.0,0.21714174217502583,0.0642059385412578,0.7376000686629413,0.06963369081872306,1.139797829333836,0.0010497473732116718,0.0006525372787004692,0.002778372080085756,0.003923823579692953,0.7690845460975471,0.3211447444757698,0.12068626730014449,0.12068626730014449,6.084349481169111,0.0,0.0,4.1588826179504395,0.24611740767585566,0.0,0.24611740767585566,0.04336674751349441,2.364999041146373,0.037851614552197155,3.7024331479825032,0.007556631232529404,0.0018578539100146249,0.007002739584281671,0.009285608608773128,0.7375693904316943,0.3104735435165974,0.12068626730014449,0.15342557294907408,val_self_probe_loss
133,0.1761313508194181,0.1761313508194181,2.0419853097062997,0.0,0.0,4.1588826179504395,0.22139711131706719,0.0,0.22139711131706719,0.06626383447457354,0.8156517335958984,0.07114722212913531,1.2100216445853498,0.0010056309875125897,0.0006224108090905412,0.0029975046377126065,0.0041996435401296705,0.7633825790476458,0.31472771182149223,0.11592199970383822,0.11592199970383822,6.166363264462962,0.0,0.0,4.1588826179504395,0.24662193526392398,0.0,0.24662193526392398,0.041748516105393076,2.394775649960737,0.03466304931616098,3.7546551158327772,0.007708974185769203,0.001979622722696409,0.0068532221951313685,0.009520877750665643,0.7379573820540624,0.3097137057262918,0.11592199970383822,0.12068626730014449,val_self_probe_loss
134,0.21053669142049178,0.21053669142049178,2.5443107972389782,0.0,0.0,4.1588826179504395,0.2215401079468879,0.0,0.2215401079468879,0.08022139854647391,0.9955652589233986,0.0914992287481034,1.5322567394880413,0.0011925266617124452,0.0008958687111952424,0.002987427301088943,0.0047180049369800695,0.7643837892132455,0.3158617991909107,0.10962426014568495,0.10962426014568495,6.208044997468498,0.0,0.0,4.1588826179504395,0.24776008817720116,0.0,0.24776008817720116,0.0391891368068986,2.409576890631492,0.03097024057870326,3.781601728628511,0.00756403352887737,0.0018681604243560603,0.006803945170047328,0.009602995381129454,0.7378696432765226,0.308770561810606,0.10962426014568495,0.11592199970383822,val_self_probe_loss
135,0.14761609227103145,0.14761609227103145,2.1420921268336204,0.0,0.0,4.1588826179504395,0.22002843037067732,0.0,0.22002843037067732,0.05109929508589919,0.8688716475251739,0.05777256178202437,1.2567856264731037,0.0010525177022517361,0.0007405886255770716,0.0029094845879363953,0.004682607756075005,0.7638031714703196,0.31563038389585935,0.10691760384379337,0.10691760384379337,6.261454247400998,0.0,0.0,4.1588826179504395,0.24796605841343447,0.0,0.24796605841343447,0.03797063764664836,2.4294049980477515,0.029464038660148194,3.8151390579505966,0.007598602137494376,0.001882110459954002,0.006784367075722132,0.009667624657256355,0.7380968730271973,0.3094614285119572,0.10691760384379337,0.10962426014568495,val_self_probe_loss
136,0.12486365318102056,0.12486365318102056,2.859113420927171,0.0,0.0,4.1588826179504395,0.2231362125581758,0.0,0.2231362125581758,0.04690375712901583,1.1365312788345157,0.03891266858906502,1.705852579439936,0.001046113478477061,0.0009712417696031236,0.002814718973608207,0.0051678232196922915,0.7700845209879619,0.31939881081507837,0.11141297813528073,0.11141297813528073,6.158500117405971,0.0,0.0,4.1588826179504395,0.2476342219558562,0.0,0.2476342219558562,0.03937796836209871,2.3889577064825143,0.03257814035548464,3.7526954182232757,0.007501847286667438,0.0017635639849697712,0.006997900432907045,0.009233912337363136,0.7376323386749125,0.30965614318847656,0.11141297813528073,0.10962426014568495,val_self_probe_loss
137,0.11214507170814846,0.11214507170814846,2.2848942536128733,0.0,0.0,4.1588826179504395,0.2209855647988691,0.0,0.2209855647988691,0.04324981561554218,0.9255445722192035,0.030170771171687462,1.3429197170224723,0.001012038150598432,0.0005878638780789113,0.0026414927732072665,0.004497943759377551,0.7641465425098767,0.3166640347562951,0.10808758117165995,0.10808758117165995,6.18176986119762,0.0,0.0,4.1588826179504395,0.24794854871604755,0.0,0.24794854871604755,0.03750369285944826,2.394910146083151,0.031097294379500037,3.770070883833011,0.0074699761194859556,0.0018239888585700802,0.0070092190304331435,0.009105977677502987,0.7383635999253078,0.3084359305985966,0.10808758117165995,0.10808758117165995,val_self_probe_loss
138,0.17041988091790716,0.17041988091790716,2.1631077394854485,0.0,0.0,4.1588826179504395,0.22214638838456569,0.0,0.22214638838456569,0.060634419706401654,0.8658459028055325,0.07108774863625135,1.2809901426532986,0.0009197846937122878,0.0006498551884410252,0.0028474360816109143,0.003967251357981275,0.7636605382096493,0.3142512557142783,0.10273635278669943,0.10273635278669943,6.263046168022274,0.0,0.0,4.1588826179504395,0.24901210067805296,0.0,0.24901210067805296,0.03563347584076272,2.4251377797274856,0.027630855388627012,3.820954190717536,0.007532943282634315,0.001900997757532067,0.006782002784658848,0.009652518965188206,0.7382117472820401,0.31027425668254405,0.10273635278669943,0.10808758117165995,val_self_probe_loss
139,0.1119604885463657,0.1119604885463657,2.714072821692499,0.0,0.0,4.1588826179504395,0.2224828515991029,0.0,0.2224828515991029,0.04031444875815828,1.0705479029750065,0.032511032612751005,1.6266851382458871,0.0009588559743609386,0.0007631311844099109,0.003065289459503067,0.004595152004269226,0.7717752372917569,0.32379139824049663,0.11563536658975648,0.11563536658975648,6.079435855335331,0.0,0.0,4.1588826179504395,0.247085332592822,0.0,0.247085332592822,0.040251472126114074,2.3552909687346553,0.035958192944642364,3.7072146584580636,0.007450162345143643,0.001808653067053919,0.006895599877375022,0.009548797831806984,0.7374720441998902,0.3104622267788241,0.11563536658975648,0.10808758117165995,val_self_probe_loss
140,0.11604887454818553,0.11604887454818553,2.510416020726137,0.0,0.0,4.1588826179504395,0.22325408107035769,0.0,0.22325408107035769,0.04632141149340097,0.9928871830015491,0.03041438760622338,1.5003724780391685,0.0009037696548574528,0.0008463234752756368,0.002731725008203418,0.0052120542224255335,0.776279166553468,0.3284732094187899,0.11688272532376444,0.11688272532376444,6.044940847787798,0.0,0.0,4.1588826179504395,0.24702628530700754,0.0,0.24702628530700754,0.040131746893980025,2.3426639121604262,0.03729895813541013,3.6853584050293433,0.007438511741604303,0.0017730169809691467,0.007097027084127832,0.00918585164125384,0.7376538439196829,0.31113134722531954,0.11688272532376444,0.11563536658975648,val_self_probe_loss
