epoch,train_loss,train_self_probe_loss,train_cross_probe_loss,train_lambda_cross,train_lambda_proto,train_prototype_alignment_loss,train_latent_alignment_loss,train_latent_alignment_weight,train_feature_alignment_loss,train_self_probe_local_loss,train_cross_probe_local_loss,train_self_probe_region_time_loss,train_cross_probe_region_time_loss,train_self_probe_derivative_loss,train_cross_probe_derivative_loss,train_self_probe_frequency_loss,train_cross_probe_frequency_loss,train_self_probe_correlation_loss,train_cross_probe_correlation_loss,val_loss,val_self_probe_loss,val_cross_probe_loss,val_lambda_cross,val_lambda_proto,val_prototype_alignment_loss,val_latent_alignment_loss,val_latent_alignment_weight,val_feature_alignment_loss,val_self_probe_local_loss,val_cross_probe_local_loss,val_self_probe_region_time_loss,val_cross_probe_region_time_loss,val_self_probe_derivative_loss,val_cross_probe_derivative_loss,val_self_probe_frequency_loss,val_cross_probe_frequency_loss,val_self_probe_correlation_loss,val_cross_probe_correlation_loss,monitor_metric_raw,monitor_metric,monitor_key
1,2.556479373270018,2.556479373270018,0.10839359411554723,0.0,0.0,4.415466444683389,0.3456538958489306,0.0,0.3456538958489306,0.9897943429248132,0.0457836468790941,1.5023021115854989,0.04693856262872824,0.01906047945046791,0.040913584318040624,0.02576435304478907,0.03472314831830406,1.1408251752968546,0.039413470803513616,6.972060736199343,6.972060736199343,0.07620803872991053,0.0,0.0,4.266741740777626,0.2587691182675569,0.0,0.2587691182675569,2.63506089294364,0.03759558730243896,4.275567060984347,0.028575077143885335,0.016040504603467374,0.026347342982703113,0.032388009373908455,0.020045922108873817,1.0836914651882574,0.028918936489994482,6.972060736199343,6.972060736199343,val_self_probe_loss
2,2.5146793147506097,2.5146793147506097,0.10066867105327505,0.0,0.0,4.394130882133375,0.3704423460491926,0.0,0.3704423460491926,0.9622429185,0.050973640977682054,1.49556687382652,0.03683915878232041,0.012541997291425777,0.03166121084541573,0.017688709542228873,0.02753829440811463,1.0393077070966903,0.04373479493853813,6.9339062171693175,6.9339062171693175,0.08425154495313301,0.0,0.0,4.322997602616778,0.3308013847896031,0.0,0.3308013847896031,2.610251892670434,0.05081774391557859,4.269206947404081,0.024729725135409313,0.01166912426258096,0.01955715895439527,0.027348845336667222,0.01600338106755144,0.975918912369272,0.04428897298270871,6.9339062171693175,6.952983476684331,val_self_probe_loss
3,2.4876135128880437,2.4876135128880437,0.10582077969376787,0.0,0.0,4.407511075686676,0.4199582087417858,0.0,0.4199582087417858,0.9441098259633118,0.06200086569943098,1.4918750586104708,0.032299235634890136,0.00923171537569453,0.024585917389631663,0.014067809435852795,0.02302144621994702,0.9582816980018574,0.06144108857170287,6.9030593077172036,6.9030593077172036,0.08917184400817622,0.0,0.0,4.359884694496297,0.3714039929164863,0.0,0.3714039929164863,2.5913209051171444,0.06050244866876128,4.261768087397636,0.020426935047744225,0.009413793090852383,0.013809257233226152,0.024687445661781923,0.012835910856168463,0.9029587129628436,0.07013112630533136,6.9030593077172036,6.9339062171693175,val_self_probe_loss
4,2.466568728645141,2.466568728645141,0.1081932265266498,0.0,0.0,4.395559450143255,0.4438096598592208,0.0,0.4438096598592208,0.9305169325440501,0.06991198709649653,1.4877127876625889,0.02722184218539888,0.007704828611271442,0.018996779955146603,0.011867335360624003,0.019243778658848826,0.9045202416070337,0.08771648760128492,6.8766159505485005,6.8766159505485005,0.09040417369478237,0.0,0.0,4.358001522395922,0.38749639625134674,0.0,0.38749639625134674,2.5767717294001615,0.06504855309584126,4.251748000884787,0.017058978551385565,0.008997014654664357,0.010199956040574897,0.02406602830015794,0.010898114951408428,0.8688027281198443,0.09313681730942697,6.8766159505485005,6.9030593077172036,val_self_probe_loss
5,2.4479511313459352,2.4479511313459352,0.1111599512962557,0.0,0.0,4.381115698788221,0.4614653965840617,0.0,0.4614653965840617,0.9187747499814541,0.07613005256024725,1.4829643407118895,0.02386259011572593,0.006978704778091117,0.015243005017728496,0.010830513334553996,0.01665960681449896,0.8676842021889797,0.11381192932275465,6.850043337491358,6.850043337491358,0.09283701149943452,0.0,0.0,4.349904593473636,0.40944006132042926,0.0,0.40944006132042926,2.5620131499151357,0.06922456430074592,4.241426221268564,0.014799777401021178,0.008817784814308657,0.008127215500597073,0.02354878317839495,0.00962266054073846,0.8408909123506605,0.11637199202679699,6.850043337491358,6.8766159505485005,val_self_probe_loss
6,2.429150777724781,2.429150777724781,0.1140818182055958,0.0,0.0,4.349140269826979,0.46515225713130015,0.0,0.46515225713130015,0.9084106178179334,0.08131639160109534,1.4756678837115347,0.021445645033724352,0.0062814856405062226,0.01211982081786338,0.01023566749603227,0.014123299141730357,0.84956908945718,0.13754991856613222,6.825793993815502,6.825793993815502,0.09039917708553882,0.0,0.0,4.3159154779422355,0.40345652392191916,0.0,0.40345652392191916,2.5504953859096267,0.0677275032915684,4.2294770871109755,0.013740793379567426,0.0086419366242983,0.006424989736413363,0.023268468317543936,0.008178472790797675,0.826683825587634,0.13013572046845595,6.825793993815502,6.850043337491358,val_self_probe_loss
7,2.4115423055531298,2.4115423055531298,0.11674834113122341,0.0,0.0,4.320113743175921,0.46497411523770815,0.0,0.46497411523770815,0.8987363049664364,0.08491471720579297,1.4686943849019143,0.020324789989498392,0.005786244766674241,0.009792631701591836,0.00951054218888659,0.012214570438119243,0.8342778042825726,0.15678437592300182,6.797313206429992,6.797313206429992,0.09453921274553916,0.0,0.0,4.288331209502605,0.41162662939255285,0.0,0.41162662939255285,2.5375989579323748,0.07128497990577118,4.214919337999909,0.013716228653370223,0.008407695634689714,0.004918743659574423,0.022581292705332733,0.00681284293300987,0.8086936738550293,0.15254065921958188,6.797313206429992,6.825793993815502,val_self_probe_loss
8,2.40272044901594,2.40272044901594,0.12026794615450073,0.0,0.0,4.298073992116784,0.471477045447583,0.0,0.471477045447583,0.8945071720175699,0.08839734628158658,1.4650618970490232,0.019886828267907993,0.005157585318673619,0.0078393793261061,0.008625666603229278,0.010168007973675605,0.8199875403183352,0.180142516951137,6.775644783370243,6.775644783370243,0.09073723949815916,0.0,0.0,4.272327366822995,0.4131075275240478,0.0,0.4131075275240478,2.527530427397408,0.06796715121646846,4.203806086797672,0.013270887592518182,0.008176757477915134,0.003733067990205488,0.022119931672028734,0.005442284371541894,0.8010465332439968,0.16043412065283852,6.775644783370243,6.797313206429992,val_self_probe_loss
9,2.3915887165622443,2.3915887165622443,0.12141944021477265,0.0,0.0,4.272656254396742,0.47053342521125213,0.0,0.47053342521125213,0.8891960543679517,0.08983638225088528,1.4599006981798472,0.019470985578097053,0.004623729259728502,0.006201599044755968,0.00793287933688574,0.008591627869775477,0.8108526762701678,0.19405020042256127,6.747667923963033,6.747667923963033,0.10269464774531607,0.0,0.0,4.249561215039366,0.41869927230088605,0.0,0.41869927230088605,2.514612603504558,0.07787857121377258,4.189649652967357,0.014220254889093571,0.008040757509605,0.0027809750074694246,0.021639313297534234,0.004911560082218106,0.7846401605917059,0.18818843383226336,6.747667923963033,6.775644783370243,val_self_probe_loss
10,2.3739273503471807,2.3739273503471807,0.12341858271578926,0.0,0.0,4.251990754308606,0.46512335725333115,0.0,0.46512335725333115,0.8814843627659994,0.09163860279073045,1.450571557905619,0.019461748706489704,0.004051675829365767,0.004898519625807535,0.00739202101057565,0.007212915702627892,0.8023835558006713,0.20744620386253465,6.719810378107225,6.719810378107225,0.10654455608462696,0.0,0.0,4.236210669049565,0.4163467041824175,0.0,0.4163467041824175,2.502467023440122,0.08071864530536699,4.174564131308544,0.014584325722517064,0.007934653574401247,0.0020617885784078274,0.021251255799640226,0.0042408935072027745,0.7734086476497769,0.20604097621041054,6.719810378107225,6.747667923963033,val_self_probe_loss
11,2.3712714436483435,2.3712714436483435,0.12582826700253755,0.0,0.0,4.233418572485513,0.4562134542855159,0.0,0.4562134542855159,0.878067390745839,0.09325316751582301,1.451667903633185,0.019764526408783168,0.003720135943765796,0.003945518985317057,0.007159930012627422,0.006277195162637697,0.7978011149868091,0.22392948038884236,6.693666439757954,6.693666439757954,0.10335854061456941,0.0,0.0,4.217094966343471,0.4004934935466103,0.0,0.4004934935466103,2.4902420159116945,0.07702724570813387,4.160787462255403,0.01502318627646436,0.007878889876738862,0.00165627982108767,0.021058824285720215,0.0036090009307824305,0.7712199156698973,0.210662758683566,6.693666439757954,6.719810378107225,val_self_probe_loss
12,2.3497224194452606,2.3497224194452606,0.12879944290111145,0.0,0.0,4.219230930315807,0.45186946093708963,0.0,0.45186946093708963,0.8685655080387216,0.0949100710770563,1.440004634584017,0.020969262608336172,0.0034086203698935774,0.0031891589573841096,0.00668726111869568,0.005521807459241309,0.7926292254555762,0.23141278799226594,6.665519674071429,6.665519674071429,0.10589901917839642,0.0,0.0,4.206211202633307,0.4020875264769015,0.0,0.4020875264769015,2.478621458831411,0.07865010764195311,4.144672598659425,0.015577997295012386,0.007816769238720468,0.0011909638816398217,0.02083804736077288,0.0032352620608503036,0.7637315607219008,0.22099291537859425,6.665519674071429,6.693666439757954,val_self_probe_loss
13,2.348737280222901,2.348737280222901,0.1298660220482216,0.0,0.0,4.205655521932994,0.4440632625416526,0.0,0.4440632625416526,0.8697513852444294,0.09554397236273658,1.4382718023552705,0.02102304274537299,0.003100749504426341,0.00256370674894405,0.006464375966840907,0.004888125666152403,0.7858476152011775,0.24338537726130102,6.646362056909418,6.646362056909418,0.1063282963652048,0.0,0.0,4.19466153138913,0.38725422017322564,0.0,0.38725422017322564,2.470284142195947,0.07831462144111254,4.13402543592365,0.016154621415395545,0.0078174352246555,0.0009121125989148151,0.02079187103699725,0.0027204030497080607,0.7603804624598959,0.2271796933242253,6.646362056909418,6.665519674071429,val_self_probe_loss
14,2.320333830820055,2.320333830820055,0.13222996033441878,0.0,0.0,4.194141264411934,0.4364374837747128,0.0,0.4364374837747128,0.8576947159975211,0.09733232918770986,1.4219787093768823,0.021495415672708944,0.0028247055112007027,0.0020544745342889813,0.005938602774736239,0.004323775393420137,0.7872051092848166,0.24912438885964103,6.607293577714366,6.607293577714366,0.10860369451667952,0.0,0.0,4.187010374128448,0.388094460186751,0.0,0.388094460186751,2.454241200370471,0.079658708726027,4.111313547759739,0.016728262798802823,0.00777451951526357,0.0006930670250490632,0.020464597445238753,0.002611313694191414,0.7549781753039508,0.2356465237666361,6.607293577714366,6.646362056909418,val_self_probe_loss
15,2.3058685501372906,2.3058685501372906,0.1348396961206139,0.0,0.0,4.18457159592998,0.4297977453332832,0.0,0.4297977453332832,0.849149141078314,0.09816915043818833,1.416483563760502,0.023111765427283867,0.0026751553713120152,0.0016919361214275124,0.005798682027739707,0.004096693604158158,0.7797470459822896,0.2545225247658961,6.57757225759929,6.57757225759929,0.10999963534359607,0.0,0.0,4.180058248294807,0.39074593597317336,0.0,0.39074593597317336,2.441705306199443,0.08028334342174648,4.094366900783368,0.01716655335441139,0.007773948866698272,0.0005161822214939557,0.0201955184359277,0.002502347946438869,0.7507473781982564,0.24340918215905658,6.57757225759929,6.607293577714366,val_self_probe_loss
16,2.2892488913874334,2.2892488913874334,0.13749647483998412,0.0,0.0,4.1792380304682,0.42616794560141413,0.0,0.42616794560141413,0.8460399637000817,0.1004021007620804,1.4032227345246466,0.023276026938294607,0.002476466698053218,0.0013903613507943934,0.0055452766412926345,0.003850235182047708,0.7762498135885999,0.26171466750711303,6.533099889870941,6.533099889870941,0.115037817855059,0.0,0.0,4.174089754590336,0.3726611009665898,0.0,0.3726611009665898,2.4239677708011746,0.08313203341564777,4.067762111234103,0.01923206217170502,0.00772133327808892,0.0004065263783559203,0.01990314496764971,0.002381396784319872,0.748987026466346,0.24667904317749212,6.533099889870941,6.57757225759929,val_self_probe_loss
17,2.2780828268873443,2.2780828268873443,0.13816058333926354,0.0,0.0,4.173060024609026,0.4127244395822385,0.0,0.4127244395822385,0.8386798142532191,0.10047321455833286,1.3994011233553585,0.023995818924997105,0.0023112147672712173,0.0011327283158663222,0.00539373453301669,0.0034747881493832748,0.7776944901626537,0.2612177900700093,6.498500185422831,6.498500185422831,0.11040032516169992,0.0,0.0,4.170311957412625,0.3772958633692368,0.0,0.3772958633692368,2.409430866922188,0.07821592158690002,4.047948523680535,0.019263435132014825,0.007704215731272208,0.00028714076261562497,0.019666943312998605,0.002121934317983687,0.7445643396111008,0.2527398029284448,6.498500185422831,6.533099889870941,val_self_probe_loss
18,2.261754149507678,2.261754149507678,0.14125678228658065,0.0,0.0,4.169233902094786,0.4118880638372231,0.0,0.4118880638372231,0.8331534212412216,0.10245731692969734,1.3888160360171475,0.02475823545634223,0.0021613449446791035,0.0009163313538386077,0.0052364617550355085,0.0034157708323019854,0.7744122058578432,0.26941138257310365,6.459905365933173,6.459905365933173,0.12229421845874432,0.0,0.0,4.166812428776522,0.36654154576870224,0.0,0.36654154576870224,2.393049182653751,0.08826943246289069,4.025865057690115,0.020619219102497612,0.007721243575609416,0.00023639352752838678,0.01945724368011521,0.0023418719893298257,0.7423119482046329,0.26224561803829594,6.459905365933173,6.498500185422831,val_self_probe_loss
19,2.2478265594915947,2.2478265594915947,0.14328261691377664,0.0,0.0,4.166174268356139,0.40629140370240197,0.0,0.40629140370240197,0.8262909699035103,0.10302830424515529,1.3819626406965824,0.026211779219078964,0.002070874838581724,0.0007846180377574075,0.005129580464956282,0.00326083399343655,0.7708443976390768,0.2704059137798167,6.422115282103512,6.422115282103512,0.11845803098834079,0.0,0.0,4.164274538525883,0.3638966879489259,0.0,0.3638966879489259,2.378453675686434,0.0846954009594014,4.002778403679349,0.020563832970093125,0.007679161998538752,0.00018837729086434201,0.019228063556127054,0.0022496715866272216,0.7408100368443483,0.2585347739065656,6.422115282103512,6.459905365933173,val_self_probe_loss
20,2.2574001800935433,2.2574001800935433,0.14149142813211477,0.0,0.0,4.163730056565889,0.39700916291722615,0.0,0.39700916291722615,0.8308804447810717,0.10202601512752955,1.3870406563728066,0.025238602267809288,0.0019236557937301819,0.0006405378777598175,0.004838905719305162,0.003095454870161941,0.7702850770740949,0.27514262489246616,6.387102544515955,6.387102544515955,0.12970906597857149,0.0,0.0,4.1626166112674685,0.36436902569687885,0.0,0.36436902569687885,2.363224921973642,0.09207978791424207,3.9831067190219227,0.02368422012822413,0.007673897184165822,0.0001525572961722703,0.018939411919130164,0.002397488728917626,0.7391621116895853,0.2733434181405891,6.387102544515955,6.422115282103512,val_self_probe_loss
21,2.238596505737985,2.238596505737985,0.143964780860557,0.0,0.0,4.162115849726287,0.390808580997354,0.0,0.390808580997354,0.8272746150697756,0.10339655534954155,1.3720139604078199,0.02623798243259821,0.0019025351785025718,0.0005887369894265155,0.004837779487834877,0.003115584537628159,0.7669687044738284,0.27742999837898397,6.343212807215519,6.343212807215519,0.1315339624604083,0.0,0.0,4.161196140028675,0.3455589935646294,0.0,0.3455589935646294,2.345786098914325,0.0930875763297081,3.9566710541510712,0.02494855691904422,0.007648542613994622,0.00012669086269925852,0.018598045668599444,0.0023844922709810945,0.7396800125607793,0.26455417127342695,6.343212807215519,6.387102544515955,val_self_probe_loss
22,2.22428092474995,2.22428092474995,0.14475250496037312,0.0,0.0,4.160928890550699,0.385381901826869,0.0,0.385381901826869,0.8167223272217452,0.10400697891523757,1.3682695559535736,0.02640766648393693,0.0018303725362037698,0.00046224461639152777,0.004800450300100606,0.0029623811373448265,0.7670271760415036,0.27852119215887805,6.306341595346143,6.306341595346143,0.13327011280918713,0.0,0.0,4.160312380109515,0.34036560310340075,0.0,0.34036560310340075,2.3308408697633225,0.09437381568717661,3.934829461509767,0.025337267817455048,0.007668444431355796,0.00011483720794876152,0.018352238762536614,0.0023789927804472376,0.7383859616629085,0.2658484339343835,6.306341595346143,6.343212807215519,val_self_probe_loss
23,2.2254475210389506,2.2254475210389506,0.14584875317815893,0.0,0.0,4.160144463590419,0.3778872577929471,0.0,0.3778872577929471,0.8174717453636564,0.10459413808800125,1.3688132734662566,0.026884820265235414,0.0018262799366841932,0.0003968345716444348,0.004656360962333078,0.0029661257014713125,0.7648029827260291,0.2794794626411308,6.26491691320209,6.26491691320209,0.13693491781350248,0.0,0.0,4.15975620731804,0.3392537269533051,0.0,0.3392537269533051,2.3142441565095684,0.09715298660423445,3.910126194292795,0.026018017393924436,0.0076362035987535,0.00010044814383640729,0.018090990707871176,0.002463989233835282,0.7365599974342014,0.26984806682752527,6.26491691320209,6.306341595346143,val_self_probe_loss
24,2.2316255915856846,2.2316255915856846,0.1460338967937146,0.0,0.0,4.159654730368655,0.3765674614553001,0.0,0.3765674614553001,0.8207971542290566,0.10456374654000468,1.3716975411790722,0.026964257543847275,0.0017548040476010173,0.00036582053724868563,0.004739356445737437,0.0027901384106435445,0.7643655835600768,0.28270847393704823,6.2288588016693085,6.2288588016693085,0.1384663373602103,0.0,0.0,4.159419971963634,0.3411829958421103,0.0,0.3411829958421103,2.299428244798172,0.09710938786590322,3.8889435879475442,0.027321067491187626,0.00760739280378391,9.121880875173696e-05,0.01791373976782508,0.0024764137169033845,0.7358654911473671,0.2753086967497879,6.2288588016693085,6.26491691320209,val_self_probe_loss
25,2.1752274260988087,2.1752274260988087,0.15180224389590233,0.0,0.0,4.159323645737247,0.3743415682624645,0.0,0.3743415682624645,0.7972503288615287,0.10764797898796596,1.3388262180126917,0.02955128859552738,0.0016540470864045158,0.0003372879047981851,0.0044384896388465515,0.00296357862010361,0.7658728859688919,0.28444592587641643,6.178459221450901,6.178459221450901,0.14395415667236222,0.0,0.0,4.159178763442898,0.35043823015615805,0.0,0.35043823015615805,2.279017646701555,0.10059614664649372,3.8590842626876087,0.029018531784831738,0.007610127234741791,0.0001006840599832047,0.017537537875067535,0.0026176764762827326,0.7340108565292003,0.2810508088665719,6.178459221450901,6.2288588016693085,val_self_probe_loss
26,2.1619368881216166,2.1619368881216166,0.15146815223960794,0.0,0.0,4.15911609176485,0.3713770894462531,0.0,0.3713770894462531,0.7938424366230858,0.10787404689254929,1.3291772323876259,0.028811377942414892,0.0016566974978872782,0.0002977747598120638,0.004304228966332906,0.0029910550425677643,0.7614510005705967,0.28818357602563305,6.1265895146390665,6.1265895146390665,0.15094297809630447,0.0,0.0,4.1590301916465995,0.3322245552673103,0.0,0.3322245552673103,2.2576888475237378,0.10493923142922591,3.828542548204304,0.03183809577585747,0.007589218682804368,0.00011246174517227192,0.017165440362473222,0.0027358974156588872,0.7348855200761594,0.27727891717638287,6.1265895146390665,6.178459221450901,val_self_probe_loss
27,2.1207385946895303,2.1207385946895303,0.15656952571397817,0.0,0.0,4.158994987165365,0.3636008466049031,0.0,0.3636008466049031,0.7733033932397873,0.11074641589013988,1.3084743570282842,0.031064295617845135,0.0015735115044028013,0.0002799974465490964,0.004195326178436373,0.0029079115266669397,0.7629592620188005,0.28796046985360324,6.0866238870976135,6.0866238870976135,0.1460581539858202,0.0,0.0,4.15895254123285,0.32436105405321775,0.0,0.32436105405321775,2.2417226663229535,0.10046613827255202,3.8046304576738117,0.031370257559631555,0.007615227118430598,0.0001140758616863157,0.016987559964058933,0.002579784341104421,0.7333592957591418,0.27870520023825746,6.0866238870976135,6.1265895146390665,val_self_probe_loss
28,2.1211110470012957,2.1211110470012957,0.15689234523885728,0.0,0.0,4.1589356473719645,0.35541902454702834,0.0,0.35541902454702834,0.7757673544336916,0.11032549756385884,1.3064860225145007,0.03164213019679786,0.0015450768973591454,0.00026811148961607275,0.004339926111441347,0.0029412733020851823,0.7607502594475689,0.29127125653032415,6.0185760823049534,6.0185760823049534,0.15479583353359508,0.0,0.0,4.158914980681046,0.3236942119109705,0.0,0.3236942119109705,2.21451044602389,0.10652722233200665,3.7638768987825593,0.03393940609931853,0.007568334064880959,0.0001455271709877571,0.01638542059161816,0.0028907947476536776,0.7331666246704434,0.28007493959450575,6.0185760823049534,6.0866238870976135,val_self_probe_loss
29,2.1115108370682805,2.1115108370682805,0.1589468644950314,0.0,0.0,4.158906053633119,0.35541236034209067,0.0,0.35541236034209067,0.7717495697389973,0.11201725829838398,1.300857335897459,0.03193546338855369,0.001550347855545654,0.0002591042013549574,0.004036460570432859,0.0031807572186263082,0.762253434741798,0.2922258155929532,5.9718298612405425,5.9718298612405425,0.1699838636454588,0.0,0.0,4.158896416610813,0.3275628758143194,0.0,0.3275628758143194,2.1955475468269507,0.11624103645730463,3.7361062042970463,0.039239497062813794,0.007568139595255077,0.0001734440956514738,0.016116804137438396,0.0031841540505230335,0.7334476624216352,0.2828310017259965,5.9718298612405425,6.0185760823049534,val_self_probe_loss
30,2.136835936690005,2.136835936690005,0.1559473766519,0.0,0.0,4.158891898740398,0.34747710222077816,0.0,0.34747710222077816,0.7815914567617207,0.11024093362947458,1.3163047676760822,0.0306551222036195,0.0015432929664105995,0.00026032981518620235,0.004249883408000863,0.0030067570466122922,0.7625762809775402,0.29371122775433745,5.915221869644726,5.915221869644726,0.1712531924988172,0.0,0.0,4.1588879934749245,0.3176133625255608,0.0,0.3176133625255608,2.1725297315213945,0.11521666249410706,3.7025451273599534,0.041635553789273,0.007528950565372397,0.000179690685625653,0.01576071313071869,0.003115832873241201,0.733781319597493,0.28088940818857705,5.915221869644726,5.9718298612405425,val_self_probe_loss
31,2.0824092087774453,2.0824092087774453,0.1623628968873872,0.0,0.0,4.158886203389006,0.34628513893756596,0.0,0.34628513893756596,0.758301998007098,0.11377402786758414,1.2851101239809908,0.033693085718004424,0.001518007047196061,0.00028505857612544865,0.004183064576398896,0.002967823360040661,0.7639859459402795,0.2905547181808857,5.8516830355854506,5.8516830355854506,0.17733747368643743,0.0,0.0,4.158884694117196,0.31412542643754376,0.0,0.31412542643754376,2.147523571809418,0.11970626259720103,3.664058112730243,0.04309838111888363,0.00754145045167483,0.00020099546282773806,0.015389505703463537,0.003314496060654012,0.7335436262699387,0.28302254810096317,5.8516830355854506,5.915221869644726,val_self_probe_loss
32,2.061392489988377,2.061392489988377,0.1619745503240045,0.0,0.0,4.158884051079022,0.3349069707283728,0.0,0.3349069707283728,0.751514651211496,0.1128326836732164,1.2710364593098882,0.0343734998527902,0.0014858603941893377,0.00024056117997805584,0.00385128100209437,0.00306544793078637,0.7616954742226459,0.2880336286338572,5.801563125612758,5.801563125612758,0.19404006004333496,0.0,0.0,4.158883488696555,0.31238268176961387,0.0,0.31238268176961387,2.1276160947637206,0.1330421317530715,3.6339715021396324,0.04583629507930105,0.007530650722570804,0.00022402281984281927,0.015070769528031163,0.003741616806917772,0.7317141457374051,0.2946293479907587,5.801563125612758,5.8516830355854506,val_self_probe_loss
33,2.0857833550116363,2.0857833550116363,0.16233512401809808,0.0,0.0,4.158883226689863,0.33895163645336057,0.0,0.33895163645336057,0.7648848465742987,0.11362937164751549,1.2821055382631237,0.03354323790516013,0.0014211633079416915,0.00022779537051471164,0.004135646739628056,0.0029269479515192506,0.7604800792478442,0.296257413899205,5.772799043493889,5.772799043493889,0.1956338147569147,0.0,0.0,4.158883047400054,0.3048555190148561,0.0,0.3048555190148561,2.115806828611617,0.1306722550566152,3.616984666288998,0.05023076644988719,0.007478150160569605,0.00021755017812397426,0.014973318784914171,0.0036790975527143718,0.7328204901322074,0.28616989103163254,5.772799043493889,5.801563125612758,val_self_probe_loss
34,1.966303239444641,1.966303239444641,0.18038398541027575,0.0,0.0,4.15888300894644,0.3316932842380783,0.0,0.3316932842380783,0.7144081536619121,0.12339923398325917,1.2131120079972921,0.041767868760290316,0.001398324276117197,0.0002610417337668114,0.003591939162500775,0.003402206944005255,0.7614864551929428,0.29622798091624625,5.678276707007555,5.678276707007555,0.2082235424877694,0.0,0.0,4.158883023706282,0.30825413254477224,0.0,0.30825413254477224,2.0789446369310993,0.13717607133414433,3.5593798316968894,0.05619494298253185,0.007526124905023336,0.00030050089582620097,0.014416389732393118,0.003935447434160095,0.7325832617949255,0.28767697522358865,5.678276707007555,5.772799043493889,val_self_probe_loss
35,2.0098272587870922,2.0098272587870922,0.17216682003894831,0.0,0.0,4.158882929386344,0.3281256720407342,0.0,0.3281256720407342,0.7271555940754524,0.11963164821905048,1.2439615999570302,0.03735364181665309,0.001449267061330883,0.0002482254405946953,0.0036662092059748463,0.003195774526274983,0.7596232914636739,0.2959979230826301,5.626693362474256,5.626693362474256,0.21353536566592152,0.0,0.0,4.1588829407780805,0.3035898186405253,0.0,0.3035898186405253,2.058296449560533,0.13965228783047717,3.5285260940074736,0.0588653096177193,0.007510223709370779,0.00031502965021273265,0.014091625205539051,0.0039757175735481405,0.7316842482697149,0.29082894843557605,5.626693362474256,5.678276707007555,val_self_probe_loss
36,2.0014566147432107,2.0014566147432107,0.17205640179658171,0.0,0.0,4.158882847732561,0.32366136606255164,0.0,0.32366136606255164,0.7253397316666796,0.11915543546202939,1.237307863514441,0.03780414641075221,0.0013657339934387953,0.0002409968905925097,0.0035786952146249244,0.0032626104737406045,0.762196407556272,0.29420616532523597,5.564030787010926,5.564030787010926,0.2072737755149788,0.0,0.0,4.158882893390537,0.2944428002612191,0.0,0.2944428002612191,2.0332018852129763,0.13434951335932158,3.4909950504860383,0.05803170601796845,0.007480213545502875,0.0003172109024507002,0.013750617385853476,0.003760930238962636,0.7317740521075563,0.2887431338707112,5.564030787010926,5.626693362474256,val_self_probe_loss
37,1.9462597137552193,1.9462597137552193,0.17987510709155405,0.0,0.0,4.15888291263685,0.31715722982367883,0.0,0.31715722982367883,0.7035942462024521,0.12331756073511262,1.2040290076533,0.04134130534438905,0.0013785965091642912,0.00028224537307785006,0.003587798343109566,0.0032359079343320966,0.7586617953952659,0.296441799657405,5.496787804103693,5.496787804103693,0.22143847393508284,0.0,0.0,4.158882822309222,0.29434009331353705,0.0,0.29434009331353705,2.006969357161025,0.14109342998784521,3.4500243735733958,0.06544114643511195,0.007464931756098934,0.000363537118528539,0.013324643252959753,0.004080194507737106,0.731911015436516,0.288100018264344,5.496787804103693,5.564030787010926,val_self_probe_loss
38,1.9098364132999326,1.9098364132999326,0.18638375071904792,0.0,0.0,4.158882917347645,0.31499321030863814,0.0,0.31499321030863814,0.6900598909194723,0.12652522225738488,1.1810336950762579,0.044676011092919944,0.0013465530606804944,0.0003127851091414032,0.0034122285071472125,0.003487966392822073,0.7612998694933861,0.2951104797332923,5.421344047678368,5.421344047678368,0.24134100631157063,0.0,0.0,4.158882952624967,0.29696703623540655,0.0,0.29696703623540655,1.9772425527967836,0.15331239711423839,3.404354154391168,0.07292960551480607,0.007464108356538226,0.0004072599220319191,0.013029340484507834,0.004367860941569211,0.731558396579316,0.2912078285069199,5.421344047678368,5.496787804103693,val_self_probe_loss
39,1.88167598601492,1.88167598601492,0.19129850127367234,0.0,0.0,4.158882858724416,0.31365766074471624,0.0,0.31365766074471624,0.6793417313476589,0.12838417957368195,1.163678930742149,0.04784081991900957,0.0013273298586018458,0.0002731075546562771,0.0031917729083004967,0.003545935005925874,0.7600832707141286,0.2930126238602053,5.358606474184842,5.358606474184842,0.2541380679200155,0.0,0.0,4.158882810462336,0.29714376289652,0.0,0.29714376289652,1.9522974955941903,0.16092377484585188,3.366628447226509,0.07793056719606707,0.0074364640755414015,0.00043465214809617936,0.012663377090089706,0.004600895899897499,0.7311029637822454,0.29429938889438323,5.358606474184842,5.421344047678368,val_self_probe_loss
40,1.8451255757022245,1.8451255757022245,0.20699044412695092,0.0,0.0,4.158882787539066,0.3122666660373219,0.0,0.3122666660373219,0.6698696634575774,0.13700001605844656,1.1367401456732291,0.05461682486383635,0.0012807856200727542,0.0003403645527599756,0.003406732440000946,0.003653426773991317,0.7570991429748702,0.29846339096222174,5.277136578762568,5.277136578762568,0.269078110732277,0.0,0.0,4.158882594256667,0.29501266212937255,0.0,0.29501266212937255,1.9208299235660606,0.1682742330135766,3.3166345445271466,0.08558226068162862,0.007444130106281738,0.00045989386790492773,0.012421021872469056,0.004603437788680381,0.7313841205576191,0.29292570359958625,5.277136578762568,5.358606474184842,val_self_probe_loss
41,1.80627522668285,1.80627522668285,0.2127185848947414,0.0,0.0,4.158882534202969,0.3079888662640271,0.0,0.3079888662640271,0.6526850303154517,0.14075966529409134,1.1149147719300212,0.05662111987479432,0.001264759848821033,0.00035884699995677283,0.003388006363828737,0.003593485603828707,0.7604102953597821,0.2977747896565564,5.175607596194337,5.175607596194337,0.297132057247695,0.0,0.0,4.1588826179504395,0.289366750983718,0.0,0.289366750983718,1.881890856598718,0.1847503576774775,3.2541225554048436,0.09683664816703579,0.007408667129904801,0.0005365760075647865,0.011920598169256533,0.0050922392748921,0.7309941982630617,0.298033684121896,5.175607596194337,5.277136578762568,val_self_probe_loss
42,1.794415074109246,1.794415074109246,0.21948370387374896,0.0,0.0,4.158882586545138,0.3068735133345381,0.0,0.3068735133345381,0.6481953535625623,0.1446381146507389,1.107658331468497,0.0594779153351399,0.0012794504890067076,0.00032701094563237446,0.003275686672313137,0.0038357419005271075,0.7582787586750236,0.29804697799630275,5.10331253272406,5.10331253272406,0.31174153927135173,0.0,0.0,4.158882606103553,0.28948556081108423,0.0,0.28948556081108423,1.854252549108141,0.19189736473819483,3.2094473014209672,0.10450928742702333,0.00741375386178051,0.0005723684405339831,0.011698469317515283,0.005189663264900446,0.7317910751570826,0.29345667528809966,5.10331253272406,5.175607596194337,val_self_probe_loss
43,1.8050105157752985,1.8050105157752985,0.20828999245271462,0.0,0.0,4.1588826179504395,0.3038146588399303,0.0,0.3038146588399303,0.6494116646377728,0.13778993522525487,1.1169737854064672,0.055153118274721566,0.0013437245757578187,0.0003537467654147717,0.0032322827667053116,0.003516908604692582,0.7593178569158268,0.2981361954193869,5.025592091013186,5.025592091013186,0.3262867739667063,0.0,0.0,4.1588826179504395,0.292935399905495,0.0,0.292935399905495,1.8240514766852955,0.19870067091647142,3.161999360556998,0.11199863966531265,0.007416342559284299,0.0006233645780304857,0.011287094560243559,0.005489973636974598,0.7311641048200382,0.29765255758480996,5.025592091013186,5.10331253272406,val_self_probe_loss
44,1.7065776277713796,1.7065776277713796,0.2414365611340683,0.0,0.0,4.1588826179504395,0.3037347936211512,0.0,0.3037347936211512,0.6153695665373499,0.15464622819332077,1.0525351408961037,0.07117143414432078,0.0011772995431762819,0.00038344388564980335,0.0031154681083773858,0.004170431481760188,0.7613401575224591,0.30211985742613984,4.933197010412627,4.933197010412627,0.34554961041449017,0.0,0.0,4.1588826179504395,0.29285342519327723,0.0,0.29285342519327723,1.788677077156185,0.21015507778765993,3.1050295103312417,0.11956452548226214,0.007441378598334991,0.0006655100591815878,0.011018566509219962,0.005571608969606227,0.7305619139108599,0.30212934731696706,4.933197010412627,5.025592091013186,val_self_probe_loss
45,1.7040781933082314,1.7040781933082314,0.23888873173134517,0.0,0.0,4.1588826179504395,0.30187180900024135,0.0,0.30187180900024135,0.6148395348875962,0.15331997813168263,1.050686420207285,0.06998717054544767,0.0012028483477391457,0.0004063627278567003,0.0031817941452324406,0.0040099042675812635,0.7586667222327642,0.3015801107713341,4.855611546358429,4.855611546358429,0.37694287272343724,0.0,0.0,4.1588826179504395,0.28767651060353155,0.0,0.28767651060353155,1.7592764630659212,0.2264814073254603,3.05682191016407,0.1348425607567202,0.007463610953411307,0.0007294117077317028,0.010809540492627098,0.005848965843306473,0.7313254512615085,0.29703276220315733,4.855611546358429,4.933197010412627,val_self_probe_loss
46,1.6471179071916053,1.6471179071916053,0.24833455810202726,0.0,0.0,4.1588826179504395,0.2970503790122094,0.0,0.2970503790122094,0.5889553557508896,0.16035656369282045,1.0195955006624484,0.07238224995425778,0.0010603707898781318,0.00045013048397412914,0.0029853009187532577,0.004009698870827972,0.7600696810514029,0.30164478959681307,4.767266453677638,4.767266453677638,0.38985179225850547,0.0,0.0,4.1588826179504395,0.28379856503528095,0.0,0.28379856503528095,1.725364689946591,0.23391461187267895,3.002434878803859,0.1401689652561771,0.007446429583159787,0.000761123498236404,0.01047406722111801,0.006019523741839373,0.7311671202227196,0.299519793032119,4.767266453677638,4.855611546358429,val_self_probe_loss
47,1.6884041217398043,1.6884041217398043,0.23942949025023783,0.0,0.0,4.1588826179504395,0.29331826473433936,0.0,0.29331826473433936,0.6063493722017229,0.15366528584784395,1.043490999103263,0.07016291594057131,0.0011578496556990277,0.0004122519584209837,0.003167415082157701,0.003901377987281678,0.7591513281465231,0.30216169262429626,4.693319201307452,4.693319201307452,0.40998852831421434,0.0,0.0,4.1588826179504395,0.2796774310354861,0.0,0.2796774310354861,1.696382514243043,0.24295143982083162,2.9574635348959553,0.15146460043995277,0.007386028879567596,0.0007987969087909777,0.010215831851089223,0.006165268762985834,0.7320999886308398,0.29512541523631314,4.693319201307452,4.767266453677638,val_self_probe_loss
48,1.602073566810229,1.602073566810229,0.26575244696551176,0.0,0.0,4.1588826179504395,0.288844169036748,0.0,0.288844169036748,0.5775798724669836,0.16621659371417127,0.9858523604320004,0.08410701503860636,0.0010962674477983329,0.0004406458347178096,0.0031897320691189443,0.004010095432273937,0.7609661246366741,0.29835325273410157,4.609127980072676,4.609127980072676,0.42948099924540667,0.0,0.0,4.1588826179504395,0.28052638480381936,0.0,0.28052638480381936,1.6650170318851745,0.25211763687385536,2.904688824994941,0.1616612417068078,0.007374662974262205,0.00081288771791083,0.010046317325239735,0.006233459693576377,0.7314775101146342,0.2975113876858113,4.609127980072676,4.693319201307452,val_self_probe_loss
49,1.6153222819632809,1.6153222819632809,0.2710183858707891,0.0,0.0,4.1588826179504395,0.2861896214023249,0.0,0.2861896214023249,0.5772835768137687,0.1730080148702003,0.9994414518214149,0.08257298254736103,0.0011374120554741335,0.0004835605517861154,0.002936205407872931,0.0040670622609919665,0.7603870971796934,0.298195869417536,4.520839305525148,4.520839305525148,0.46192553991116353,0.0,0.0,4.1588826179504395,0.275816426699206,0.0,0.275816426699206,1.6319158310938326,0.2685919480849497,2.8495267739791355,0.17773755177311737,0.007300979404107188,0.0008662476413169231,0.009708878116556357,0.006564193545487819,0.7320104591224504,0.2944611640450377,4.520839305525148,4.609127980072676,val_self_probe_loss
50,1.5655868817141236,1.5655868817141236,0.27988377942997067,0.0,0.0,4.1588826179504395,0.28672004953173985,0.0,0.28672004953173985,0.5598796345354861,0.17361041378438408,0.9670851113628413,0.09091949398076299,0.0011558756200634004,0.00042048693303693273,0.002920791790457739,0.0040612109353035915,0.7608220460778664,0.2968524283556724,4.425413444476283,4.425413444476283,0.5025972461108095,0.0,0.0,4.1588826179504395,0.27878357146097266,0.0,0.27878357146097266,1.5962997170610596,0.2915406881004387,2.7897794053857994,0.19512081094467953,0.007299303151638195,0.0009346155052553061,0.009416696225055811,0.007000277348163521,0.7313611046497867,0.30004146213857286,4.425413444476283,4.520839305525148,val_self_probe_loss
51,1.5609703010273228,1.5609703010273228,0.2850870459813841,0.0,0.0,4.1588826179504395,0.2885572718932783,0.0,0.2885572718932783,0.562740481659999,0.1717692504828115,0.9597352861496288,0.09764904581198447,0.001190173098086901,0.00047878434971626897,0.0030544390119218627,0.004409194803304978,0.7578300368511062,0.30216254521279906,4.349321050442153,4.349321050442153,0.5177917784970739,0.0,0.0,4.1588826179504395,0.2753750488439702,0.0,0.2753750488439702,1.5675560200488576,0.2963124020314365,2.7424179523494905,0.20581368520069196,0.007248739733994123,0.0009641170526496952,0.009307433117502109,0.006811886894956277,0.7320761184514679,0.29486988586668644,4.349321050442153,4.425413444476283,val_self_probe_loss
52,1.5635758643738853,1.5635758643738853,0.2772929250670579,0.0,0.0,4.1588826179504395,0.2843261185121589,0.0,0.2843261185121589,0.5603280569315284,0.17043448976444492,0.9647476754706398,0.09152666766208757,0.0012823030351378478,0.0004703044113540781,0.0031286572396518044,0.003761281295394286,0.7573324199827259,0.29676113582730423,4.257289664160391,4.257289664160391,0.5576949644347896,0.0,0.0,4.1588826179504395,0.27724611129819976,0.0,0.27724611129819976,1.5334008665298406,0.31797272221457146,2.6846047756927356,0.22372906666931622,0.007231255158048444,0.0010340854137974483,0.008932624425108527,0.007430732571259604,0.7316580936775444,0.2998320190062434,4.257289664160391,4.349321050442153,val_self_probe_loss
53,1.429389038676259,1.429389038676259,0.3420019773469929,0.0,0.0,4.1588826179504395,0.28399053201259294,0.0,0.28399053201259294,0.5053937102859158,0.20653538941584618,0.8855947348934268,0.11973307402467133,0.0011458676171020843,0.0005796653638256746,0.0028023680717542227,0.00459414767868138,0.7566765676999851,0.3025837954783937,4.154342348993935,4.154342348993935,0.5905526750113653,0.0,0.0,4.1588826179504395,0.27145334698768875,0.0,0.27145334698768875,1.495315000912325,0.33345329826292786,2.6197236915963544,0.2412802829979832,0.0072583762582399455,0.0010441914934027573,0.008735205085517155,0.007458543701398169,0.7323118296469221,0.2962432407444308,4.154342348993935,4.257289664160391,val_self_probe_loss
54,1.512534227340792,1.512534227340792,0.3114110953067189,0.0,0.0,4.1588826179504395,0.280125363238164,0.0,0.280125363238164,0.5435234799257324,0.18861076992279088,0.9305561131498195,0.10719110480786744,0.0011100568920110673,0.0004504084270964397,0.0030553883590641443,0.004202510752131432,0.7574321047273085,0.301527393930699,4.098657628903108,4.098657628903108,0.6403653153351375,0.0,0.0,4.1588826179504395,0.2697088857245001,0.0,0.2697088857245001,1.4746087293302559,0.3602991268408965,2.5847508582512138,0.26413380282913673,0.007267439721014079,0.0011125974709424587,0.008556210356026958,0.007908128695099713,0.7325144324983869,0.29726848006248474,4.098657628903108,4.154342348993935,val_self_probe_loss
55,1.3732393103622056,1.3732393103622056,0.37820469701721954,0.0,0.0,4.1588826179504395,0.2778023554648055,0.0,0.2778023554648055,0.49186370936840873,0.22348501759813333,0.8428620439959214,0.13909277784649351,0.0011411642827094625,0.0006280555612333252,0.0029751570144173423,0.004868957990244783,0.758613854810252,0.2996598103305511,4.0082755488754245,4.0082755488754245,0.6506756753284738,0.0,0.0,4.1588826179504395,0.27101596236599157,0.0,0.27101596236599157,1.4410534483345907,0.3648529534708269,2.5279099691083644,0.2698548334529218,0.007316683889771609,0.0010918209999607209,0.008635578999911893,0.007492760304066566,0.7323843479526709,0.2989116560968553,4.0082755488754245,4.098657628903108,val_self_probe_loss
56,1.4148603895910157,1.4148603895910157,0.34475529973285785,0.0,0.0,4.1588826179504395,0.27747272951150176,0.0,0.27747272951150176,0.5070754804502269,0.2054140771586861,0.8693549169256105,0.12370678717750978,0.00117644857669287,0.0005412154852348875,0.002951393757742839,0.004224104402458007,0.7568137144545168,0.30153451475563214,3.870523399320541,3.870523399320541,0.720459303222828,0.0,0.0,4.1588826179504395,0.26861886041504995,0.0,0.26861886041504995,1.3912331763761963,0.39825784579289625,2.4399612080392585,0.30623483897319864,0.007355007338294216,0.0012063709034535021,0.008325749166925895,0.007937009321953754,0.7331569105942056,0.2974267603817934,3.870523399320541,4.0082755488754245,val_self_probe_loss
57,1.4113143259489707,1.4113143259489707,0.3471235625045098,0.0,0.0,4.1588826179504395,0.2746109843057806,0.0,0.2746109843057806,0.5061831498328437,0.19949149751767892,0.8661332227387818,0.13148835743854126,0.0012824414512303552,0.0005340659586376251,0.002955115062381937,0.004408259699468702,0.7676362677279994,0.3113871746084169,3.774870140327615,3.774870140327615,0.7557438415770205,0.0,0.0,4.1588826179504395,0.27261491277203054,0.0,0.27261491277203054,1.3573338858543185,0.41276848330075694,2.378277587230022,0.3268760027340758,0.007303372316528112,0.001245733398114138,0.008156892515810045,0.007956174604293908,0.7323423461144015,0.2998459205864379,3.774870140327615,3.870523399320541,val_self_probe_loss
58,1.261692781009508,1.261692781009508,0.43088094960452433,0.0,0.0,4.1588826179504395,0.274634554834973,0.0,0.274634554834973,0.44893591977353287,0.25138475458034437,0.7742966482575275,0.16368172125958325,0.0010076812460482361,0.0007479536211012421,0.0029884755819587143,0.004871759760989905,0.7581902241209597,0.30280648026325047,3.6798009829167624,3.6798009829167624,0.8112269091587629,0.0,0.0,4.1588826179504395,0.27416612281932595,0.0,0.27416612281932595,1.3230273730818598,0.4427258454679702,2.317527383447318,0.35229886798130244,0.007282412892993126,0.001232813100766818,0.008122686989770289,0.008057926623121783,0.7322671115398407,0.3017642212950665,3.6798009829167624,3.774870140327615,val_self_probe_loss
59,1.4211982759094002,1.4211982759094002,0.34852732622302846,0.0,0.0,4.1588826179504395,0.27014239359765624,0.0,0.27014239359765624,0.5081498531561291,0.20588644300347234,0.8745787702316805,0.1271545194216179,0.0010766320580645474,0.000550386334655089,0.003054936793167655,0.003914881449573061,0.7579019944440127,0.2991457313266465,3.635162665757426,3.635162665757426,0.833533636253813,0.0,0.0,4.1588826179504395,0.2685120794343652,0.0,0.2685120794343652,1.3063995658191534,0.45370141328861996,2.2895218336214285,0.36366091578365856,0.0072495640775764375,0.0012256630003400421,0.007945708481100336,0.008366754924971033,0.7326828722628007,0.3005648070240613,3.635162665757426,3.6798009829167624,val_self_probe_loss
60,1.1611610853106078,1.1611610853106078,0.4812374464864919,0.0,0.0,4.1588826179504395,0.2696715998826252,0.0,0.2696715998826252,0.4072455102536913,0.28117514530076154,0.7153545527731229,0.1843598644493473,0.0009902658929555595,0.0007391028507404606,0.002869641140799021,0.005204639448293584,0.7605303213834501,0.29994342339549185,3.504355743758797,3.504355743758797,0.8852987529143043,0.0,0.0,4.1588826179504395,0.266362633579266,0.0,0.266362633579266,1.259602315959619,0.47203047256569686,2.205488973315979,0.3974300594884694,0.007269224328851553,0.0012380396770110922,0.007902522483892647,0.008046430587676,0.7331354442220297,0.2944814372136726,3.504355743758797,3.635162665757426,val_self_probe_loss
61,1.1383961441259092,1.1383961441259092,0.5234119103961797,0.0,0.0,4.1588826179504395,0.2676625726448063,0.0,0.2676625726448063,0.41167756107264697,0.2912845386664509,0.6882535287676916,0.2164058162044615,0.0009136769732610659,0.0007061497014639904,0.0029127171572858037,0.0050658287432425045,0.7589078251145673,0.3007682734603547,3.3899292594851542,3.3899292594851542,0.9701330337835394,0.0,0.0,4.1588826179504395,0.26827818321885527,0.0,0.26827818321885527,1.2193377399296494,0.5158905840901115,2.131404831542732,0.4380048236850163,0.007167100869856706,0.0012810849816023563,0.007826694165882856,0.008318306885439879,0.7322405752558145,0.30171046160763093,3.3899292594851542,3.504355743758797,val_self_probe_loss
62,1.231864091421914,1.231864091421914,0.43461340143213417,0.0,0.0,4.1588826179504395,0.26650890101127644,0.0,0.26650890101127644,0.43628579220897085,0.24761374208066125,0.7571103885508134,0.17139899429101518,0.001066573433798194,0.0005074845883489668,0.0028437102714049477,0.0042024195821941486,0.7583372980258075,0.30107107866477756,3.329176941921252,3.329176941921252,0.9807964828073609,0.0,0.0,4.1588826179504395,0.269200060678565,0.0,0.269200060678565,1.197031897732768,0.5168536893838311,2.092927378064357,0.44775346368666946,0.007271674121545645,0.0013240279696552953,0.007660265693438141,0.00838330636662865,0.7326719429552185,0.3003998119268358,3.329176941921252,3.3899292594851542,val_self_probe_loss
63,1.145095192214922,1.145095192214922,0.509474469264959,0.0,0.0,4.1588826179504395,0.2680968722383748,0.0,0.2680968722383748,0.41051885069978683,0.2847726559010871,0.6960754791472995,0.20889759017512383,0.0011894028346564388,0.0007056654771082855,0.0028262255693791982,0.004667381586048969,0.7584187074367091,0.3032212730427605,3.2022869670358687,3.2022869670358687,1.0843218726956325,0.0,0.0,4.1588826179504395,0.26693557896969483,0.0,0.26693557896969483,1.1526957961603397,0.5675161107217673,2.010347533809102,0.5005165745261246,0.007460465102209941,0.0014485899801058725,0.00747909111488518,0.008787649567238986,0.7326128797501511,0.3009659107427419,3.2022869670358687,3.329176941921252,val_self_probe_loss
64,1.1322649811546837,1.1322649811546837,0.4988919242676736,0.0,0.0,4.1588826179504395,0.26643458527280783,0.0,0.26643458527280783,0.40182292454648033,0.2794697529398126,0.691988363780253,0.20366602366060246,0.000980486907940266,0.000710339717510165,0.0026993677627068302,0.004856184906501049,0.7587743629870116,0.30185904640921124,3.0913104849595645,3.0913104849595645,1.1487607060937408,0.0,0.0,4.1588826179504395,0.269973895472029,0.0,0.269973895472029,1.1139331450685859,0.5943309766072664,1.938127872314281,0.538161705872796,0.007488133703659994,0.0014846606695670592,0.00739664266678441,0.008731294147126515,0.7327630649442258,0.3004743610479817,3.0913104849595645,3.2022869670358687,val_self_probe_loss
65,1.154943497542754,1.154943497542754,0.5025954627473844,0.0,0.0,4.1588826179504395,0.2653087035361289,0.0,0.2653087035361289,0.41645773838792494,0.2766372356993176,0.6998764500665988,0.2101326237599295,0.0010264791584288463,0.0006278709390801408,0.002798826031631695,0.004199165964609525,0.7614559802736854,0.3049745874072535,2.993683890410647,2.993683890410647,1.2211308347882692,0.0,0.0,4.1588826179504395,0.268492304667923,0.0,0.268492304667923,1.0803491545997281,0.6295568750511785,1.8741400840241023,0.5751542361996929,0.007417839244056872,0.0015429245326547812,0.007194133776222697,0.00922091054926794,0.7324115867200105,0.302238059525164,2.993683890410647,3.0913104849595645,val_self_probe_loss
66,1.0231658266744812,1.0231658266744812,0.6209368519116966,0.0,0.0,4.1588826179504395,0.2615749579818529,0.0,0.2615749579818529,0.3703570067984769,0.33811147113123136,0.6143087873830329,0.2670190637802417,0.0010859526917898084,0.0007983097444947438,0.0028174504947988672,0.005135432535140447,0.758936548010578,0.301863985350836,2.8899114458411006,2.8899114458411006,1.2931332789500307,0.0,0.0,4.1588826179504395,0.2669855729208229,0.0,0.2669855729208229,1.043924007110691,0.6576763838298202,1.806769258744714,0.6191440312862859,0.007391900765768871,0.0015048866292017241,0.007259638263100631,0.008932211693746517,0.7328900631910525,0.3008672980047901,2.8899114458411006,2.993683890410647,val_self_probe_loss
67,1.0603293826318991,1.0603293826318991,0.5287361989854851,0.0,0.0,4.1588826179504395,0.2610489207224841,0.0,0.2610489207224841,0.38650537405518814,0.2753174493393966,0.63495221685794,0.23739436856838012,0.0010180903945164704,0.0006539793688912276,0.0028835693029247217,0.004081229348825424,0.766579572442596,0.30905541113519513,2.8157419593345305,2.8157419593345305,1.356918533211169,0.0,0.0,4.1588826179504395,0.26497043706245305,0.0,0.26497043706245305,1.0181074849321212,0.6903973904363117,1.7584914977587065,0.6500133998570559,0.007355050971217797,0.0015427530364018449,0.006894557083875913,0.00960656516875794,0.7322985877901871,0.3032282887038237,2.8157419593345305,2.8899114458411006,val_self_probe_loss
68,1.0591079822764962,1.0591079822764962,0.6269543077367328,0.0,0.0,4.1588826179504395,0.2614885816099092,0.0,0.2614885816099092,0.39214304497651553,0.33233331600214333,0.6285222804380334,0.2787418018997893,0.0011515288440135955,0.0007653910564697009,0.00298542030279358,0.004598786998448155,0.757124745492485,0.30455913236845206,2.723683848768843,2.723683848768843,1.416745504607325,0.0,0.0,4.1588826179504395,0.2666236996095373,0.0,0.2666236996095373,0.9859889054335422,0.7097374374359291,1.6985071852545814,0.6906724194562213,0.007382799508236277,0.0015817618645629658,0.006941425478482121,0.009403806022131202,0.7329596862289476,0.2999968743472366,2.723683848768843,2.8157419593345305,val_self_probe_loss
69,0.8348593578789419,0.8348593578789419,0.7687166074104812,0.0,0.0,4.1588826179504395,0.26339963516864506,0.0,0.26339963516864506,0.3019160908359613,0.4105253329523047,0.4943335211593515,0.3423405124179193,0.0009456766055367578,0.0007775382512338441,0.003042621720652786,0.00583041579443164,0.7613819578476455,0.30146606369547213,2.631372524703049,2.631372524703049,1.4896001499261915,0.0,0.0,4.1588826179504395,0.26753719789641245,0.0,0.26753719789641245,0.9542207335836329,0.7388955062914709,1.6379440437296626,0.7343323173215439,0.007375092447376723,0.0015680598488706779,0.007213373947599382,0.008900557511619158,0.7328567938034579,0.30180553323733883,2.631372524703049,2.723683848768843,val_self_probe_loss
70,1.045232284229359,1.045232284229359,0.5245843222190991,0.0,0.0,4.1588826179504395,0.25794542634002987,0.0,0.25794542634002987,0.37299404485697085,0.28210395482970907,0.6338356764747891,0.22678472820779821,0.001064950975900747,0.0006176561861851727,0.0030093410596226952,0.004150274053520629,0.7567079602428901,0.3025244795006795,2.5367900426991237,2.5367900426991237,1.5670870618420358,0.0,0.0,4.1588826179504395,0.2654979331708103,0.0,0.2654979331708103,0.9214940670203787,0.774335378676838,1.5760746717869496,0.776296772756932,0.007527925464471437,0.0017030900377751367,0.006870056261736553,0.009559813669957914,0.733045706837814,0.3014630788231488,2.5367900426991237,2.631372524703049,val_self_probe_loss
71,0.9829346366823701,0.9829346366823701,0.6314094332583519,0.0,0.0,4.1588826179504395,0.25741042653108925,0.0,0.25741042653108925,0.35863483769350923,0.32539040090681826,0.5856523014662295,0.2902049392596721,0.0011852602878522586,0.0007101201410336332,0.0031128281425341197,0.004540391913978086,0.7607979582117627,0.3036509828496843,2.4421264202281927,2.4421264202281927,1.662737397025831,0.0,0.0,4.1588826179504395,0.26557291164901686,0.0,0.26557291164901686,0.8890404168065198,0.817729904044489,1.513894310730122,0.8283315013590853,0.007511115882548241,0.0017342937393584423,0.0068322014033227515,0.009845511210498094,0.7326104437342341,0.30515827136750545,2.4421264202281927,2.5367900426991237,val_self_probe_loss
72,0.9196245710393076,0.9196245710393076,0.6711737696576197,0.0,0.0,4.1588826179504395,0.25815068129715885,0.0,0.25815068129715885,0.3348350575169227,0.3503996834371537,0.5459623158726388,0.30474086770119246,0.00098340346289885,0.0006615604424541694,0.002919624976427361,0.005092859713659181,0.7657876825358813,0.3071701542998774,2.35346870945755,2.35346870945755,1.7386182786329933,0.0,0.0,4.1588826179504395,0.2633571907044938,0.0,0.2633571907044938,0.8588466874803908,0.8468780355146213,1.4554420099188776,0.8751870973891815,0.007447057487049013,0.0017454327853726078,0.006765620517963832,0.009784242149112712,0.7328328368086252,0.3027694950933042,2.35346870945755,2.4421264202281927,val_self_probe_loss
73,0.7332605152226306,0.7332605152226306,0.8379378053640822,0.0,0.0,4.1588826179504395,0.2543117168935018,0.0,0.2543117168935018,0.2704948620026283,0.42444615785756307,0.42386556597698466,0.397386688724749,0.0011636254880638664,0.0009989486757194205,0.0027578643539257993,0.005547773440058714,0.766667420856254,0.306008389569271,2.2396140552779533,2.2396140552779533,1.842571054510078,0.0,0.0,4.1588826179504395,0.26737859419413973,0.0,0.26737859419413973,0.8203690687385359,0.8858237850554982,1.3801076483423966,0.9403574184445167,0.007263248540303433,0.001652268421121165,0.006835457225697497,0.009405145339193458,0.7327599181151538,0.3007233153959239,2.2396140552779533,2.35346870945755,val_self_probe_loss
74,0.802144492619582,0.802144492619582,0.8388274786452038,0.0,0.0,4.1588826179504395,0.25736311913910603,0.0,0.25736311913910603,0.29346171109584435,0.41840130485733307,0.4700484307320292,0.4044371544926312,0.0008995706731382999,0.0006854887688948743,0.0027446385435187528,0.005267159671867195,0.7626996931469663,0.3058179353254425,2.1484628274273243,2.1484628274273243,1.9413898913479,0.0,0.0,4.1588826179504395,0.26621000487241686,0.0,0.26621000487241686,0.78868207243786,0.9243433957236894,1.3205839698000446,1.000633326338847,0.007463386732620702,0.0017636099656381206,0.007028349428669035,0.009183272983306174,0.7325590682325896,0.301078426541749,2.1484628274273243,2.2396140552779533,val_self_probe_loss
75,0.8101895830045024,0.8101895830045024,0.7728284414362829,0.0,0.0,4.1588826179504395,0.25784229103610756,0.0,0.25784229103610756,0.2891218377937666,0.3951201360717694,0.482350787521022,0.3615534651276178,0.0011371466838568142,0.000695122891011723,0.0029264334760479523,0.0047471645137634536,0.7628003747481547,0.31012677541155975,2.084108954399639,2.084108954399639,2.019315270440919,0.0,0.0,4.1588826179504395,0.266118600131562,0.0,0.266118600131562,0.766103198900761,0.9598398504790312,1.2788309703540544,1.0428438990735536,0.007409571701946729,0.001802447384315489,0.006858211398986602,0.009511183287878954,0.7327307277584668,0.30459824667213864,2.084108954399639,2.1484628274273243,val_self_probe_loss
76,0.7662285662508691,0.7662285662508691,0.8335067083165622,0.0,0.0,4.1588826179504395,0.2578437138107553,0.0,0.2578437138107553,0.27718753197959306,0.4136101950111295,0.45033897154348057,0.4036969394779853,0.0010322705678921398,0.0008456373120535167,0.0028034359028585396,0.004712295642073556,0.7632723557307874,0.3103387860252096,1.9727562847576157,1.9727562847576157,2.1526742855214183,0.0,0.0,4.1588826179504395,0.2651725876035157,0.0,0.2651725876035157,0.7285713586053864,1.0113066861995998,1.2049792941011812,1.1248889267473534,0.0074564007575741555,0.0017764164067274979,0.00683963993204156,0.009648390772307048,0.733152245142445,0.3013968408477973,1.9727562847576157,2.084108954399639,val_self_probe_loss
77,0.6851487403937936,0.6851487403937936,0.9426609400075039,0.0,0.0,4.1588826179504395,0.25687901142465297,0.0,0.25687901142465297,0.25751009491056565,0.4633466399363707,0.38909162215389614,0.46328402991058015,0.0011301404802546797,0.0008180165032142276,0.003066961908852017,0.004884663049712303,0.7591557135042846,0.30674579755927545,1.8843320065311022,1.8843320065311022,2.2746273796565784,0.0,0.0,4.1588826179504395,0.2687249378017757,0.0,0.2687249378017757,0.6986308903910613,1.0622965107608286,1.1464570372868677,1.1955415562130742,0.007600116818150511,0.0017674619032489243,0.006760960588700236,0.009829537567005765,0.7333560013993187,0.3072905851447064,1.8843320065311022,1.9727562847576157,val_self_probe_loss
78,0.7137257955583992,0.7137257955583992,0.9361062870492789,0.0,0.0,4.1588826179504395,0.2549318070600114,0.0,0.2549318070600114,0.2602485060138765,0.4556636534361363,0.4150048144310958,0.4647026758203457,0.000947733044051964,0.0006296752786984423,0.0029569997484913315,0.004990484143794401,0.7587960119043302,0.30167034330535536,1.8008651099867703,1.8008651099867703,2.3513044966674,0.0,0.0,4.1588826179504395,0.26580336726970555,0.0,0.26580336726970555,0.6695058715865247,1.0835808206881796,1.0921379616498508,1.2513273298300756,0.007416446216101469,0.0018495710581372584,0.006713428657851905,0.009631354297418725,0.7339168115062003,0.29941489755737116,1.8008651099867703,1.8843320065311022,val_self_probe_loss
79,0.7397491341839114,0.7397491341839114,0.7839135051297043,0.0,0.0,4.1588826179504395,0.24712090226939168,0.0,0.24712090226939168,0.2660997135362268,0.3961807130851285,0.4351269425630046,0.372180992526817,0.0010065137343565522,0.0006585415775001327,0.0027898536447096213,0.004316798284287952,0.7598372845696827,0.29910954064255096,1.7159971504107765,1.7159971504107765,2.476771674356105,0.0,0.0,4.1588826179504395,0.26334782250179267,0.0,0.26334782250179267,0.6405771407298744,1.1343755071624095,1.0361727413501567,1.3258544301197672,0.007536538718420122,0.0020368258766601294,0.006412854993727452,0.010264617767653526,0.7344363955607326,0.30011707433262225,1.7159971504107765,1.8008651099867703,val_self_probe_loss
80,0.6645183947047731,0.6645183947047731,1.1298246713586224,0.0,0.0,4.1588826179504395,0.2559327029599578,0.0,0.2559327029599578,0.25174380635533944,0.5385011003631792,0.37416278703994926,0.5753568033805336,0.000987950970846715,0.0009123118633467981,0.0029710306854112,0.005478916926162254,0.7613543609625422,0.3038169864634651,1.6413984895909426,1.6413984895909426,2.577075277888997,0.0,0.0,4.1588826179504395,0.26642837037581096,0.0,0.26642837037581096,0.6138980304547557,1.171641320036435,0.9882810841667355,1.3888305671489942,0.007310452688899707,0.0019187066090696435,0.006689406284246802,0.009732216024649855,0.7344570304296032,0.3030136629291203,1.6413984895909426,1.7159971504107765,val_self_probe_loss
81,0.7681283373978607,0.7681283373978607,1.0000523959831402,0.0,0.0,4.1588826179504395,0.2511638424529987,0.0,0.2511638424529987,0.28840972158473094,0.4551124287489086,0.44100359397195077,0.5290259761218509,0.0011579201806057552,0.0007215811015552016,0.0028564210227945194,0.004297906566619807,0.7627983377872262,0.3060763750458392,1.579150755883929,1.579150755883929,2.6548491054625245,0.0,0.0,4.1588826179504395,0.2676061019764183,0.0,0.2676061019764183,0.5920058835777946,1.2022704189608555,0.9479261649113079,1.435936092534999,0.007491309941068049,0.0018839260367018165,0.006654816241472126,0.010014554193555753,0.7336098477707146,0.3034026937455124,1.579150755883929,1.6413984895909426,val_self_probe_loss
82,0.5166032405408625,0.5166032405408625,1.379164994662601,0.0,0.0,4.1588826179504395,0.250796436069433,0.0,0.250796436069433,0.20427006591647112,0.6513093252524194,0.2738945593292754,0.7119028068829479,0.0009924675998061745,0.0008386365374538786,0.002836073771897094,0.005853510526536415,0.7581380930219078,0.3031584562245106,1.5133592557879338,1.5133592557879338,2.7345169722478584,0.0,0.0,4.1588826179504395,0.26633818503122153,0.0,0.26633818503122153,0.5687361713556677,1.2266741821669644,0.9054162862626778,1.4913063849675359,0.00725872116104623,0.001732499392713841,0.0070133054989060355,0.009197711376241924,0.7338186680159954,0.3036698336186616,1.5133592557879338,1.579150755883929,val_self_probe_loss
83,0.6000719190985128,0.6000719190985128,1.0370880417713872,0.0,0.0,4.1588826179504395,0.2475190876475019,0.0,0.2475190876475019,0.22220980987140887,0.47184891562037884,0.3390438924763356,0.5490305170838022,0.0009032091657509956,0.0007783728151090963,0.0030549857683651533,0.004617562794058076,0.7657376478061194,0.31104426009071384,1.428521137082984,1.428521137082984,2.864679972670093,0.0,0.0,4.1588826179504395,0.2650503450484009,0.0,0.2650503450484009,0.5394230052967619,1.2704368202675203,0.8498809481508197,1.5779753410957338,0.007309350375265392,0.001761258726010225,0.006781881139324457,0.009316709147106786,0.7342328717989951,0.2979207823735587,1.428521137082984,1.5133592557879338,val_self_probe_loss
84,0.4943159947787237,0.4943159947787237,1.3223091867536667,0.0,0.0,4.1588826179504395,0.25261177328690215,0.0,0.25261177328690215,0.19486879639002433,0.6269056424989266,0.2605881197173578,0.6792218049642611,0.0012006112875935185,0.0009683942097572181,0.003423846513467394,0.005345116028997691,0.7643305209805753,0.3081036614403374,1.3756578171752996,1.3756578171752996,2.942655419942385,0.0,0.0,4.1588826179504395,0.26635915429695795,0.0,0.26635915429695795,0.5200098606697081,1.2957751309464436,0.8163521895300805,1.630492322019631,0.007504994796154448,0.0017634844013419012,0.007042675496365366,0.00904437022063858,0.7343054676648253,0.3008515486806076,1.3756578171752996,1.428521137082984,val_self_probe_loss
85,0.45248620923604455,0.45248620923604455,1.4532053685378035,0.0,0.0,4.1588826179504395,0.25439823530900624,0.0,0.25439823530900624,0.18177210021064782,0.6676179306125667,0.23175011332935022,0.7693746666925929,0.0012804230170783972,0.0010653648512426056,0.0030107868005471504,0.00483486320338857,0.7668560866990283,0.3092573323705194,1.304576471621483,1.304576471621483,3.038081178244967,0.0,0.0,4.1588826179504395,0.26454407633831784,0.0,0.26454407633831784,0.49451983187590604,1.32728003104281,0.7708316503543846,1.6944882831252788,0.007315462258747802,0.001626293508746565,0.006957182296268318,0.009055707166954783,0.7340072963548743,0.3000123689633719,1.304576471621483,1.3756578171752996,val_self_probe_loss
86,0.4378681402166837,0.4378681402166837,1.2830662095487837,0.0,0.0,4.1588826179504395,0.2543219247286982,0.0,0.2543219247286982,0.16949226131456221,0.5961622172142619,0.22978442507713182,0.6708511464076953,0.0011746777027577537,0.0008966221075163375,0.0029428939909585286,0.004999111678439032,0.7600696739852101,0.3065758800925329,1.2180848320980806,1.2180848320980806,3.2226545746837343,0.0,0.0,4.1588826179504395,0.27028678311324267,0.0,0.27028678311324267,0.46528897438522265,1.3965456862442243,0.7135974099738118,1.8095376271471058,0.007276098074240361,0.001678745851067281,0.0069277102383640335,0.009195463483869706,0.7337341377083559,0.3046419191064301,1.2180848320980806,1.304576471621483,val_self_probe_loss
87,0.5497946343849833,0.5497946343849833,1.14171425055234,0.0,0.0,4.1588826179504395,0.24634358216522814,0.0,0.24634358216522814,0.2079510456513364,0.5174492752480062,0.30328775101375044,0.60826231136869,0.0009094226375898463,0.0005439286997168515,0.0028843054488867635,0.004223389021999128,0.7608011408773395,0.30888665533746246,1.1556033306286573,1.1556033306286573,3.334080108713289,0.0,0.0,4.1588826179504395,0.26914123885379815,0.0,0.26914123885379815,0.44343001848399083,1.437018080620292,0.672953506492032,1.8804801331850358,0.007364257873350144,0.0018993349981908931,0.006709104510145667,0.009683069399910869,0.7341547023435557,0.30277919325028885,1.1556033306286573,1.2180848320980806,val_self_probe_loss
88,0.42992193271476536,0.42992193271476536,1.41120274765693,0.0,0.0,4.1588826179504395,0.24953909566713872,0.0,0.24953909566713872,0.16372679494439935,0.6186010041217903,0.22710103636073883,0.7763328374609858,0.0013338677957884018,0.0008956351359300065,0.0030673209374103977,0.005068860110048814,0.7690778761349708,0.310762813860708,1.0966549743637906,1.0966549743637906,3.4419178314830945,0.0,0.0,4.1588826179504395,0.2695378287238364,0.0,0.2695378287238364,0.42233718146703075,1.47813975686057,0.6351104272610467,1.9470821292434606,0.007450287857220178,0.0018070211056437305,0.0067339156199715195,0.009614919404852094,0.7334287666385959,0.3056527631623404,1.0966549743637906,1.1556033306286573,val_self_probe_loss
89,0.4479795100063118,0.4479795100063118,1.4260127684336594,0.0,0.0,4.1588826179504395,0.25067399787327066,0.0,0.25067399787327066,0.1617127971817728,0.6370663439730258,0.2473622423608948,0.7727178793050896,0.00104292621005441,0.0008703943783088352,0.0029483030156082137,0.004389486979472356,0.7669780021441363,0.3114392551972759,1.0374010655311694,1.0374010655311694,3.5292838586968664,0.0,0.0,4.1588826179504395,0.26992094923990856,0.0,0.26992094923990856,0.4015835679876647,1.5061955019276334,0.5966137757521955,2.006510355532956,0.0074178954046429275,0.001800848193688467,0.006528371796069771,0.009909155113356454,0.7339294341780385,0.30273553099691497,1.0374010655311694,1.0966549743637906,val_self_probe_loss
90,0.3928840063209722,0.3928840063209722,1.5252225404087982,0.0,0.0,4.1588826179504395,0.24695998791740179,0.0,0.24695998791740179,0.15463869606321587,0.6818760389505051,0.1996388668797575,0.8273885365816817,0.0009997872044604514,0.0008735545117404172,0.0028937622979789373,0.005382962190340611,0.7613424508291594,0.30402566435308276,0.9723216410471786,0.9723216410471786,3.6599189251291087,0.0,0.0,4.1588826179504395,0.2686740487628842,0.0,0.2686740487628842,0.37749771340258464,1.548121757573963,0.555529655532923,2.095453132643879,0.0074545767384502455,0.001783533976223502,0.006892466152619038,0.00921002002751096,0.7348265164757367,0.29953894741046505,0.9723216410471786,1.0374010655311694,val_self_probe_loss
91,0.5428472514275531,0.5428472514275531,1.1755597465124663,0.0,0.0,4.1588826179504395,0.24639239709345884,0.0,0.24639239709345884,0.2007452739406741,0.5204514656236352,0.30357097027032065,0.639324650471022,0.0010702930607819677,0.0006263582229878109,0.002895895108012186,0.004026815694941843,0.7594767309046472,0.30448778891275535,0.9355372739319475,0.9355372739319475,3.7202883206816932,0.0,0.0,4.1588826179504395,0.26961565489724554,0.0,0.26961565489724554,0.36485400959785724,1.5762694395662094,0.5313832088871078,2.1271732479929693,0.007694104612354473,0.001936971361732876,0.006684527861862588,0.010013498533632814,0.7341622395545059,0.3071996954657276,0.9355372739319475,0.9723216410471786,val_self_probe_loss
92,0.3964264195261096,0.3964264195261096,1.4644688944261763,0.0,0.0,4.1588826179504395,0.24495520569490417,0.0,0.24495520569490417,0.15060438342498764,0.6347463030028684,0.20659921117920252,0.8132787569335015,0.0011566546689690848,0.0009836433339300084,0.0028747306712013673,0.004702616402977499,0.77292367040653,0.3145530180337008,0.8601246219799386,0.8601246219799386,3.967644112080521,0.0,0.0,4.1588826179504395,0.2705321648846502,0.0,0.2705321648846502,0.33865003285333745,1.664493835027914,0.48225767284006993,2.2864733894893563,0.007433066169170211,0.0017562282474325416,0.006366962391264181,0.010405691548088647,0.7344397295335805,0.3039444940430777,0.8601246219799386,0.9355372739319475,val_self_probe_loss
93,0.46521733751935573,0.46521733751935573,1.5516504917526874,0.0,0.0,4.1588826179504395,0.24228583227201037,0.0,0.24228583227201037,0.16828302565336423,0.6581519641611893,0.25812693905907264,0.8773735553950366,0.0010271207257113895,0.0008302542202515986,0.0030051064171494036,0.004664605258377198,0.7650022215560554,0.309018878656737,0.8819195373411874,0.8819195373411874,3.909260107863764,0.0,0.0,4.1588826179504395,0.247464627305173,0.0,0.247464627305173,0.3442749188264242,1.6404556109575752,0.49818638945866073,2.2531108173616925,0.007469497658207475,0.001691703350962084,0.006622957823485692,0.00995547719363424,0.7385711384856183,0.2855038057943309,0.8819195373411874,0.8819195373411874,val_self_probe_loss
94,0.3438833186854777,0.3438833186854777,1.751401826240425,0.0,0.0,4.1588826179504395,0.2305399049257473,0.0,0.2305399049257473,0.144576969050468,0.7335497684016186,0.15996584964407,1.0020141296485352,0.0011904968065912524,0.0008772114001044354,0.003079373059340913,0.005375599410409429,0.7746982047769817,0.30162201172434017,0.7980676529153904,0.7980676529153904,3.9497998551182123,0.0,0.0,4.1588826179504395,0.25505281318418727,0.0,0.25505281318418727,0.3151497992785266,1.651955363219199,0.4437428915364124,2.2814919119874326,0.007137315962948079,0.001557271638782554,0.006926162587044911,0.009392215520351755,0.7339614948130543,0.300476472570289,0.7980676529153904,0.8601246219799386,val_self_probe_loss
95,0.42163038266869723,0.42163038266869723,1.385076102650388,0.0,0.0,4.1588826179504395,0.23135603162839305,0.0,0.23135603162839305,0.15698680652532437,0.5919931964083901,0.22581066150917506,0.7771670271639439,0.0011477014427183198,0.0006602521098941055,0.003061924122696135,0.004037936055791512,0.7647962278382838,0.306941407833874,0.7418908990503098,0.7418908990503098,4.131617656590776,0.0,0.0,4.1588826179504395,0.26283294110564714,0.0,0.26283294110564714,0.29584664414978085,1.7192623183038664,0.4068181601971943,2.395758055888047,0.007460742488919948,0.0017377499745736534,0.006607498924800351,0.010022584727809111,0.7340039333201344,0.30320921299620446,0.7418908990503098,0.7980676529153904,val_self_probe_loss
96,0.4661930134902278,0.4661930134902278,1.3477810597380482,0.0,0.0,4.1588826179504395,0.23987009148108318,0.0,0.23987009148108318,0.1817224586298679,0.5889105983119373,0.24580281088384262,0.7426477952417636,0.000979944549066589,0.0007550380254578628,0.0029044084955169385,0.004877866498060712,0.7626461081133192,0.31092290951574936,0.6850065766423015,0.6850065766423015,4.377217525003119,0.0,0.0,4.1588826179504395,0.26667067177177217,0.0,0.26667067177177217,0.2750772837020156,1.811898326744204,0.37073312876225445,2.548515940524684,0.00738672551640052,0.0018343986598072502,0.006338606037558143,0.010592127682334564,0.7343127401719182,0.30570729585908213,0.6850065766423015,0.7418908990503098,val_self_probe_loss
97,0.3756978655178775,0.3756978655178775,1.6167666478947411,0.0,0.0,4.1588826179504395,0.24008733690046716,0.0,0.24008733690046716,0.1511570329969068,0.7088526644049832,0.1859352778455265,0.8918785810446046,0.0010081565015841712,0.0007185873643843494,0.0029442373267809414,0.005191420239184776,0.7611823854017206,0.3067340439944053,0.6418588991444674,0.6418588991444674,4.433591516260405,0.0,0.0,4.1588826179504395,0.2666742087150953,0.0,0.2666742087150953,0.25927462267272916,1.8274422497575327,0.3433350111409929,2.58949171738433,0.007431673882232678,0.001880834689365645,0.006437601572226571,0.010194260392031453,0.7349528046498387,0.3033579928534372,0.6418588991444674,0.6850065766423015,val_self_probe_loss
98,0.3250859230674975,0.3250859230674975,1.6893375065795153,0.0,0.0,4.1588826179504395,0.24328462450747695,0.0,0.24328462450747695,0.1316309328140889,0.7188498175464791,0.15434181139907677,0.9539120666085692,0.0010124151059982248,0.0007881143886618359,0.0030859972559361343,0.004804537052944973,0.7710297823475692,0.31796250947874805,0.6060123857550369,0.6060123857550369,4.4716909029376435,0.0,0.0,4.1588826179504395,0.2689909612910348,0.0,0.2689909612910348,0.2464381029007968,1.8386439534818164,0.32037772185903807,2.6163841100548457,0.007315052976370471,0.0018117728730216163,0.0066195786395544035,0.010055916104754953,0.7341166521821704,0.30408199270319497,0.6060123857550369,0.6418588991444674,val_self_probe_loss
99,0.32695633906188176,0.32695633906188176,1.9888670961694581,0.0,0.0,4.1588826179504395,0.24525289777277853,0.0,0.24525289777277853,0.1316472359142715,0.824781481638698,0.156331157055709,1.1477618197471917,0.0010534159268705435,0.0007057174271461465,0.003250651827563034,0.005600684202295594,0.7677906649565461,0.31174652865637015,0.6026243069990082,0.6026243069990082,4.345163029913577,0.0,0.0,4.1588826179504395,0.26776727145503026,0.0,0.26776727145503026,0.2439926276344991,1.7928041663969525,0.319443316676116,2.5356062330039486,0.007096307694290834,0.0017958291198523488,0.007323664643437318,0.009206393507297688,0.7336384172765364,0.3076589474026461,0.6026243069990082,0.6060123857550369,val_self_probe_loss
100,0.42179955102904043,0.42179955102904043,1.792139717035249,0.0,0.0,4.1588826179504395,0.2445257359749661,0.0,0.2445257359749661,0.15851498067350372,0.7607218179561435,0.2246014017286648,1.0154456825217417,0.0011544716973818684,0.0008004156163851214,0.002942557563968453,0.004613852612960483,0.7620056948075572,0.30621551407417275,0.6198874840408749,0.6198874840408749,4.1197828717576055,0.0,0.0,4.1588826179504395,0.26387319015049787,0.0,0.26387319015049787,0.25082530703407174,1.7054046082848346,0.32979497166714916,2.3977574838689812,0.0071965540324606045,0.0017740797016553447,0.007590063291555559,0.009120984619009013,0.7341804456266557,0.30529357742818986,0.6198874840408749,0.6060123857550369,val_self_probe_loss
101,0.27224478254791934,0.27224478254791934,1.6307024361011617,0.0,0.0,4.1588826179504395,0.24480008792733257,0.0,0.24480008792733257,0.10740415065147547,0.7195995979575373,0.12583653416390542,0.8947909949439384,0.0011039081625855078,0.0007935388523065499,0.0031147761804304207,0.004880017745099005,0.7683327538252662,0.31250727834214753,0.5099090909388679,0.5099090909388679,4.696005486969992,0.0,0.0,4.1588826179504395,0.2689213657416172,0.0,0.2689213657416172,0.21008443096739396,1.9168346735724011,0.2605310190752473,2.762408054896532,0.007378395416149117,0.001997373245803998,0.006933143512802835,0.009591227771876298,0.7351147217780166,0.3060904665393119,0.5099090909388679,0.6026243069990082,val_self_probe_loss
102,0.2372543484332402,0.2372543484332402,1.724568841976863,0.0,0.0,4.1588826179504395,0.24181543231730143,0.0,0.24181543231730143,0.09874049436329617,0.743308377629054,0.0990067461421703,0.9644729224566276,0.001171518988770859,0.0007890092707927711,0.0029886256855872636,0.00470824484648459,0.7783072959840233,0.32239001842152276,0.46653399692836756,0.46653399692836756,4.8843026890517764,0.0,0.0,4.1588826179504395,0.27114533702409044,0.0,0.27114533702409044,0.19431463429148985,1.9802514255879828,0.23294555030254102,2.8873421137759125,0.00731584059964086,0.00206729573100522,0.006828997768635243,0.009681964667675935,0.7352389771005382,0.3044810215508716,0.46653399692836756,0.5099090909388679,val_self_probe_loss
103,0.2402252158442457,0.2402252158442457,1.7309251472795573,0.0,0.0,4.1588826179504395,0.24391800655884224,0.0,0.24391800655884224,0.09735937969110964,0.7214270334703077,0.10329797252313398,0.9926821658659715,0.0011497818134474883,0.0007407770254996966,0.002954862369827591,0.004683538633690069,0.7796985149121834,0.3232460136144012,0.43103763338479195,0.43103763338479195,5.08600476800655,0.0,0.0,4.1588826179504395,0.2694264128341438,0.0,0.2694264128341438,0.18048180928106727,2.0536147751238034,0.21125901344099215,3.015667134560413,0.007393538224187634,0.0021629630991697717,0.006844789733725559,0.010020290667723333,0.7352789381276006,0.30360772817031195,0.43103763338479195,0.46653399692836756,val_self_probe_loss
104,0.2803578861425789,0.2803578861425789,2.0557394322870723,0.0,0.0,4.1588826179504395,0.2455838004824359,0.0,0.2455838004824359,0.11128364799035106,0.8765618878730566,0.1301588344088174,1.1628393067044955,0.0008630123025580267,0.0009182381335570264,0.0028153702988044965,0.005435383230888384,0.7683622821364,0.31130188991418917,0.41434456660232927,0.41434456660232927,4.961933893400319,0.0,0.0,4.1588826179504395,0.270527999778712,0.0,0.270527999778712,0.17448292471040389,2.00421431632886,0.20054317369872,2.940905252575689,0.007365327062577324,0.002020612677217558,0.0072635564698565825,0.00913488240160557,0.7350155937005274,0.30791637375488046,0.41434456660232927,0.43103763338479195,val_self_probe_loss
105,0.16023027226247066,0.16023027226247066,2.439359829958393,0.0,0.0,4.1588826179504395,0.24839925379967714,0.0,0.24839925379967714,0.08017849898462631,1.0284884057767305,0.04134304436490054,1.3944771383836883,0.0010577792288004814,0.0011639347589378374,0.0029188715337809383,0.005662716497563881,0.7630479935102745,0.3107406499945895,0.4121479198382878,0.4121479198382878,4.866799138347555,0.0,0.0,4.1588826179504395,0.27014965050338957,0.0,0.27014965050338957,0.17154140231164855,1.956801405882243,0.2012834954755207,2.8935354526287744,0.007143183039063487,0.001581270716477385,0.007797539512545843,0.00805752443566178,0.7351492424929364,0.30522285411076516,0.4121479198382878,0.41434456660232927,val_self_probe_loss
106,0.32642770856700665,0.32642770856700665,2.0621617678327957,0.0,0.0,4.1588826179504395,0.24011592845034782,0.0,0.24011592845034782,0.12163699848442436,0.8418181047465092,0.16604281152658876,1.2043868347053732,0.0011321959452451596,0.0007339311154787933,0.0029787122628229345,0.004093736187533428,0.7633395595424916,0.30727931402386477,0.46854510123592724,0.46854510123592724,4.435125354561746,0.0,0.0,4.1588826179504395,0.26120662726230504,0.0,0.26120662726230504,0.19416715151786526,1.7964997158287475,0.2350075868571536,2.6222799603671114,0.007315194312525011,0.0015569962603159348,0.007947609085959862,0.008094790209408688,0.7349366988084332,0.3029317261639589,0.46854510123592724,0.41434456660232927,val_self_probe_loss
107,0.2950951588042612,0.2950951588042612,1.8897904999693191,0.0,0.0,4.1588826179504395,0.2393348584714234,0.0,0.2393348584714234,0.11583814893375866,0.7832252496340272,0.14071162286777822,1.0905527482504427,0.0009005739507166992,0.0007121561780392331,0.0029131744578828303,0.004408361103220073,0.7605786364112544,0.30787394013415315,0.46425815967854506,0.46425815967854506,4.454575136535286,0.0,0.0,4.1588826179504395,0.2582593608346785,0.0,0.2582593608346785,0.1915758139951305,1.8064815560297935,0.2333013561383607,2.631433076821036,0.007358217228949504,0.0016252676198277615,0.007810873441146513,0.008372672371456388,0.7352069803276418,0.3083376347648431,0.46425815967854506,0.46425815967854506,val_self_probe_loss
108,0.2592461727003431,0.2592461727003431,1.5527837118941525,0.0,0.0,4.1588826179504395,0.23351406751754647,0.0,0.23351406751754647,0.10471940956678565,0.649180346946554,0.11576214233468543,0.8875442739641529,0.0010329501485310465,0.0006681540983131462,0.0030481892629729995,0.00424858339567404,0.7640313194690499,0.30934404692194467,0.3343963645722555,0.3343963645722555,5.148263916095591,0.0,0.0,4.1588826179504395,0.2678452191515739,0.0,0.2678452191515739,0.14321554559340804,2.0611602337741703,0.15181284442382015,3.0702642600879257,0.00753772011375986,0.0019100629621919194,0.0069346686511340995,0.00954487711055239,0.7358020873543638,0.3081573764359729,0.3343963645722555,0.46425815967854506,val_self_probe_loss
109,0.30224095823081737,0.30224095823081737,1.5174050795570686,0.0,0.0,4.1588826179504395,0.2368161138044885,0.0,0.2368161138044885,0.11797552370557278,0.628212839569467,0.14509071477788013,0.872738977701993,0.001087772945836253,0.0006633049841955126,0.00304553438996248,0.0038145583436817224,0.7719647399549557,0.3181197483309276,0.29525193444782905,0.29525193444782905,5.373434050344162,0.0,0.0,4.1588826179504395,0.26954650203263536,0.0,0.26954650203263536,0.1291172463585686,2.1438701638246176,0.1268251268713741,3.212604248306211,0.007532158898611217,0.002070101708730882,0.006387776542261174,0.010546434696717477,0.7357546211399647,0.30775786612344824,0.29525193444782905,0.3343963645722555,val_self_probe_loss
110,0.1836382370814272,0.1836382370814272,2.111049182876601,0.0,0.0,4.1588826179504395,0.23945134205888838,0.0,0.23945134205888838,0.07997394895281246,0.8943975796896462,0.0649173796753492,1.2004769340026653,0.001100514462386625,0.0007073646875870798,0.0030041285980907887,0.005352074943859086,0.7634273814579265,0.30925436764464814,0.2756529993707349,0.2756529993707349,5.483131528224634,0.0,0.0,4.1588826179504395,0.2673213661457441,0.0,0.2673213661457441,0.12008624402256625,2.1744703638442555,0.11613273162753408,3.291984802675983,0.00755164754380485,0.002085973952280425,0.0067125012691751675,0.009614593693581612,0.737497345631167,0.3038671612739563,0.2756529993707349,0.29525193444782905,val_self_probe_loss
111,0.2588608871274408,0.2588608871274408,1.9480457993553446,0.0,0.0,4.1588826179504395,0.2380125332709594,0.0,0.2380125332709594,0.09966785767198459,0.7815769264713731,0.12045315694591413,1.1503471758780934,0.0011382835856187756,0.0008654540274804343,0.0029196484413986533,0.004345266461274234,0.7632665759776479,0.3094140246068869,0.2651684059535865,0.2651684059535865,5.501232990289327,0.0,0.0,4.1588826179504395,0.2669664067881448,0.0,0.2669664067881448,0.11706728874763578,2.187216684407329,0.1087122678247668,3.297009976638585,0.007544767744141423,0.001912683094668418,0.006628830532141331,0.009898471256995701,0.7367955931225179,0.31075726347680416,0.2651684059535865,0.2756529993707349,val_self_probe_loss
112,0.20667646415572527,0.20667646415572527,2.1761578611465238,0.0,0.0,4.1588826179504395,0.24094096190908476,0.0,0.24094096190908476,0.08553588183844128,0.8535597472074395,0.08211654238811766,1.306203906541909,0.0009837091836226496,0.0007693255536273747,0.0031041518147906,0.004673576343070581,0.7693540578877756,0.31469132894349544,0.27100360240810406,0.27100360240810406,5.31392123425229,0.0,0.0,4.1588826179504395,0.2628113881031178,0.0,0.2628113881031178,0.11957459054997202,2.1144785892611706,0.11195341096352207,3.1827833751123977,0.007680561824543373,0.0018736503553831742,0.0072800536561896155,0.009173078362696938,0.7365490953374353,0.3054649674374124,0.27100360240810406,0.27100360240810406,val_self_probe_loss
113,0.16857266497239062,0.16857266497239062,2.1509724305503064,0.0,0.0,4.1588826179504395,0.23190451154135716,0.0,0.23190451154135716,0.07214684039558786,0.9050276763778095,0.057730664416297074,1.230060260123384,0.0008647638271421166,0.0007869225450317707,0.003022617319523143,0.004949432125051315,0.7635341424711711,0.3038587578041755,0.23549203880084968,0.23549203880084968,5.570338990655005,0.0,0.0,4.1588826179504395,0.26508455996557795,0.0,0.26508455996557795,0.10452033309786586,2.2029835812238434,0.09155183954899032,3.3505298859810004,0.007477983875653522,0.0019123253667158052,0.00704288433569119,0.00926949452791039,0.7369213278249184,0.30840083938207685,0.23549203880084968,0.2651684059535865,val_self_probe_loss
114,0.17131752260724487,0.17131752260724487,2.1716657718633323,0.0,0.0,4.1588826179504395,0.235801826700421,0.0,0.235801826700421,0.07274411438783358,0.8968246874739911,0.05968752968647445,1.2586740130613814,0.0009706121467234839,0.0008358299448933098,0.0029666671967982397,0.004776799851725886,0.7669310917838607,0.3096050777759824,0.21771074770168858,0.21771074770168858,5.746739597933263,0.0,0.0,4.1588826179504395,0.2683504834678603,0.0,0.2683504834678603,0.09594561689192001,2.2639848600078074,0.08241731155177821,3.46567035404248,0.007302143095505514,0.001863168769802389,0.006945385805892278,0.009399276868850918,0.7365550165591033,0.3135722992212876,0.21771074770168858,0.23549203880084968,val_self_probe_loss
115,0.14812950259555052,0.14812950259555052,2.2727922387707378,0.0,0.0,4.1588826179504395,0.23895058477487574,0.0,0.23895058477487574,0.05664913848136541,0.9324716374719706,0.05258078163675759,1.3239673853807896,0.0011759005447127115,0.0007860367182134518,0.0027732343325911767,0.0047551733836517325,0.7665657561382792,0.31362236167675317,0.203530109308151,0.203530109308151,5.728548402695552,0.0,0.0,4.1588826179504395,0.26451225041972926,0.0,0.26451225041972926,0.09060152936495425,2.250167910819468,0.07353270516198661,3.4617101381943556,0.007491120888370014,0.0019327126422846186,0.007008147547064893,0.009305941349514384,0.7364455579970934,0.30512876725344923,0.203530109308151,0.21771074770168858,val_self_probe_loss
116,0.20583671594752176,0.20583671594752176,2.106516454127565,0.0,0.0,4.1588826179504395,0.2357042823743349,0.0,0.2357042823743349,0.0768737761604341,0.8517070182330261,0.08964391456841278,1.2383609507590712,0.0011421280516303604,0.0008731878797224685,0.002938224462757519,0.004142724615485948,0.7747934325204592,0.31631906050882014,0.19902787443181003,0.19902787443181003,5.743769046266257,0.0,0.0,4.1588826179504395,0.26222440563373683,0.0,0.26222440563373683,0.08928620735738681,2.256812212352427,0.07039362923907382,3.4701384387893013,0.007464876269736553,0.0018970280448483666,0.006792668070968079,0.009795589175115785,0.7360509789508322,0.3072844817771675,0.19902787443181003,0.203530109308151,val_self_probe_loss
117,0.20329951590620202,0.20329951590620202,1.8691602717802893,0.0,0.0,4.1588826179504395,0.231644543233347,0.0,0.231644543233347,0.0798212391110679,0.7772708152605856,0.08467658848780832,1.0757779608737232,0.0009371197355515503,0.0006130722875832212,0.002929588275042523,0.004762247326179652,0.7654890851184121,0.30964340271201274,0.17663163463845385,0.17663163463845385,5.933918115422593,0.0,0.0,4.1588826179504395,0.2678770655245514,0.0,0.2678770655245514,0.08130608226884134,2.324152105713483,0.05590400583781765,3.5926988752477844,0.007730700384831975,0.0021752463528275077,0.006739810434161391,0.009920862671826612,0.7362977240396582,0.3106340081054972,0.17663163463845385,0.19902787443181003,val_self_probe_loss
118,0.24673861106520295,0.24673861106520295,2.0209802910113046,0.0,0.0,4.1588826179504395,0.2300611175964745,0.0,0.2300611175964745,0.09592577661096265,0.8108319354894786,0.11208190491707212,1.1942264188068759,0.001001137117508944,0.0006556099482868406,0.0027990444169996224,0.0045120397574471725,0.7640146620972358,0.3061356998235805,0.16298955114361663,0.16298955114361663,6.0618961519151,0.0,0.0,4.1588826179504395,0.2634464756857534,0.0,0.2634464756857534,0.07513412724463095,2.367773482240505,0.04844201306424896,3.677312285783961,0.00753668338818344,0.0022018726748180783,0.006570937148127589,0.00993908088298526,0.737442756291502,0.30531374082802243,0.16298955114361663,0.17663163463845385,val_self_probe_loss
119,0.20488517567041023,0.20488517567041023,2.0545888058963904,0.0,0.0,4.1588826179504395,0.2323301482442705,0.0,0.2323301482442705,0.08131079164126113,0.8340594321489334,0.08447965528329367,1.204129353913956,0.0011788882231712956,0.0007282739620173437,0.003141150080279931,0.004726487610583183,0.7697177093586466,0.31490377560012556,0.16173263370805646,0.16173263370805646,6.067524972956003,0.0,0.0,4.1588826179504395,0.26087636384904755,0.0,0.26087636384904755,0.07397665654638817,2.3693547228478495,0.0482730160536742,3.681292025204632,0.007638951971304823,0.002183232222685784,0.00674607643788183,0.009760088576524524,0.7379723546667869,0.3071270124142214,0.16173263370805646,0.16298955114361663,val_self_probe_loss
120,0.15840243998788192,0.15840243998788192,1.9030679091075118,0.0,0.0,4.1588826179504395,0.22993683586005453,0.0,0.22993683586005453,0.061053259780734746,0.7652642442205866,0.058664555382290214,1.121773744707377,0.0009535824719693258,0.0007527986654367432,0.0028802848842228086,0.004150940281922728,0.7631640625314053,0.3085334167849481,0.14619062831683188,0.14619062831683188,6.269689284496426,0.0,0.0,4.1588826179504395,0.26500649731721937,0.0,0.26500649731721937,0.06831528409962652,2.4412850228988607,0.038381850829937995,3.8115402694085834,0.0077250036939737095,0.002195724099788631,0.006591609683500962,0.010344371175746324,0.7380615724539905,0.30561402273474275,0.14619062831683188,0.16173263370805646,val_self_probe_loss
121,0.22997628838543574,0.22997628838543574,2.5047069364334695,0.0,0.0,4.1588826179504395,0.23345914700617512,0.0,0.23345914700617512,0.08867995099304601,1.0063483376796107,0.10216768906460963,1.4819885101332917,0.0012728619816944078,0.0010368854098878999,0.003104031229985655,0.00517441116939948,0.7700005216211179,0.3118682235446641,0.1579746095845418,0.1579746095845418,6.091956138703393,0.0,0.0,4.1588826179504395,0.26211322075831966,0.0,0.26211322075831966,0.0731234174939046,2.3699559336123257,0.04538520024539845,3.7053036457535042,0.007553134724730626,0.0019572012557286405,0.006961453903425971,0.009648485638502036,0.737631220625054,0.30483908571811935,0.1579746095845418,0.1579746095845418,val_self_probe_loss
122,0.18448777906146846,0.18448777906146846,2.733305891164048,0.0,0.0,4.1588826179504395,0.2320321354724704,0.0,0.2320321354724704,0.07761565820670775,1.0604134331877486,0.06702957710283926,1.6559080077635797,0.0010260127623816344,0.0010148153053513075,0.003184546941163429,0.005140288039309951,0.785351698275586,0.32433466984594955,0.15048308346582495,0.15048308346582495,6.026101611693453,0.0,0.0,4.1588826179504395,0.26388200636235826,0.0,0.26388200636235826,0.0657891880732423,2.3439902305510474,0.04532507698844123,3.6653878357932435,0.007287807175936611,0.0017058782008778348,0.007067421543764772,0.009222669663596089,0.7368026455366834,0.307489870497899,0.15048308346582495,0.15048308346582495,val_self_probe_loss
123,0.13747553216573566,0.13747553216573566,2.5519660882054778,0.0,0.0,4.1588826179504395,0.23396810887608388,0.0,0.23396810887608388,0.05537166247404008,1.0145456760663756,0.04305178896471874,1.5209507708806793,0.0009045811107026415,0.0008026475856286647,0.00307965309026372,0.004732307484710812,0.7703593333387742,0.3159148704207428,0.1619629912564288,0.1619629912564288,5.867709726326584,0.0,0.0,4.1588826179504395,0.2618891771720803,0.0,0.2618891771720803,0.06869113681149548,2.279964342343141,0.05383299265392356,3.5711722348134107,0.0073526556166962674,0.0016865127959107616,0.007120729345967126,0.008988069314712091,0.7377726065446131,0.3050514907570359,0.1619629912564288,0.1579746095845418,val_self_probe_loss
124,0.1899993664837564,0.1899993664837564,2.0789471137798445,0.0,0.0,4.1588826179504395,0.229858395951247,0.0,0.229858395951247,0.07663829038665926,0.8397472425395649,0.07400082360695472,1.2225633278963464,0.0010740800652098122,0.0006508549204197215,0.0030520471398443653,0.004315857703947799,0.7757306439162086,0.32084689921526693,0.14821178468395463,0.14821178468395463,6.037531458952042,0.0,0.0,4.1588826179504395,0.2628492740740687,0.0,0.2628492740740687,0.06355663507262835,2.3462199640940433,0.045122081982203244,3.6744436028887812,0.007689691551723113,0.001883688068299996,0.007081560490462027,0.009272917264187419,0.7380497555555023,0.30939055692335093,0.14821178468395463,0.15048308346582495,val_self_probe_loss
125,0.14692344757780415,0.14692344757780415,2.20311954139878,0.0,0.0,4.1588826179504395,0.2270158632166692,0.0,0.2270158632166692,0.05686671369014927,0.8818340898950459,0.051218496872731674,1.3052272763221835,0.0010196394979343959,0.0007148118954961153,0.002761026272656545,0.0045297910274301875,0.7661445178786696,0.3085311731705943,0.1332752647468392,0.1332752647468392,6.139064182961209,0.0,0.0,4.1588826179504395,0.2594323625660831,0.0,0.2594323625660831,0.05522498431158547,2.374932088050413,0.03860410282631283,3.747487556359945,0.007398728153726913,0.0018507898100736761,0.006590164921634038,0.009701638286557302,0.7387496951203909,0.3042419347333612,0.1332752647468392,0.14821178468395463,val_self_probe_loss
126,0.15674790438227806,0.15674790438227806,2.777348754091268,0.0,0.0,4.1588826179504395,0.234324248624162,0.0,0.234324248624162,0.063663094009055,1.1016990489088219,0.05384538630708545,1.65893087652333,0.0009103307781009306,0.000962454018319914,0.003179528972320054,0.005260545216653083,0.7738777512907328,0.3190451497958337,0.19435145405138501,0.19435145405138501,5.59571497558807,0.0,0.0,4.1588826179504395,0.2570055930510811,0.0,0.2570055930510811,0.07873940140859265,2.172065672852238,0.07612242562094738,3.407009718427724,0.007231210648484951,0.0014585740484548725,0.007424753089146168,0.008593257490591788,0.7387871070307974,0.3083202161403917,0.19435145405138501,0.14821178468395463,val_self_probe_loss
127,0.15506946197358235,0.15506946197358235,2.0837283959831026,0.0,0.0,4.1588826179504395,0.22715183256682658,0.0,0.22715183256682658,0.05731803417802839,0.8505596384226164,0.058840849456243405,1.216924014214005,0.0009731118455536881,0.000612857152016571,0.002800114012224156,0.004340017958657671,0.7677457781445182,0.3131493921468339,0.13115680974370203,0.13115680974370203,6.110245594743246,0.0,0.0,4.1588826179504395,0.2618892768525189,0.0,0.2618892768525189,0.052857455934878,2.358760652797563,0.038822996956498726,3.734723218470835,0.007331173767202667,0.0017957573746904436,0.006799582632400257,0.009401596223599977,0.7392720817038732,0.30744856096202544,0.13115680974370203,0.1332752647468392,val_self_probe_loss
128,0.14605779521388096,0.14605779521388096,2.615355902017144,0.0,0.0,4.1588826179504395,0.2322577172818744,0.0,0.2322577172818744,0.05556299882653679,1.0473377764813856,0.05157006043495056,1.5514782331454537,0.0009941067735972644,0.0008022179958356826,0.0028930999331342917,0.005287096869664596,0.7677379463820766,0.3162121052079876,0.18325788951160746,0.18325788951160746,5.678536182836346,0.0,0.0,4.1588826179504395,0.2553112408759431,0.0,0.2553112408759431,0.07292005435638824,2.19591976646681,0.07085746521511989,3.465992763418681,0.007071525560130122,0.0015687202606313125,0.007640634591095381,0.008424444385856298,0.7389683575363633,0.30777128290685807,0.18325788951160746,0.18325788951160746,val_self_probe_loss
129,0.2072362821757728,0.2072362821757728,1.946994710079794,0.0,0.0,4.1588826179504395,0.2285405642932647,0.0,0.2285405642932647,0.08111712346661071,0.7760879565050782,0.08730515476079038,1.154987571846886,0.0009718381586318742,0.0008587665552462744,0.0029613154466978544,0.003910830050439019,0.7654982562515267,0.30626728584423546,0.12840597893788208,0.12840597893788208,6.109095597581834,0.0,0.0,4.1588826179504395,0.26238018663033197,0.0,0.26238018663033197,0.05105006674836789,2.355539409131367,0.03793931747526393,3.7365329069496127,0.00712130004433432,0.0017661605011679011,0.006864505292853537,0.009487244451667258,0.7389963328468133,0.3126547044108373,0.12840597893788208,0.13115680974370203,val_self_probe_loss
130,0.2063820806018084,0.2063820806018084,2.6327504981084267,0.0,0.0,4.1588826179504395,0.22759064134009976,0.0,0.22759064134009976,0.08071204265692035,1.044225168059673,0.0868568854379896,1.5721667014863894,0.0009861309623458699,0.0008219669189242184,0.003064586808312067,0.005208274342158542,0.7652031858456776,0.3126479876682604,0.13046752689232738,0.13046752689232738,5.985275731092284,0.0,0.0,4.1588826179504395,0.25948286223115385,0.0,0.25948286223115385,0.04999840555145689,2.3043012918430086,0.04103982629202399,3.6642186623095587,0.007091399040302733,0.0017166602755994363,0.007155576343387828,0.009022855081288896,0.7388178230442616,0.3084841174368533,0.13046752689232738,0.13046752689232738,val_self_probe_loss
131,0.1363725059969365,0.1363725059969365,2.359038871513633,0.0,0.0,4.1588826179504395,0.22930042717184637,0.0,0.22930042717184637,0.051529577024420056,0.9374368377397927,0.0457886892435285,1.4053670115580805,0.0010039970040350485,0.0007755931006747316,0.0026534593308985472,0.0046463012373285486,0.7707578676592244,0.3115290971932898,0.12753109906956275,0.12753109906956275,6.118062606139213,0.0,0.0,4.1588826179504395,0.2599296263471153,0.0,0.2599296263471153,0.047669548755338104,2.352426126043989,0.040349844258903346,3.74885467493976,0.0072018578392778875,0.0016874702725533622,0.007265610016249004,0.00896043533470875,0.7396936827564832,0.3092670722037369,0.12753109906956275,0.12840597893788208,val_self_probe_loss
132,0.18288892148109612,0.18288892148109612,2.082790850562531,0.0,0.0,4.1588826179504395,0.22832533237897473,0.0,0.22832533237897473,0.06908357670708558,0.8104334068448824,0.07440143785644916,1.255781346887072,0.0011747217336265752,0.0006468312380069306,0.002954941593201547,0.003919894841671374,0.7762946794637603,0.3204493570406272,0.12323364222086734,0.12323364222086734,6.085988538328165,0.0,0.0,4.1588826179504395,0.25909616682470216,0.0,0.25909616682470216,0.04683834964825963,2.3435796396517605,0.036953211646318804,3.7255010775620154,0.007295322520871682,0.0017620618842353359,0.006789375579574649,0.00975656056608889,0.7387862577571632,0.309824788422318,0.12323364222086734,0.12753109906956275,val_self_probe_loss
133,0.24576851334647734,0.24576851334647734,2.168542296643053,0.0,0.0,4.1588826179504395,0.22432597148366085,0.0,0.22432597148366085,0.09221912794731124,0.8471374126349532,0.11467926430236855,1.3052168510645694,0.0009036759068191657,0.000583600411629977,0.0030249227325224474,0.004610254911298973,0.7668342886065285,0.3116206915069752,0.12848847862680135,0.12848847862680135,6.045329625932326,0.0,0.0,4.1588826179504395,0.2545992080469309,0.0,0.2545992080469309,0.048504358401915394,2.328602826002962,0.04044912659609401,3.7000882950472582,0.0074294681404319576,0.0018618464403160665,0.007015622641040903,0.009489958521603427,0.7395213418495581,0.30447749228951354,0.12848847862680135,0.12753109906956275,val_self_probe_loss
134,0.13044470651678405,0.13044470651678405,2.5560872630675195,0.0,0.0,4.1588826179504395,0.2302684699043092,0.0,0.2302684699043092,0.053308905573085395,1.0551124108274408,0.03814154438332999,1.4844613987645778,0.0011301492435585975,0.0010336774302901679,0.0031701343161647916,0.005399279424697815,0.7678941227209424,0.3143016909924872,0.15721746527167582,0.15721746527167582,5.784448424203796,0.0,0.0,4.1588826179504395,0.2557864657470158,0.0,0.2557864657470158,0.05957893753042502,2.22651531487148,0.05812071987445125,3.541054089845777,0.007230875123258223,0.0016712518253150632,0.007570247319150971,0.008399832176669321,0.7390610538654446,0.3124328559229833,0.15721746527167582,0.12848847862680135,val_self_probe_loss
135,0.15004093766735885,0.15004093766735885,2.3062135213014847,0.0,0.0,4.1588826179504395,0.22849329691032677,0.0,0.22849329691032677,0.05344663127851964,0.9055122755034433,0.05765445838027054,1.3844113138419474,0.0010366349682361005,0.0007077083945341506,0.0031569942304034925,0.004563520480899097,0.7672996590022328,0.31313222715412353,0.15865787218168656,0.15865787218168656,5.7915929465652995,0.0,0.0,4.1588826179504395,0.2501585679765073,0.0,0.2501585679765073,0.060323960977889925,2.2271790324901204,0.05880779461929378,3.5479286014686644,0.007284227631474926,0.0017050317106532585,0.007546185837228499,0.008597733634408355,0.7390089779166702,0.3039797002114124,0.15865787218168656,0.15721746527167582,val_self_probe_loss
136,0.21686779777187154,0.21686779777187154,3.072231413700447,0.0,0.0,4.1588826179504395,0.22306578913059508,0.0,0.22306578913059508,0.0953488284405055,1.243476204026151,0.0824945953088832,1.8123943546539505,0.001231923617210963,0.0010729476806674327,0.003443961783514678,0.0060400068570791235,0.7674398840324285,0.30977624072463267,0.21423229806541655,0.21423229806541655,5.37502525006392,0.0,0.0,4.1588826179504395,0.24532263693602188,0.0,0.24532263693602188,0.07995321428090889,2.0680601573693824,0.09462925010239301,3.2904157658391027,0.007167837815630389,0.0013278447682604118,0.008635473800591709,0.007084420864811595,0.7398866342831842,0.31018290238350815,0.21423229806541655,0.15865787218168656,val_self_probe_loss
137,0.21206371465740823,0.21206371465740823,1.9110858290242574,0.0,0.0,4.1588826179504395,0.21870460893660293,0.0,0.21870460893660293,0.08071689086462219,0.7748598311623941,0.09238272044361946,1.1200463944753687,0.0011632572313868793,0.0006221170256134894,0.003111531415521796,0.0035399374673214593,0.767242797119819,0.3134036227717227,0.1569589097284197,0.1569589097284197,5.687319944225113,0.0,0.0,4.1588826179504395,0.2490753326912104,0.0,0.2490753326912104,0.05759741633158663,2.1808478745244306,0.05968147970198058,3.489972227409204,0.00736277997943859,0.0015089221038884174,0.0080358277021485,0.007727678954855811,0.7407146745957203,0.30700288426061595,0.1569589097284197,0.15865787218168656,val_self_probe_loss
138,0.15767393639857108,0.15767393639857108,1.9074169395554863,0.0,0.0,4.1588826179504395,0.2169058370014446,0.0,0.2169058370014446,0.05687249207544078,0.760142265785277,0.061956302577713514,1.1311638449317685,0.0009204955265618825,0.0005767841591490896,0.0028045933804056646,0.0036321260062129154,0.7666912197935856,0.31206767488389586,0.12753864781502983,0.12753864781502983,5.932563009238021,0.0,0.0,4.1588826179504395,0.24940599195705437,0.0,0.24940599195705437,0.045755251646273254,2.2709050328464984,0.04209404306555664,3.645191746454408,0.00747377105859493,0.0016705115888935155,0.0075422022303693595,0.008431499476851144,0.7413337804515909,0.304108644864574,0.12753864781502983,0.1569589097284197,val_self_probe_loss
139,0.30740449608648124,0.30740449608648124,2.331120073517251,0.0,0.0,4.1588826179504395,0.2163492502188709,0.0,0.2163492502188709,0.10436427317514738,0.9142385203673471,0.1638008435992841,1.4004170156720899,0.001007745864474737,0.000808306382669837,0.0030704331908857556,0.00401572664099634,0.7736081468548655,0.31721440376356064,0.12370811761443659,0.12370811761443659,5.9646083288681435,0.0,0.0,4.1588826179504395,0.2530930522621048,0.0,0.2530930522621048,0.04409705400351227,2.2863184324702863,0.04001105730913533,3.66141073299595,0.007491824037546541,0.0016262572961586444,0.0073906911944866364,0.008807452799758139,0.7397596514002877,0.31183030516464516,0.12370811761443659,0.12753864781502983,val_self_probe_loss
140,0.1770734967158864,0.1770734967158864,2.0347241158019567,0.0,0.0,4.1588826179504395,0.21596888445407708,0.0,0.21596888445407708,0.06395931847794258,0.8228671976521562,0.07448728752151769,1.195911804815237,0.0010314874721164013,0.0006115646237758902,0.002941302278638295,0.00421090133188642,0.7614978667017396,0.30742499068722895,0.12259640457883755,0.12259640457883755,5.98619972845042,0.0,0.0,4.1588826179504395,0.24998501313399085,0.0,0.24998501313399085,0.043560609792688894,2.2910950758627484,0.03939014576919238,3.678546186568366,0.007461836648600968,0.0016647778566716935,0.007279132669994041,0.0088520368592964,0.7410453321030421,0.30513443191599404,0.12259640457883755,0.12370811761443659,val_self_probe_loss
