epoch,train_loss,train_self_probe_loss,train_cross_probe_loss,train_lambda_cross,train_lambda_proto,train_prototype_alignment_loss,train_latent_alignment_loss,train_latent_alignment_weight,train_feature_alignment_loss,train_self_probe_local_loss,train_cross_probe_local_loss,train_self_probe_region_time_loss,train_cross_probe_region_time_loss,train_self_probe_derivative_loss,train_cross_probe_derivative_loss,train_self_probe_frequency_loss,train_cross_probe_frequency_loss,train_self_probe_correlation_loss,train_cross_probe_correlation_loss,val_loss,val_self_probe_loss,val_cross_probe_loss,val_lambda_cross,val_lambda_proto,val_prototype_alignment_loss,val_latent_alignment_loss,val_latent_alignment_weight,val_feature_alignment_loss,val_self_probe_local_loss,val_cross_probe_local_loss,val_self_probe_region_time_loss,val_cross_probe_region_time_loss,val_self_probe_derivative_loss,val_cross_probe_derivative_loss,val_self_probe_frequency_loss,val_cross_probe_frequency_loss,val_self_probe_correlation_loss,val_cross_probe_correlation_loss,monitor_metric_raw,monitor_metric,monitor_key
1,2.5520016529099476,2.5520016529099476,0.12092243142336051,0.0,0.0,4.605178268759232,0.4769224435516299,0.0,0.4769224435516299,0.9890789298011495,0.05162040284056826,1.5006433741223275,0.048665408887435264,0.01800015821038826,0.05536754195027372,0.01964230926627647,0.049699919831935974,1.1162986669006516,0.03649485364360029,6.960716696351952,6.960716696351952,0.08300358478141867,0.0,0.0,4.4309724399021695,0.43167649866631314,0.0,0.43167649866631314,2.629251442687667,0.036127418325924726,4.271573642685269,0.03168421680605189,0.015933477227223214,0.04015842575279082,0.030447051119961724,0.03690523038739744,1.0572736218849323,0.029236398313356483,6.960716696351952,6.960716696351952,val_self_probe_loss
2,2.505564003643037,2.505564003643037,0.11144993569534252,0.0,0.0,4.51112104953971,0.5415030959932262,0.0,0.5415030959932262,0.95799878370896,0.052100639013342484,1.491707584811487,0.04086226250661453,0.013497330082741971,0.04710449577686423,0.01582114602327674,0.043231450839113325,1.0180224282288788,0.047755304286430225,6.917229763469341,6.917229763469341,0.08213231707952037,0.0,0.0,4.418990289202388,0.5149105557743807,0.0,0.5149105557743807,2.6020278772281378,0.043361759171907946,4.261319089131372,0.026074783124538682,0.012420696680729064,0.030632497106464752,0.025971571016790613,0.02816697580288656,0.9636034484235396,0.044419061693345537,6.917229763469341,6.938973229910646,val_self_probe_loss
3,2.478592699931364,2.478592699931364,0.10941739252775613,0.0,0.0,4.491934993526153,0.5907388632436222,0.0,0.5907388632436222,0.9391852778297748,0.05852975729857004,1.4880976655717804,0.03506707070900371,0.011060259238490681,0.03670143068621894,0.013434322745131348,0.03473456412488359,0.9440273637960038,0.06343500491162163,6.889329365506676,6.889329365506676,0.07791610043611585,0.0,0.0,4.4169614211372705,0.49641798297810996,0.0,0.49641798297810996,2.585771375665476,0.04716709045612294,4.253377276354163,0.02008880839122008,0.010824137931307836,0.021627647721249123,0.024597616216908237,0.021147868972017158,0.9002994894981384,0.06277004782087314,6.889329365506676,6.917229763469341,val_self_probe_loss
4,2.4578749698747266,2.4578749698747266,0.10552131174424607,0.0,0.0,4.476080172671707,0.5999426348738037,0.0,0.5999426348738037,0.9258856352553606,0.0627903570344367,1.4837215982733292,0.028914679361161755,0.009444558846280714,0.027415258834459517,0.012199010063089537,0.02702636983650445,0.8937318228209712,0.08519647649103933,6.862416762904906,6.862416762904906,0.07978905154311139,0.0,0.0,4.443668087076697,0.5186074107700254,0.0,0.5186074107700254,2.5706731926719226,0.05290001725650722,4.2441379280807165,0.016852366610759905,0.010036881084652236,0.015755795856347735,0.023995828972435237,0.016193718718862313,0.8539285256255488,0.08956692066992292,6.862416762904906,6.889329365506676,val_self_probe_loss
5,2.4412675884549233,2.4412675884549233,0.10528736092092962,0.0,0.0,4.435778608437296,0.5851727042972845,0.0,0.5851727042972845,0.9152163118655608,0.06749663596030255,1.479702213155484,0.025050125091973567,0.008531700308576766,0.020989521348319384,0.011391981548305629,0.0209965117471998,0.8615408778583179,0.10787136308055546,6.83543577526482,6.83543577526482,0.08575338606508623,0.0,0.0,4.391028190991893,0.5100194378669217,0.0,0.5100194378669217,2.5566395412818155,0.06033815936364743,4.232903510656046,0.015343136784637936,0.009541234224224869,0.011831731703248083,0.023705170870908992,0.012817379254963457,0.8227308997826547,0.11664838302209511,6.83543577526482,6.862416762904906,val_self_probe_loss
6,2.4247885485119407,2.4247885485119407,0.10616747923726962,0.0,0.0,4.396878772195424,0.5753308787827435,0.0,0.5753308787827435,0.9059793782490996,0.07150869919590316,1.47391412014798,0.022548550279845783,0.007502855994747839,0.016050948577388122,0.010625895826323888,0.01663991565581996,0.8391342394045758,0.12867001832578367,6.810304130178801,6.810304130178801,0.0898395559710005,0.0,0.0,4.378964977975217,0.510092424309772,0.0,0.510092424309772,2.5440723644743053,0.06509580761656998,4.221527313697875,0.01453857373747026,0.009081451410300428,0.009005537285521534,0.023267308003138983,0.010040385162700777,0.8021528846728876,0.1389950728564529,6.810304130178801,6.83543577526482,val_self_probe_loss
7,2.4049102523160686,2.4049102523160686,0.10920365136750575,0.0,0.0,4.366162585374684,0.5624427302739492,0.0,0.5624427302739492,0.8961796948909105,0.07561315396958072,1.4649880702303708,0.021560637298746507,0.006673855175449217,0.0125867778171594,0.009969454251268611,0.01353600910843302,0.8215372671018447,0.15059129898686832,6.784686180143993,6.784686180143993,0.08930047893005869,0.0,0.0,4.3380832968291285,0.4839835098441343,0.0,0.4839835098441343,2.5325462747573484,0.06479145100583202,4.2080932834781475,0.01433926688287384,0.008777822112962488,0.0068318233275728195,0.022759673533446347,0.007959673163822348,0.7915224973459422,0.1533167306680857,6.784686180143993,6.810304130178801,val_self_probe_loss
8,2.392065353356261,2.392065353356261,0.11269476083971143,0.0,0.0,4.33229503516439,0.5433726298298716,0.0,0.5433726298298716,0.8905750169131483,0.07986299678863207,1.4587995197693484,0.02079352242084942,0.005880769684657242,0.009846444629157283,0.008931013547971796,0.011014757487763427,0.8065521157010327,0.1695030947122825,6.7614675860111575,6.7614675860111575,0.09702851114250859,0.0,0.0,4.308289924763745,0.48764221175857214,0.0,0.48764221175857214,2.5222295865485944,0.07168352599284664,4.196073589308523,0.014569276342203157,0.008452049350606058,0.005137452190475804,0.022298374961662506,0.006489974478410082,0.7764249112665284,0.17684698234433713,6.7614675860111575,6.784686180143993,val_self_probe_loss
9,2.3825071795867054,2.3825071795867054,0.11446410906628902,0.0,0.0,4.303200424437204,0.5338272518436419,0.0,0.5338272518436419,0.8846861312940766,0.0818854210781737,1.455606999585219,0.020630493610851983,0.005182651195390933,0.00774003418610236,0.008151433743182755,0.009278922741486395,0.802064509279249,0.18170587144358621,6.738006875740353,6.738006875740353,0.09398498918328967,0.0,0.0,4.284671647208078,0.47461390273171183,0.0,0.47461390273171183,2.5119740574834695,0.0684349142153811,4.183370937312728,0.014612175269711833,0.008214949741554648,0.0038676048305047593,0.021818085064567765,0.005229656312684095,0.7685293107299331,0.18896063532888518,6.738006875740353,6.7614675860111575,val_self_probe_loss
10,2.3692785503115794,2.3692785503115794,0.11705517669082605,0.0,0.0,4.273933997400244,0.5162150005346857,0.0,0.5162150005346857,0.8792751764655767,0.08418701806654652,1.4483401233311968,0.020558729013336084,0.0045729403646763015,0.006136013176517089,0.0076686978374907394,0.007891504433410882,0.7950617737094866,0.19972552570108526,6.714119884549923,6.714119884549923,0.09891623739870439,0.0,0.0,4.25565791278152,0.4614507550408381,0.0,0.4614507550408381,2.5006887774931856,0.0733434052339622,4.171208558583875,0.014237537476818383,0.00810770220875231,0.002925101112319816,0.021474572295187077,0.00455543588592399,0.760960855098985,0.20296949240731896,6.714119884549923,6.738006875740353,val_self_probe_loss
11,2.3650689230726787,2.3650689230726787,0.1201728792568724,0.0,0.0,4.249366479699881,0.508666678559767,0.0,0.508666678559767,0.8774351200311722,0.08712463066979638,1.4465297923416194,0.020542296952068086,0.004200046153638909,0.004946182270837962,0.007115360394653861,0.0067076854968523255,0.7868486252888367,0.2119727534140766,6.692743374300854,6.692743374300854,0.09885991091683785,0.0,0.0,4.238963171562053,0.4521806786149185,0.0,0.4521806786149185,2.4923414768483374,0.07191546395513582,4.158422357169911,0.01562515203117954,0.008045151900219505,0.0022006910728140277,0.021117381889644942,0.003870554418760057,0.7571273246166869,0.20764134407783888,6.692743374300854,6.714119884549923,val_self_probe_loss
12,2.3546864430693057,2.3546864430693057,0.12316324698414682,0.0,0.0,4.229656494278808,0.4922118622372101,0.0,0.4922118622372101,0.8713679737130304,0.08942425998518679,1.4425284105959286,0.020991476124886558,0.003735816703867024,0.00392773066382573,0.006900159580506278,0.005908627614059969,0.7833242753988825,0.22349429691596823,6.670150446607182,6.670150446607182,0.10367379041377062,0.0,0.0,4.2193035842469016,0.42967221862781124,0.0,0.42967221862781124,2.482728851669879,0.07525807184092007,4.145646826789269,0.017108119995281192,0.007970022806797974,0.0016825339331737032,0.0209662949034412,0.003472165279784558,0.75371795466968,0.2107949638218613,6.670150446607182,6.692743374300854,val_self_probe_loss
13,2.350204829114329,2.350204829114329,0.12534891478676435,0.0,0.0,4.2146771762818585,0.48489053529389736,0.0,0.48489053529389736,0.8703806326815574,0.09065499453591724,1.4392206075444867,0.021861862442348844,0.00335505717530086,0.0031533502941924574,0.006583433867658107,0.005249786954863829,0.7821304251804834,0.23037484677510517,6.6472658409927945,6.6472658409927945,0.10441590540157342,0.0,0.0,4.208579756458353,0.4561419298189767,0.0,0.4561419298189767,2.4730570484820453,0.07599649497348329,4.132893048007018,0.016066298258970983,0.007902618379477463,0.001243804974816971,0.020746950448059725,0.003037856910551279,0.7453188531517242,0.23476752009451018,6.6472658409927945,6.670150446607182,val_self_probe_loss
14,2.336581465997759,2.336581465997759,0.12841258007464634,0.0,0.0,4.200429157420388,0.47313411780822157,0.0,0.47313411780822157,0.8645052863826769,0.09297493584331383,1.4318897361845662,0.02217728498623871,0.003183998629853587,0.002563917921481881,0.006275492508688167,0.004760520014417093,0.7752594304006265,0.24286654038696207,6.6233895924405095,6.6233895924405095,0.10598381692023011,0.0,0.0,4.193680413761494,0.42620877245938554,0.0,0.42620877245938554,2.4626662963596373,0.07715105235298968,4.119517418827792,0.016408533531802227,0.00786215597937196,0.00092766147362855,0.020583616760530457,0.0028151588497093375,0.7436423401654877,0.23821599929599288,6.6233895924405095,6.6472658409927945,val_self_probe_loss
15,2.3291747675131105,2.3291747675131105,0.13153505835653528,0.0,0.0,4.19080528495864,0.4636824764679344,0.0,0.4636824764679344,0.8575074993110743,0.095230102653561,1.4316434777156746,0.022835545916556003,0.0029301869176414056,0.0020726893616494703,0.0057977263426712815,0.004450050300205971,0.774227300930756,0.25012463727060186,6.60080863791084,6.60080863791084,0.10563529546586622,0.0,0.0,4.1856637534147465,0.4171596713688063,0.0,0.4171596713688063,2.452762767238693,0.07605025653513323,4.106958873246027,0.017030192249865267,0.00787561114278032,0.0006902757301776213,0.020348570703475313,0.0025167378433546203,0.7416618262758906,0.242612081192295,6.60080863791084,6.6233895924405095,val_self_probe_loss
16,2.312661368706551,2.312661368706551,0.13204000695607535,0.0,0.0,4.1823353940124175,0.45527163497964585,0.0,0.45527163497964585,0.8512977379303667,0.09581714969140638,1.4215948363371462,0.02263005721075082,0.0026421183918303227,0.0016409256970908587,0.005594224521060168,0.0039117388847937275,0.7709764596790435,0.2558278886337573,6.573018338739502,6.573018338739502,0.1197589538667513,0.0,0.0,4.178231802045929,0.4149918380361166,0.0,0.4149918380361166,2.440014090406367,0.08691781923545074,4.092064173670879,0.019866961858565024,0.007847970315603747,0.0005255207088226395,0.02012154217433439,0.0027709233231830947,0.7393308485516851,0.2513140390008133,6.573018338739502,6.60080863791084,val_self_probe_loss
17,2.3033146547760843,2.3033146547760843,0.13530939945830472,0.0,0.0,4.176271250690247,0.44793644894229334,0.0,0.44793644894229334,0.8499159523450517,0.09779383003319134,1.4136742211911013,0.023785545832132993,0.0025119546332634766,0.0013524104529760704,0.00545926124105919,0.0038092652817270038,0.7710082676224861,0.26021989008859536,6.550501261751012,6.550501261751012,0.11195411648809539,0.0,0.0,4.172983288024524,0.4045705528733153,0.0,0.4045705528733153,2.429883379437122,0.08065874585361214,4.079794021239446,0.01814955368244685,0.0078304159810755,0.0003773168691792612,0.019965016343471774,0.002380684044165826,0.7373832886263451,0.2562683438477309,6.550501261751012,6.573018338739502,val_self_probe_loss
18,2.268407426602754,2.268407426602754,0.13727538662213265,0.0,0.0,4.171273067675359,0.44273905470787367,0.0,0.44273905470787367,0.8333384610352675,0.09892608844455328,1.3955103346861237,0.024359007628734757,0.0023185398582211652,0.0011205331107517695,0.005102006508815424,0.0036242413385663874,0.7693755292997141,0.26695467729599887,6.514922225385071,6.514922225385071,0.11669011719478584,0.0,0.0,4.169112738615238,0.4064661549485248,0.0,0.4064661549485248,2.415449167353026,0.0833448675108252,4.058750701864302,0.019914218606369466,0.007838290225906422,0.00029643492336437014,0.019590820299363147,0.0024390133511367606,0.7360782452992031,0.2622604035072445,6.514922225385071,6.550501261751012,val_self_probe_loss
19,2.282218644814617,2.282218644814617,0.13889701623555464,0.0,0.0,4.167689279457871,0.4397310859939793,0.0,0.4397310859939793,0.8391256247361882,0.1004441670672692,1.4037250916726078,0.024140529755736027,0.0021868796905903424,0.000898934103871576,0.005281849065795541,0.003355611592089567,0.7658613072922934,0.2750404779395471,6.486436982911011,6.486436982911011,0.1176536024912544,0.0,0.0,4.1662367915514835,0.4031400887862496,0.0,0.4031400887862496,2.4039520917414046,0.0822065995069024,4.041785477824011,0.02203389679469307,0.007827504192369047,0.00023146167412683692,0.019416494521866293,0.002344763274478107,0.7360010102668905,0.2624153180151993,6.486436982911011,6.514922225385071,val_self_probe_loss
20,2.2748130113867844,2.2748130113867844,0.13933038384409296,0.0,0.0,4.164934879076861,0.42594611929355414,0.0,0.42594611929355414,0.8368439494021866,0.09992111620670092,1.398653040138103,0.02523208851389317,0.0021754950015324156,0.000772996010763814,0.0049594587247213506,0.0033213229150675914,0.7655247541473673,0.273035959178085,6.45102209315537,6.45102209315537,0.11518359295329693,0.0,0.0,4.163672062180797,0.38827411765637604,0.0,0.38827411765637604,2.388773255038613,0.08051921059348568,4.021712935354665,0.021044520551327224,0.007817633577202365,0.00015249135538860463,0.019086002853051152,0.002179698479182509,0.7334552803394957,0.2672753337747562,6.45102209315537,6.486436982911011,val_self_probe_loss
21,2.265432943071675,2.265432943071675,0.14068708664499444,0.0,0.0,4.162843524166572,0.4184505401340719,0.0,0.4184505401340719,0.8303946255063219,0.10086582195418596,1.3957931107640038,0.025348746993719026,0.00199359463339694,0.0006596184114319335,0.005105931825172176,0.003177543335852881,0.7647208570779744,0.27979717738149457,6.4252330999566905,6.4252330999566905,0.13103450968954133,0.0,0.0,4.161778242691703,0.3740490458396651,0.0,0.3740490458396651,2.3775635737006016,0.0928085878352571,4.007171127061585,0.0243817936478657,0.007797988979359192,0.00013465599888308054,0.018954209559625998,0.0025068077733103903,0.7330699200215547,0.27119567305404946,6.4252330999566905,6.45102209315537,val_self_probe_loss
22,2.2289400774777,2.2289400774777,0.14401350272604715,0.0,0.0,4.161409542406168,0.41567332265667545,0.0,0.41567332265667545,0.81756057703109,0.1030909567907796,1.3723033474314585,0.026408751843789536,0.0019290639830903487,0.0005266856221082435,0.004777983625334587,0.003121557591061806,0.7623208684010511,0.28139932200099976,6.392423857350527,6.392423857350527,0.12079669933141389,0.0,0.0,4.160818615315123,0.3791555901121649,0.0,0.3791555901121649,2.3642813918753443,0.08481226037748112,3.9877401903034504,0.022043093503886682,0.007797191800948765,0.00010278124949006907,0.018724694905183654,0.0022903615616042144,0.7316065960048889,0.27373225237271803,6.392423857350527,6.4252330999566905,val_self_probe_loss
23,2.24269588057741,2.24269588057741,0.14367057734734404,0.0,0.0,4.160430113649002,0.4092754520451329,0.0,0.4092754520451329,0.8212879179014889,0.10329859675154597,1.3823425589787695,0.025516155510159406,0.0018383478787988342,0.00045470977670722157,0.004736637086944878,0.003095837405031193,0.7626432894875268,0.288651272736318,6.350569491777916,6.350569491777916,0.1296730736582916,0.0,0.0,4.1600043373818725,0.3689745634979343,0.0,0.3689745634979343,2.3454211733726242,0.0918719616273175,3.9647379865571972,0.02382271156952896,0.007791294690855325,9.251007676827404e-05,0.018367746429480265,0.0025030269673649475,0.7325158302458177,0.27409941939093313,6.350569491777916,6.392423857350527,val_self_probe_loss
24,2.21000206798037,2.21000206798037,0.14511984148350035,0.0,0.0,4.15978204746016,0.3962993600562166,0.0,0.3962993600562166,0.8095443189045993,0.10372328663369565,1.3614238705547397,0.026795187779997693,0.0017965317190201538,0.00036936928898287255,0.004428696870404111,0.0030258178535100527,0.7628375106009642,0.2841288554681512,6.320527538680327,6.320527538680327,0.13319961319428794,0.0,0.0,4.159543558677531,0.36669212024404396,0.0,0.36669212024404396,2.3340063632020485,0.09485238276838516,3.946249965099641,0.023937161132600738,0.007769711095816601,7.600654209443362e-05,0.018167647722203237,0.0025204895837926625,0.7302393472712972,0.2827803799824685,6.320527538680327,6.350569491777916,val_self_probe_loss
25,2.1977115320338245,2.1977115320338245,0.1481324368525546,0.0,0.0,4.159407939136225,0.40132335050830986,0.0,0.40132335050830986,0.8011217990565052,0.10584369159490688,1.357635664518485,0.02728484136192486,0.0016990110785322127,0.0003886414848442591,0.00435359942886271,0.003045688515670115,0.761877584470483,0.2920435070664378,6.272134602266531,6.272134602266531,0.13797760685408336,0.0,0.0,4.159236854647998,0.3642985596790077,0.0,0.3642985596790077,2.3123167338405057,0.09750402052395092,3.919549603434569,0.026081647796220846,0.007750269583282162,8.095655400397817e-05,0.017758247311666656,0.002670762078512622,0.7310901134280685,0.28209242539376206,6.272134602266531,6.320527538680327,val_self_probe_loss
26,2.2138647476352267,2.2138647476352267,0.14758707653285383,0.0,0.0,4.159166072255039,0.39900959022220484,0.0,0.39900959022220484,0.8092953948167068,0.10522610258257874,1.3656092137773035,0.02717521935537801,0.0018113598241046496,0.0003234071316952489,0.004547430394686611,0.002983939723529813,0.7610517021853367,0.29613018297599514,6.2385927846666815,6.2385927846666815,0.13719045542041708,0.0,0.0,4.159071057479574,0.364013377553928,0.0,0.364013377553928,2.2982544319252973,0.09583112088419636,3.900122256703698,0.026832822617721852,0.007742387433688197,8.026186478899441e-05,0.017539559371815706,0.002601460960074704,0.7305368135064285,0.28492599503594157,6.2385927846666815,6.272134602266531,val_self_probe_loss
27,2.2065170996308194,2.2065170996308194,0.1483205819234628,0.0,0.0,4.159023598965122,0.3929852804355119,0.0,0.3929852804355119,0.8035903547376263,0.10564882392482883,1.3639543722930614,0.02760128264901209,0.0016743563574101903,0.0003079135539498319,0.004353876804148842,0.002949297237726241,0.7623679967664599,0.29397133408210413,6.215265927963561,6.215265927963561,0.1490718669587781,0.0,0.0,4.158972272221346,0.36135760116280974,0.0,0.36135760116280974,2.289238162052395,0.10419363868625267,3.8857961374028407,0.03028664169312449,0.007756735534249568,9.160188138983878e-05,0.017440359138157682,0.0029022877563010924,0.7309685018121826,0.28556914396167543,6.215265927963561,6.2385927846666815,val_self_probe_loss
28,2.179512257298248,2.179512257298248,0.14852417917956898,0.0,0.0,4.158945333290309,0.37850742534408194,0.0,0.37850742534408194,0.7987781331908166,0.10542651970025343,1.3417795380622426,0.028162931526564346,0.0016630523653831802,0.0002776542740772273,0.00436146308363949,0.0030560579865764005,0.7620550339753227,0.29119416757289457,6.159880514817764,6.159880514817764,0.1569631406979531,0.0,0.0,4.158921899262422,0.3574006600039346,0.0,0.3574006600039346,2.265750460182056,0.10937410593032837,3.853978159678348,0.03293060761245881,0.0077343213173357616,9.952839560434728e-05,0.01696085081737986,0.003075448490291695,0.7304453646174128,0.2865200005703091,6.159880514817764,6.215265927963561,val_self_probe_loss
29,2.1389061049420213,2.1389061049420213,0.1547612449323961,0.0,0.0,4.158910605831544,0.3864486606139383,0.0,0.3864486606139383,0.7790600408408402,0.10913546696616057,1.3210964721119447,0.030502900690797197,0.0015640033542666213,0.00029619406618287277,0.00425891378860201,0.002963083234061533,0.7586527492290794,0.29505040224244905,6.137852096837593,6.137852096837593,0.15206108066421117,0.0,0.0,4.158899079198423,0.35272349222846655,0.0,0.35272349222846655,2.257126840074425,0.10550529875370286,3.840603999713991,0.03201353375551216,0.007704968373048964,0.00011001876358796773,0.016863522825904354,0.002920422801366134,0.7301730030441876,0.2844540539735593,6.137852096837593,6.159880514817764,val_self_probe_loss
30,2.115325438543647,2.115325438543647,0.15537122912647697,0.0,0.0,4.158893598814042,0.37831818072777545,0.0,0.37831818072777545,0.7669261712662704,0.10981790604464439,1.3096796452036101,0.030393561681591456,0.0015406367114952609,0.0002710332806285013,0.004023774742592498,0.0029270634664433194,0.7586413576103068,0.29598594016091884,6.073217404832751,6.073217404832751,0.14493387706161287,0.0,0.0,4.158888710211523,0.3505912874796376,0.0,0.3505912874796376,2.2308525354977444,0.09919414127835575,3.80236829538766,0.030935448993529593,0.007675104632902086,0.00010515592988645181,0.01630146326193505,0.002826816371283407,0.7289642036331366,0.2899063229560852,6.073217404832751,6.137852096837593,val_self_probe_loss
31,2.122365605441851,2.122365605441851,0.1569484193143808,0.0,0.0,4.158886710584621,0.37248667960109355,0.0,0.37248667960109355,0.7698063411587353,0.11107780505073973,1.3137082601861638,0.030622373951515174,0.001549853399101007,0.00025874883848152753,0.0039048688801856042,0.0031156435437116087,0.7614620751266814,0.2974397782174999,6.026269513650895,6.026269513650895,0.14103666234830892,0.0,0.0,4.158885037676888,0.34380016804481883,0.0,0.34380016804481883,2.210813457267764,0.09397000819444656,3.775459405957426,0.03247030461149186,0.00765320207203828,0.00011294663984343693,0.015932714729280623,0.0026696436779619836,0.729807771696067,0.28602299279307725,6.026269513650895,6.073217404832751,val_self_probe_loss
32,2.0918232020477303,2.0918232020477303,0.1614072246949314,0.0,0.0,4.158884283478252,0.3722048195735291,0.0,0.3722048195735291,0.7596701788281537,0.11319937394230609,1.2934450686251915,0.03274388474327411,0.0015317288187892677,0.0002502280054518106,0.0037599111455835148,0.0033444034295518495,0.7589785966339279,0.30133937143860745,5.979784248639708,5.979784248639708,0.16011601362539374,0.0,0.0,4.158883675285008,0.34467512609795753,0.0,0.34467512609795753,2.192032447431861,0.1081655435495495,3.7478103565720273,0.037046315125334336,0.007657965167511619,0.00013718298267472248,0.015643108270987173,0.0030982964368456082,0.7292535612301797,0.29120067631976204,5.979784248639708,6.026269513650895,val_self_probe_loss
33,2.0777499707564955,2.0777499707564955,0.16236662625873913,0.0,0.0,4.158883307820225,0.36402331477462524,0.0,0.36402331477462524,0.7537995047895922,0.11357372574729009,1.2852029756547803,0.03352215400724196,0.0014161274178476511,0.00024671057839237683,0.003663875406549714,0.00319325280121224,0.7605425044158157,0.29779486739282157,5.938910509558013,5.938910509558013,0.16451477745304938,0.0,0.0,4.1588830829407115,0.3396801552417115,0.0,0.3396801552417115,2.1759910820723043,0.11240268693022105,3.723046946914878,0.037090583478812104,0.007613295992646187,0.0001443041061257809,0.015370699998587138,0.0032620520919549815,0.7286448421315377,0.2931844553221827,5.938910509558013,5.979784248639708,val_self_probe_loss
34,2.0932084038673717,2.0932084038673717,0.15762701764719153,0.0,0.0,4.158883015750923,0.36331161591669076,0.0,0.36331161591669076,0.762616803992282,0.11048562347103814,1.2918233376816242,0.03181373368862824,0.0015832551803059557,0.00023596555863033763,0.003870327176250677,0.0030797369265468826,0.7597083809870396,0.29921393206038405,5.876677584874889,5.876677584874889,0.17838863588823295,0.0,0.0,4.1588829407780805,0.34004665587259375,0.0,0.34004665587259375,2.1506863753774104,0.12152878826727039,3.6861663526473625,0.04166952440202792,0.007604234266340348,0.00017383433476888347,0.014936382618374105,0.0036544176425946794,0.7286011998697838,0.29562852360447,5.876677584874889,5.938910509558013,val_self_probe_loss
35,2.0636066188943767,2.0636066188943767,0.16218784914385737,0.0,0.0,4.158882955034007,0.3575984299444603,0.0,0.3575984299444603,0.7539822259073429,0.11238257160040209,1.2708550779645778,0.03452356394613417,0.0014838963720125058,0.0002589430529824852,0.0038292710281500613,0.0031275403372530387,0.7603076398045512,0.2980845075930774,5.826754187413069,5.826754187413069,0.1766005295403996,0.0,0.0,4.158882952624967,0.3362652576117782,0.0,0.3362652576117782,2.130934885191089,0.1177475409154196,3.6560431483190112,0.04374599881956111,0.007578184402722038,0.0001831352283091896,0.014590290742015222,0.0035111212940967603,0.7284592043909227,0.29420196676846616,5.826754187413069,5.876677584874889,val_self_probe_loss
36,2.0915644390899053,2.0915644390899053,0.1607249606519316,0.0,0.0,4.158882879661284,0.35530830950820746,0.0,0.35530830950820746,0.7637879138221528,0.11186496385104308,1.2891682279219547,0.033382441537734835,0.0014544183326822232,0.000234967697439314,0.0038143970563232848,0.00307652651578695,0.7572672517579683,0.30222321341773156,5.793953706296334,5.793953706296334,0.1930940853235144,0.0,0.0,4.158882881543651,0.3383852065720173,0.0,0.3383852065720173,2.117523200945894,0.12942482369101566,3.636649827701358,0.048347158533931706,0.0075978483794682215,0.00021018896679255117,0.014464616598358945,0.0038690236064472367,0.7286889073641404,0.2976530164665317,5.793953706296334,5.826754187413069,val_self_probe_loss
37,2.0481109124179993,2.0481109124179993,0.16404976071759192,0.0,0.0,4.158882908449477,0.3563643357952654,0.0,0.3563643357952654,0.7427957242499919,0.11434362582968698,1.2666224629958656,0.034173367867035676,0.0014301659629432817,0.00023797892005812543,0.003925655878779737,0.0030406212130547157,0.7588512791498563,0.3033841704432449,5.739767989178437,5.739767989178437,0.19340020047951928,0.0,0.0,4.158882928931194,0.32779313096348545,0.0,0.32779313096348545,2.0958000582263963,0.12915266025232972,3.6042203549382434,0.049114003245319636,0.007589922593516061,0.00022183993365525222,0.014073992153464799,0.0038751810449262304,0.7288540957136924,0.2938112309260398,5.739767989178437,5.793953706296334,val_self_probe_loss
38,2.049358979983891,2.049358979983891,0.16464897723608823,0.0,0.0,4.158882911066585,0.34852570092507956,0.0,0.34852570092507956,0.7453535021815355,0.11417806002134549,1.2652994360331073,0.035189337320993816,0.0014545777205125562,0.00023924954290726426,0.003880688165514868,0.003129859640989882,0.7590859687419937,0.29817560717512565,5.680868079712302,5.680868079712302,0.1901498984846269,0.0,0.0,4.158882917084309,0.33260689092719037,0.0,0.33260689092719037,2.072200338839212,0.12357393719302201,3.5689985079644537,0.05118364231047793,0.007564704209567562,0.0002453300789486138,0.01365195944657989,0.003785053451013352,0.728256640041837,0.2990495582915241,5.680868079712302,5.739767989178437,val_self_probe_loss
39,1.9707368380920685,1.9707368380920685,0.17594984123068244,0.0,0.0,4.158882883848658,0.3434103399220727,0.0,0.3434103399220727,0.7132647619914962,0.12039836378344851,1.2188521931070577,0.040114519218009466,0.0014424988757548026,0.00025208633118208127,0.0034577180071106196,0.003514418665229718,0.7582687893892617,0.3004499597947239,5.633883631724563,5.633883631724563,0.20756153017282486,0.0,0.0,4.158882715687248,0.3259766399860382,0.0,0.3259766399860382,2.0541284222514453,0.13736704778597222,3.5400987335767087,0.0547610191015168,0.007549685786103306,0.00027614240621824703,0.013399354563606613,0.004212244302439301,0.7285774420507206,0.29886413990340616,5.633883631724563,5.680868079712302,val_self_probe_loss
40,2.0016941437998668,2.0016941437998668,0.17233437998987056,0.0,0.0,4.158882737290584,0.33591262235599606,0.0,0.33591262235599606,0.7180151899706094,0.11976052284993141,1.2451393051537083,0.037097240619271436,0.0013238553370018905,0.00024103908022874215,0.003408185820377398,0.003432488703535937,0.7573561196007922,0.3014621267465284,5.566796064006616,5.566796064006616,0.21276861762408145,0.0,0.0,4.1588828696967655,0.32105625564267176,0.0,0.32105625564267176,2.025760797534994,0.13891469150411417,3.501405695823501,0.0585271542608414,0.007548284837296406,0.0002993344967435179,0.013027048586601657,0.004219348760761367,0.7288026759713333,0.2966002155534969,5.566796064006616,5.633883631724563,val_self_probe_loss
41,1.9453359354291475,1.9453359354291475,0.18008890981928055,0.0,0.0,4.15888255304615,0.33886271116500627,0.0,0.33886271116500627,0.698937060203072,0.12320657969175396,1.2078240502361948,0.04122882547382466,0.0013760530721967678,0.00030586342987963267,0.0033130925024131724,0.0035259860450694283,0.7579905226515886,0.30448877517007183,5.527758287728666,5.527758287728666,0.2210036672605491,0.0,0.0,4.1588826179504395,0.3176779065813337,0.0,0.3176779065813337,2.010483045347891,0.14458403472574602,3.477661953608488,0.06105695823959497,0.007552279929774351,0.00032073391323013634,0.012856366393743488,0.004405392294095956,0.7287974672287888,0.2968390904228139,5.527758287728666,5.566796064006616,val_self_probe_loss
42,1.9324615016236133,1.9324615016236133,0.18450804447303357,0.0,0.0,4.158882609575692,0.33575869574897504,0.0,0.33575869574897504,0.6969973757315088,0.12580948484127136,1.196850396212268,0.043223956893233974,0.0014513097468326042,0.0002719802351467977,0.003494881934478151,0.0033717159264640213,0.7580309862886381,0.3013887383150086,5.468689838297063,5.468689838297063,0.24666514562338776,0.0,0.0,4.1588826179504395,0.3224093825180338,0.0,0.3224093825180338,1.9870836956958686,0.15891866256361423,3.442007721703997,0.07216763768854163,0.007573413944793056,0.0003840860637345551,0.012583126367492058,0.004926611258654121,0.7289436204092843,0.2998031862774251,5.468689838297063,5.527758287728666,val_self_probe_loss
43,1.8816061959439392,1.8816061959439392,0.1967094367212574,0.0,0.0,4.1588826179504395,0.33393156930853324,0.0,0.33393156930853324,0.6716782637881002,0.1335437704944977,1.171372935834262,0.04748612943664602,0.0013104125930000971,0.0003267529637283931,0.0034215479428393297,0.0036524661914287,0.7577060620687927,0.30465207259558164,5.3938361164992275,5.3938361164992275,0.24573676482490872,0.0,0.0,4.1588826179504395,0.3133190198344474,0.0,0.3133190198344474,1.956380047676333,0.1595137313193416,3.397935159369921,0.07058621480227997,0.007515387796245151,0.00039190218177050464,0.012159658785727199,0.004774746400454538,0.7285249666397616,0.3012275166393067,5.3938361164992275,5.468689838297063,val_self_probe_loss
44,1.9053569993435617,1.9053569993435617,0.18644705676482878,0.0,0.0,4.1588826179504395,0.3288346693557651,0.0,0.3288346693557651,0.6848874949164173,0.1265649197359378,1.182022526903174,0.04428445132148711,0.0012304204781657304,0.0002914915087443197,0.0034695624882259747,0.0035347554673728025,0.7558476647482746,0.30342673182356633,5.334962975256932,5.334962975256932,0.2489904099554749,0.0,0.0,4.1588826179504395,0.31205779388084176,0.0,0.31205779388084176,1.9332629142253897,0.1579581672869484,3.362175958471153,0.07553152899078516,0.007526487803080492,0.0004258988508707442,0.011951100444912864,0.0047856503576965805,0.7289446534947579,0.2983135070119585,5.334962975256932,5.3938361164992275,val_self_probe_loss
45,1.9369641997484424,1.9369641997484424,0.1852210924340132,0.0,0.0,4.1588826179504395,0.3276054942908847,0.0,0.3276054942908847,0.7053053552748965,0.12476091870361311,1.1930746593574955,0.04489820479782366,0.0013377141543795916,0.00027494565573222955,0.00341005491513992,0.0034325557050901402,0.7581766543482582,0.3029995311366478,5.27920273881151,5.27920273881151,0.2697493918008686,0.0,0.0,4.1588826179504395,0.31035100395635046,0.0,0.31035100395635046,1.910869435752852,0.17233724197985964,3.328837484484307,0.0817622162881799,0.0074980662996365155,0.0004579608150933105,0.011727649025454168,0.005181834038046206,0.7289671005669588,0.30034533735387814,5.27920273881151,5.334962975256932,val_self_probe_loss
46,1.8464758612141914,1.8464758612141914,0.1953787750489887,0.0,0.0,4.1588826179504395,0.32090198290334965,0.0,0.32090198290334965,0.6579995538924875,0.1310093433368219,1.149988173384477,0.048799950602892724,0.001255758123193243,0.0002650909497461774,0.0032760339386430984,0.0033516102937141148,0.7569331198963454,0.3033608277333424,5.193687972051571,5.193687972051571,0.28086904505765214,0.0,0.0,4.1588826179504395,0.3103073261539388,0.0,0.3103073261539388,1.8761023389354856,0.17773038222923043,3.278145822754234,0.08754337777424118,0.007443552030816599,0.000515424165015072,0.01117854289817537,0.0054551482530345455,0.7292236935648119,0.29841816721495634,5.193687972051571,5.27920273881151,val_self_probe_loss
47,1.8091942624533477,1.8091942624533477,0.20509712613145817,0.0,0.0,4.1588826179504395,0.31853627033212706,0.0,0.31853627033212706,0.6481438518780909,0.13648696507927352,1.1226583608046878,0.05302716155651994,0.0011469026774849893,0.00035053929606652955,0.0031926857246725965,0.0036761952989911566,0.755721390705339,0.30255486759736433,5.13977843947616,5.13977843947616,0.288682995468193,0.0,0.0,4.1588826179504395,0.3081425417284047,0.0,0.3081425417284047,1.855119555683876,0.18029731900795645,3.24525756794404,0.09271056327378806,0.007420958900500251,0.0005437209066422042,0.010962558857827615,0.005515325654685636,0.7289996898692587,0.29975310319699117,5.13977843947616,5.193687972051571,val_self_probe_loss
48,1.6981261726203,1.6981261726203,0.23399194258006553,0.0,0.0,4.1588826179504395,0.32099051588714844,0.0,0.32099051588714844,0.6079410984785052,0.15163665525737893,1.0516559915886998,0.06666685915403844,0.0011309179646617545,0.00033514153439660597,0.0030613048427659533,0.004205250341248925,0.758804474913328,0.3036824536114179,5.073797031785853,5.073797031785853,0.30967569355823976,0.0,0.0,4.1588826179504395,0.307669618855352,0.0,0.307669618855352,1.8292358950061018,0.19451013526746205,3.205199643518336,0.09924410397522383,0.0074008039030881295,0.0006049323827999909,0.010755822185053844,0.005686871638747152,0.7287119756574216,0.30403056240970305,5.073797031785853,5.13977843947616,val_self_probe_loss
49,1.7063349953532612,1.7063349953532612,0.23037121466204574,0.0,0.0,4.1588826179504395,0.3166603530081384,0.0,0.3166603530081384,0.614098510151866,0.1481426783830222,1.0537547721700287,0.06653936674898137,0.0011452207606056813,0.0004418992960189048,0.0030871982679576597,0.004060470793011846,0.7577326013803743,0.30345295924124943,4.978254734902926,4.978254734902926,0.3343636820220059,0.0,0.0,4.1588826179504395,0.30422450870460604,0.0,0.30422450870460604,1.791550191599436,0.20734645539651747,3.1473544534232167,0.1112205570459551,0.007392637968686646,0.0006604056150829803,0.010412263419147963,0.006086747760751418,0.7292188942802619,0.3004576471281348,4.978254734902926,5.073797031785853,val_self_probe_loss
50,1.6823717895261412,1.6823717895261412,0.23892464602425384,0.0,0.0,4.1588826179504395,0.31796090836451685,0.0,0.31796090836451685,0.601457876364908,0.15385743192142504,1.0424107145794088,0.06924936666258669,0.001144857153002046,0.00042891526244074447,0.002928175250082108,0.0040522150945278244,0.7584830009583977,0.3061078991638711,4.903771705601526,4.903771705601526,0.3470387859096438,0.0,0.0,4.1588826179504395,0.30362499389589204,0.0,0.30362499389589204,1.7624529606231738,0.21392363879066076,3.101984322851998,0.11733184649857768,0.0073431421121725555,0.0006862675680913413,0.010163844280705573,0.006161221381138015,0.7296412198439889,0.29991255487714497,4.903771705601526,4.978254734902926,val_self_probe_loss
51,1.6965492067349468,1.6965492067349468,0.23614831521501917,0.0,0.0,4.1588826179504395,0.3118080607033718,0.0,0.3118080607033718,0.60357562936822,0.1536879385611948,1.0544704154786029,0.06675227010841395,0.0011190267687676981,0.00044866372772798396,0.003131376135019375,0.0039274899611550125,0.7582044283461754,0.3040638329823114,4.834494563027846,4.834494563027846,0.36514500366604846,0.0,0.0,4.1588826179504395,0.2999443893106828,0.0,0.2999443893106828,1.7354919317059843,0.22479604962079422,3.0596775898438016,0.12445929473532098,0.007386664845669781,0.0007432689389365494,0.009945194631010896,0.006415180301565608,0.7296771342339723,0.30124636096243534,4.834494563027846,4.903771705601526,val_self_probe_loss
52,1.5879574593945798,1.5879574593945798,0.2691846493014127,0.0,0.0,4.1588826179504395,0.3117492615391473,0.0,0.3117492615391473,0.5653143552235204,0.170638251546709,0.9841169055518577,0.08285976054083503,0.0010900718054100852,0.00046817287951330224,0.002999183086220392,0.004568592971088579,0.7590743143655335,0.30225487624251096,4.744528599777577,4.744528599777577,0.39120540943760307,0.0,0.0,4.1588826179504395,0.29988930888057497,0.0,0.29988930888057497,1.6999828496236378,0.23920604859634956,3.005266973445111,0.13599041293473532,0.007390758763277117,0.000788462058249561,0.009759221499299874,0.0064858061627351814,0.7291028658795801,0.3032651749086676,4.744528599777577,4.834494563027846,val_self_probe_loss
53,1.5947279995297103,1.5947279995297103,0.2624823662210113,0.0,0.0,4.1588826179504395,0.306404977251748,0.0,0.306404977251748,0.5644188444574827,0.16795477536880093,0.9918474598003615,0.078774099099183,0.00106869721065419,0.0004838613347863062,0.002831516088278909,0.004118383046531994,0.7582282087674649,0.30441377492689015,4.674872798000618,4.674872798000618,0.409684805720119,0.0,0.0,4.1588826179504395,0.2971648087042459,0.0,0.2971648087042459,1.6733352091128688,0.24788295463745638,2.962260205285647,0.14587917771213543,0.0073820815137110255,0.0008341364966824206,0.009564902632705497,0.006677041519346491,0.72950827223914,0.3009288801539759,4.674872798000618,4.744528599777577,val_self_probe_loss
54,1.6524958340072868,1.6524958340072868,0.24441184139474162,0.0,0.0,4.1588826179504395,0.30057849547734766,0.0,0.30057849547734766,0.5852007742881219,0.15775453364711692,1.0289215139449706,0.07100831308942922,0.0011715116540624829,0.0004155918961217955,0.0028517338473852787,0.004096588102996382,0.7559110945587493,0.302708818281783,4.616372448559966,4.616372448559966,0.4216817614639768,0.0,0.0,4.1588826179504395,0.2940719110995346,0.0,0.2940719110995346,1.651216100351827,0.2539245712090723,2.925926214817229,0.15174489378385383,0.007301441338296505,0.0008336054577298936,0.00935231668474037,0.0068413211402963406,0.7293893820750788,0.3023951283152799,4.616372448559966,4.674872798000618,val_self_probe_loss
55,1.6229882730185397,1.6229882730185397,0.25611750058559896,0.0,0.0,4.1588826179504395,0.2983390347690666,0.0,0.2983390347690666,0.5791849448140117,0.16180674245112814,1.0053747791590417,0.07860528840146688,0.0011398026219844658,0.00048166744496578017,0.002972552743415797,0.004003994754678135,0.7569273756050252,0.30369304459129026,4.541966685481508,4.541966685481508,0.4381592366728723,0.0,0.0,4.1588826179504395,0.2868398961073123,0.0,0.2868398961073123,1.6213482512010735,0.26163792003941094,2.881380649063713,0.1606758041191638,0.007384132797145053,0.0009058116168642029,0.009075960796615629,0.007030142404671226,0.7296805692755658,0.2983208652238668,4.541966685481508,4.616372448559966,val_self_probe_loss
56,1.6866009446713586,1.6866009446713586,0.25025066814327085,0.0,0.0,4.1588826179504395,0.29382694748963273,0.0,0.29382694748963273,0.6024525678511116,0.15984981269069612,1.045640441026277,0.07482492802490845,0.0011177029993291025,0.0004339715259988091,0.0030078024236801257,0.0039798290960482525,0.7585541019062834,0.3013890881896935,4.482399779285148,4.482399779285148,0.4539780928203778,0.0,0.0,4.1588826179504395,0.28362890763312393,0.0,0.28362890763312393,1.5999961904978945,0.2714443468251584,2.8431811197487327,0.16660232430971836,0.007369571840567717,0.0009459509109891661,0.009075994377735978,0.007228940637111201,0.7294574975967407,0.29944043500082834,4.482399779285148,4.541966685481508,val_self_probe_loss
57,1.5875422754759454,1.5875422754759454,0.2702154998394582,0.0,0.0,4.1588826179504395,0.2907051020736359,0.0,0.2907051020736359,0.5537523069060136,0.17358648139087873,0.9953673237425599,0.08099913668668493,0.0011121675685333327,0.0004746438136401471,0.0028893080372342883,0.004447705333216196,0.7571136469244303,0.301328940789341,4.381646234727239,4.381646234727239,0.49236535128229153,0.0,0.0,4.1588826179504395,0.2877376521966472,0.0,0.2877376521966472,1.5611151148599822,0.2912628881587005,2.781360042651664,0.18495614072944253,0.007329387870210119,0.0010378388153908446,0.00879537845276273,0.007467181538231671,0.7291875992502485,0.3028024736768711,4.381646234727239,4.482399779285148,val_self_probe_loss
58,1.6521325765011994,1.6521325765011994,0.2513114938473597,0.0,0.0,4.1588826179504395,0.29341900544946464,0.0,0.29341900544946464,0.5897677385940346,0.15932635629281777,1.0239185286822814,0.07623102130116864,0.0012192477516980247,0.00036013508782767805,0.0030208501929537886,0.003795547274239852,0.756787622406768,0.3056906523872024,4.288529098901597,4.288529098901597,0.5214864650961035,0.0,0.0,4.1588826179504395,0.28841918114549625,0.0,0.28841918114549625,1.5257014961904551,0.3064558319747448,2.723678902505972,0.19881443068188448,0.007340210428150871,0.0011356829352689884,0.00845283915209931,0.007839661346812103,0.729364279079141,0.3029658575976117,4.288529098901597,4.381646234727239,val_self_probe_loss
59,1.5430708731372322,1.5430708731372322,0.2798623831290445,0.0,0.0,4.1588826179504395,0.2910003405959886,0.0,0.2910003405959886,0.5488849905116072,0.17304097166699975,0.9556814065503629,0.09099969929482882,0.0010683516960968821,0.0005812210057258046,0.0030236506437715123,0.004051883155214227,0.7586984752169293,0.30542448172846687,4.203110525430822,4.203110525430822,0.5561373646585097,0.0,0.0,4.1588826179504395,0.2855924221669665,0.0,0.2855924221669665,1.4927144835165107,0.32492605948485204,2.671261122349002,0.2149367495671331,0.007371147704163931,0.0011863057586778952,0.008170465344739558,0.008258108160261828,0.729504730760681,0.3030430065548938,4.203110525430822,4.288529098901597,val_self_probe_loss
60,1.4713803189433499,1.4713803189433499,0.3087783645098348,0.0,0.0,4.1588826179504395,0.28598514529666835,0.0,0.28598514529666835,0.5160681740375712,0.19205188687428684,0.9169085594037247,0.10088771217708138,0.0010488872372645744,0.0005320227847522243,0.002871934714130076,0.004647606673893753,0.7570830895008293,0.30482011415170657,4.145842549015091,4.145842549015091,0.5835838547404508,0.0,0.0,4.1588826179504395,0.2848963854105576,0.0,0.2848963854105576,1.470978335847627,0.34052216333354485,2.6357341180786906,0.22672759247828067,0.007330431380594418,0.0012015539736273484,0.008209643975154769,0.008303390733423347,0.7295295048204268,0.30406828270935865,4.145842549015091,4.203110525430822,val_self_probe_loss
61,1.5194281311920392,1.5194281311920392,0.3003642030232039,0.0,0.0,4.1588826179504395,0.2867103387508644,0.0,0.2867103387508644,0.5393470370882364,0.18677314607228196,0.9415708929249192,0.09767001810249526,0.0011610851233874158,0.0005479743500297269,0.0029489202596759373,0.004298181018999621,0.7585029030866863,0.3070846644243477,4.051752151377638,4.051752151377638,0.619048517683278,0.0,0.0,4.1588826179504395,0.28328828689474495,0.0,0.28328828689474495,1.4355710596757252,0.3563678133191529,2.5770186615864867,0.24657399892830145,0.0073740578144289816,0.0012831820134559403,0.008091027681753387,0.008477269676195815,0.7301921220669835,0.2987627981242186,4.051752151377638,4.145842549015091,val_self_probe_loss
62,1.4206714706636483,1.4206714706636483,0.3345684180308121,0.0,0.0,4.1588826179504395,0.2856209883640155,0.0,0.2856209883640155,0.4935370189210341,0.20700601934078103,0.8886343267205469,0.11169861880888596,0.001151918530150835,0.0007001968159146212,0.0029663000134168486,0.004606137142780428,0.7583120720446699,0.30456234094340245,3.991283499699387,3.991283499699387,0.67820671816235,0.0,0.0,4.1588826179504395,0.2786680213783098,0.0,0.2786680213783098,1.4134911997590838,0.3956254826661963,2.5386535420201093,0.26612425042512994,0.007381257686224587,0.001336229805934828,0.008002704744059477,0.009087905535757865,0.7298620372825528,0.3042822365435014,3.991283499699387,4.051752151377638,val_self_probe_loss
63,1.4139046190647995,1.4139046190647995,0.3368485225395235,0.0,0.0,4.1588826179504395,0.28072898755612674,0.0,0.28072898755612674,0.4946289219035799,0.20680016827995507,0.8806823354524189,0.11423138182499865,0.0010035432154493168,0.0006132077888799865,0.003057033135047086,0.0044299144021559475,0.7607348620826143,0.3044136373324138,3.864706364107428,3.864706364107428,0.6991665029192563,0.0,0.0,4.1588826179504395,0.27888634153034375,0.0,0.27888634153034375,1.3658124052931018,0.4004458997699415,2.45975810970521,0.2823939865906231,0.007421904029769343,0.0013694487906323952,0.007771208493678212,0.008857032268232904,0.7300636507339359,0.3019708744857622,3.864706364107428,3.991283499699387,val_self_probe_loss
64,1.4617896720554382,1.4617896720554382,0.3143914417495581,0.0,0.0,4.1588826179504395,0.2792624266885638,0.0,0.2792624266885638,0.5118405076263127,0.19270810383473216,0.9115347512184953,0.10594081818703746,0.0010540747198669299,0.0004745779766025608,0.0028348347732749216,0.00438213042744142,0.7573480161170666,0.3037130580775432,3.7806783088176332,3.7806783088176332,0.7313586014398137,0.0,0.0,4.1588826179504395,0.27898399596628937,0.0,0.27898399596628937,1.3350775239306578,0.4160077645680549,2.406476298305177,0.2990419217240736,0.00744789399508342,0.001452892552123507,0.00753065092476108,0.009056296708606046,0.7301823369094304,0.30080045824465546,3.7806783088176332,3.864706364107428,val_self_probe_loss
65,1.3090146744028797,1.3090146744028797,0.3852249107167174,0.0,0.0,4.1588826179504395,0.2766699110833533,0.0,0.2766699110833533,0.449248451780442,0.23567049700918102,0.8213578611223843,0.13367498716550064,0.0010418196591629385,0.0006151626001177782,0.002840310178235026,0.005135084100376353,0.7572773140165076,0.30424281244874657,3.7083717971600545,3.7083717971600545,0.769407041232038,0.0,0.0,4.1588826179504395,0.2767846591724372,0.0,0.2767846591724372,1.3084340683974163,0.43560062945814604,2.36080915910215,0.3173867855510264,0.007463705022233648,0.00150225643849904,0.007582245236233756,0.00892454747657251,0.7300922785486493,0.3030321638776649,3.7083717971600545,3.7806783088176332,val_self_probe_loss
66,1.3049955486956857,1.3049955486956857,0.3932798900667059,0.0,0.0,4.1588826179504395,0.27615744281155347,0.0,0.27615744281155347,0.4575101935992715,0.23396325032875906,0.8089348757128373,0.1433371435503274,0.001062603564860103,0.0006520938367980152,0.002931443689535162,0.004845377608559184,0.7598333976402241,0.30663846317028504,3.603249889445601,3.603249889445601,0.8247025718229898,0.0,0.0,4.1588826179504395,0.27530406406207114,0.0,0.27530406406207114,1.269846284112702,0.46520340195076065,2.294303274499426,0.34310421633377947,0.00737538764761943,0.001521456518083887,0.007449185749391522,0.00911125276955018,0.7302325654844319,0.3020697957980707,3.603249889445601,3.7083717971600545,val_self_probe_loss
67,1.311066342887809,1.311066342887809,0.3883153809935803,0.0,0.0,4.1588826179504395,0.27347698511655977,0.0,0.27347698511655977,0.46009730013408395,0.2283124256752325,0.8123167097664609,0.14408708338213738,0.0010559852241887838,0.0005971537914412271,0.00290029200360549,0.004565444676528565,0.7619672059096829,0.3062008182251362,3.531116953825358,3.531116953825358,0.8586866224404448,0.0,0.0,4.1588826179504395,0.2743282034900618,0.0,0.2743282034900618,1.24353537365638,0.48102647339150034,2.2484652048196665,0.36128844927290676,0.007435317085267721,0.001562952922416438,0.007322060315933379,0.009207971297169788,0.7305039134084809,0.30120318239520055,3.531116953825358,3.603249889445601,val_self_probe_loss
68,1.3137565094703638,1.3137565094703638,0.3742274675195225,0.0,0.0,4.1588826179504395,0.2692066119936766,0.0,0.2692066119936766,0.4583694057597377,0.224271838304829,0.8169816123877788,0.13431155454555505,0.0010930461996872234,0.0006020514018290281,0.0028943102603622853,0.004301332823398526,0.7568551499547864,0.30126831422914657,3.444410523156757,3.444410523156757,0.9089061951970462,0.0,0.0,4.1588826179504395,0.2737766965205625,0.0,0.2737766965205625,1.2121641592249877,0.5066973401337677,2.1931469200760336,0.38567892968747186,0.007507499443513185,0.0016555528110860317,0.007114766286367909,0.009618979227231665,0.7302180276894421,0.3030837963086478,3.444410523156757,3.531116953825358,val_self_probe_loss
69,1.193612432988559,1.193612432988559,0.4481939060529684,0.0,0.0,4.1588826179504395,0.2723962841913284,0.0,0.2723962841913284,0.41452540339274346,0.2650993503343915,0.7406001115865948,0.16708389902742973,0.001021273626835248,0.0008115101427732239,0.0027302168732668496,0.004853386661951746,0.7591723642678999,0.3064491925137496,3.3359193811366645,3.3359193811366645,0.9732824209499062,0.0,0.0,4.1588826179504395,0.2723099843870779,0.0,0.2723099843870779,1.1730322783569926,0.5409173330766444,2.1237997589690716,0.4158485636450582,0.007472684801417339,0.0016251632614229894,0.006972201760736821,0.009833035793919,0.7304419730761036,0.30253920514391075,3.3359193811366645,3.444410523156757,val_self_probe_loss
70,1.1418690494661405,1.1418690494661405,0.48992556219043376,0.0,0.0,4.1588826179504395,0.2698004345862455,0.0,0.2698004345862455,0.3947558033266785,0.2908684011920878,0.708423666907505,0.1831345091258001,0.0010100947396840458,0.0006857376169282601,0.0029814122953941854,0.005413850811826378,0.7627788682015353,0.3041967882741034,3.286554820048883,3.286554820048883,0.9937308028988217,0.0,0.0,4.1588826179504395,0.2716552576293116,0.0,0.2716552576293116,1.1561521264950034,0.5482571913126093,2.091305885784999,0.42901587866605345,0.0073999583119018905,0.0015936823120281593,0.007223853197885874,0.009312155941408705,0.7304829708907915,0.30256118944713045,3.286554820048883,3.3359193811366645,val_self_probe_loss
71,1.164898649504169,1.164898649504169,0.4733331663417502,0.0,0.0,4.1588826179504395,0.2686480188049155,0.0,0.2686480188049155,0.39588128818499596,0.2850015736731949,0.7304748786975243,0.1723244437727051,0.0010194175594711715,0.0007704951078384991,0.0028803055407223828,0.005125458501269131,0.7599913169078848,0.3060396370262267,3.1752848507871168,3.1752848507871168,1.0555839636681243,0.0,0.0,4.1588826179504395,0.27248318354535545,0.0,0.27248318354535545,1.1162149130933634,0.5776711976537423,2.019966048029431,0.4614017531160057,0.007474367274965668,0.0016534415524643998,0.007127204611290084,0.009389329705277446,0.7304524514615905,0.3031759945131977,3.1752848507871168,3.286554820048883,val_self_probe_loss
72,1.0467460279799712,1.0467460279799712,0.5732208165932042,0.0,0.0,4.1588826179504395,0.2675569152007642,0.0,0.2675569152007642,0.37167789630436476,0.32327027228772315,0.6367171659705798,0.23395814867046152,0.0009557187717387368,0.0008341395226052435,0.002825157890023723,0.005376252012212815,0.7565905350361645,0.304924727860188,3.076983586659435,3.076983586659435,1.1182386199509875,0.0,0.0,4.1588826179504395,0.26863841490345713,0.0,0.26863841490345713,1.0820412359544602,0.6086369587212616,1.9558539974433804,0.49317852689982944,0.007305008178710235,0.001545134785899463,0.00723801264416438,0.009232986647554713,0.7307663667276039,0.302270968138061,3.076983586659435,3.1752848507871168,val_self_probe_loss
73,0.9924892828800806,0.9924892828800806,0.5880003085218852,0.0,0.0,4.1588826179504395,0.26387440024759584,0.0,0.26387440024759584,0.34646099043190154,0.32836502653052857,0.6073879449455524,0.24350729970921867,0.0010301473326996403,0.0007196258633161367,0.00284554757845908,0.005237467618941296,0.7619648089654882,0.3084862865548495,2.9764480076683975,2.9764480076683975,1.1744745514407662,0.0,0.0,4.1588826179504395,0.26832965460623276,0.0,0.26832965460623276,1.0470195787305139,0.6324594472506031,1.8903145056842647,0.5257300585913269,0.007321538632574364,0.0015642622192052224,0.0073032994756058595,0.008980295808858568,0.73106451841615,0.2999187904115049,2.9764480076683975,3.076983586659435,val_self_probe_loss
74,0.976752751924989,0.976752751924989,0.6272892583934457,0.0,0.0,4.1588826179504395,0.26290639693532897,0.0,0.26290639693532897,0.3475533792213358,0.35272720860139467,0.5905618173904456,0.2585904662723272,0.0010458015245497921,0.000863687649180624,0.0029844180306391106,0.004797770997507315,0.7615526525955953,0.30551774029412465,2.8919602954609793,2.8919602954609793,1.2428747399808457,0.0,0.0,4.1588826179504395,0.2674336922094689,0.0,0.2674336922094689,1.0178207496748022,0.6647603682109288,1.835000813698616,0.5617672198723932,0.0074009635046982025,0.001558684011882331,0.007335384242577906,0.009101118889538953,0.7311008189405713,0.30094789514630477,2.8919602954609793,2.9764480076683975,val_self_probe_loss
75,0.8436796046490858,0.8436796046490858,0.753074790166055,0.0,0.0,4.1588826179504395,0.26108359407253245,0.0,0.26108359407253245,0.29723554360756954,0.42051662338650186,0.5080128708889076,0.31659753608765767,0.001053545590824653,0.0008713287061734166,0.0030466549821263414,0.005816367115676157,0.7572645266938026,0.3032236597148045,2.7832105538767316,2.7832105538767316,1.3067801322163262,0.0,0.0,4.1588826179504395,0.26738170187295596,0.0,0.26738170187295596,0.9800953448993033,0.6907857874905841,1.7639994561897812,0.5996530469599533,0.007277731716261181,0.001495380129645749,0.007522837853605818,0.008587282707752742,0.7308811315838595,0.30217400174703657,2.7832105538767316,2.8919602954609793,val_self_probe_loss
76,0.9785045001954331,0.9785045001954331,0.614679606584372,0.0,0.0,4.1588826179504395,0.26154344745642794,0.0,0.26154344745642794,0.33902297972095263,0.3464700418527511,0.6010147972833917,0.25225550591185053,0.0009753586821903144,0.0007736204958110437,0.0031056014698128596,0.005042985009088802,0.7582465215257965,0.3051272850855776,2.7036818895627808,2.7036818895627808,1.3632122510986298,0.0,0.0,4.1588826179504395,0.26956448523524384,0.0,0.26956448523524384,0.9531618376690547,0.7173456653304722,1.7113943284041948,0.6293620646624647,0.0073872814490026015,0.001548109697074516,0.007541057742663561,0.008735593493669208,0.7304944408976514,0.304881471284428,2.7036818895627808,2.7832105538767316,val_self_probe_loss
77,1.1007909707471515,1.1007909707471515,0.47541100944828907,0.0,0.0,4.1588826179504395,0.2564939057820453,0.0,0.2564939057820453,0.3893277297127669,0.25856863435779,0.6728305267313195,0.20098059836255733,0.0011252553793585079,0.0005325289710129362,0.003005262687403615,0.003577178794584972,0.7610175426391033,0.3074182318083934,2.6490461457960355,2.6490461457960355,1.4150291578554959,0.0,0.0,4.1588826179504395,0.2678503912428151,0.0,0.2678503912428151,0.9346572759066656,0.742561916386859,1.675285387211566,0.6558625583091507,0.007453109227827322,0.0016434795011857363,0.007126873820045419,0.009519564624158492,0.7305528119854305,0.30483608179210875,2.6490461457960355,2.7036818895627808,val_self_probe_loss
78,0.9252017205407277,0.9252017205407277,0.6420848707368947,0.0,0.0,4.1588826179504395,0.2566578006279848,0.0,0.2566578006279848,0.32701438565510527,0.3555031743321801,0.5597438486589428,0.27066184364619095,0.0010328422262085167,0.0007331815929761687,0.0028262085027460616,0.004738671178382573,0.7580536764879782,0.3052541512820121,2.5499594203479914,2.5499594203479914,1.496970417521755,0.0,0.0,4.1588826179504395,0.2659304241956391,0.0,0.2659304241956391,0.9010733619002591,0.7797273624665249,1.6097710092511515,0.7005668954333718,0.0075034130442748715,0.001739880700172406,0.006980065270095647,0.009689438437337276,0.730823578671639,0.3054444175329268,2.5499594203479914,2.6490461457960355,val_self_probe_loss
79,1.015567178031354,1.015567178031354,0.5503734449163881,0.0,0.0,4.1588826179504395,0.2535770814518243,0.0,0.2535770814518243,0.3601734540215668,0.29529740328519194,0.6169598256631393,0.23929178787540525,0.0010687304014323686,0.0005390966073027173,0.0028333527623327155,0.0042548354282672595,0.757666655743554,0.3044801270660794,2.455000421576063,2.455000421576063,1.5653296582724736,0.0,0.0,4.1588826179504395,0.26755368006155356,0.0,0.26755368006155356,0.868407383604519,0.809422241373462,1.5474843960009539,0.7392249145221127,0.007515253006870734,0.0018597128994244814,0.006776673711333077,0.010006222517449433,0.7310453564483926,0.30433822474124267,2.455000421576063,2.5499594203479914,val_self_probe_loss
80,0.8679316249214988,0.8679316249214988,0.7260924402039608,0.0,0.0,4.1588826179504395,0.25698034959292176,0.0,0.25698034959292176,0.3052935372960358,0.37939890762780815,0.5241357596124943,0.3305761402035306,0.0010160560630440546,0.0008767552341734308,0.0030048801264016146,0.005334355141282589,0.7589578234010942,0.30729579464271745,2.3449467975206626,2.3449467975206626,1.6691154406307647,0.0,0.0,4.1588826179504395,0.2633138185147173,0.0,0.2633138185147173,0.831089302440469,0.856359744525474,1.4747756713862468,0.796129831101352,0.00739452725441574,0.0017878325446793535,0.0068079861598985955,0.009926016796785205,0.7310502508782452,0.30372958968144764,2.3449467975206626,2.455000421576063,val_self_probe_loss
81,0.8002517790534625,0.8002517790534625,0.7833591965563865,0.0,0.0,4.1588826179504395,0.2533288702744946,0.0,0.2533288702744946,0.2796683051428143,0.4201261071420789,0.4820833193152554,0.34726115755540543,0.0011825480344196686,0.000814357491358785,0.0030994159707484685,0.005788966897838268,0.7578910694556754,0.3037883956660031,2.2620144455768862,2.2620144455768862,1.7471073724745965,0.0,0.0,4.1588826179504395,0.26413391706365974,0.0,0.26413391706365974,0.8032760598164584,0.8877230391183996,1.4196315396646535,0.8427970536568011,0.007414780151916405,0.001811145086219948,0.006924186342233873,0.009582428558099066,0.7312109638815341,0.3035223406294118,2.2620144455768862,2.3449467975206626,val_self_probe_loss
82,0.7240584879034044,0.7240584879034044,0.8246912095699823,0.0,0.0,4.1588826179504395,0.2519119655228865,0.0,0.2519119655228865,0.25549620975107445,0.4321144650456149,0.43008936300841044,0.3765884060473984,0.0009528637991995274,0.0008241396539788473,0.002744097517303403,0.005356690393373346,0.7592048668573507,0.30493248163279796,2.1917966361394767,2.1917966361394767,1.7917274229737543,0.0,0.0,4.1588826179504395,0.26150686076338986,0.0,0.26150686076338986,0.7792583992965056,0.9020195259301929,1.3734315618314428,0.8733019828622849,0.007316640428262358,0.0017525869777685707,0.007122937329937791,0.009138790429974704,0.7313018243135132,0.3010797848612625,2.1917966361394767,2.2620144455768862,val_self_probe_loss
83,0.8955449030809227,0.8955449030809227,0.7521430874973306,0.0,0.0,4.1588826179504395,0.24831957828854626,0.0,0.24831957828854626,0.31510712055062096,0.4055485308546528,0.5420228445342242,0.33074786634471687,0.001024676763304227,0.0006198128451023028,0.0029064419702473417,0.004423425783854055,0.7573620488562516,0.30498732192979555,2.1261440315370606,2.1261440315370606,1.8395101095763793,0.0,0.0,4.1588826179504395,0.2628838386594879,0.0,0.2628838386594879,0.757492654859985,0.9192820206654738,1.3295661752366732,0.9036830051148438,0.007359910390337261,0.0018151934919215418,0.00705103104231266,0.009299365103661274,0.7308024691869013,0.3032282287289637,2.1261440315370606,2.1917966361394767,val_self_probe_loss
84,0.6671187989577307,0.6671187989577307,1.0543954093193249,0.0,0.0,4.1588826179504395,0.2510881430983674,0.0,0.2510881430983674,0.2538067688950788,0.525441194077878,0.37471947254782745,0.5128282522752015,0.001008533636990037,0.0008964694651496355,0.003171040204834882,0.005579037892501331,0.7604656352954953,0.30687879802890194,2.012811470591689,2.012811470591689,1.9658923340695245,0.0,0.0,4.1588826179504395,0.2601318673132369,0.0,0.2601318673132369,0.7190643871920357,0.9716599387874515,1.2546188779528142,0.9778240906473782,0.007298045941317231,0.0016730833951939153,0.0073399361308305435,0.008820307864055547,0.7313959163538417,0.30215717028386846,2.012811470591689,2.1261440315370606,val_self_probe_loss
85,0.6791492502167249,0.6791492502167249,1.0217856336896165,0.0,0.0,4.1588826179504395,0.24784397889178095,0.0,0.24784397889178095,0.2515161829120372,0.5065169328441342,0.3892194648982771,0.49938874267671424,0.0010236738674460452,0.0009280370038683075,0.002829743329175921,0.004641260938211851,0.7574944788616653,0.3036765681925249,1.9347955386808016,1.9347955386808016,2.0434785156701665,0.0,0.0,4.1588826179504395,0.26150474257720924,0.0,0.26150474257720924,0.6931735158070736,1.0013466434356588,1.2024665976677853,1.025680890766707,0.00735768633621661,0.00160684117741676,0.007371154084139336,0.008926452044976054,0.73157867289478,0.3031305422694046,1.9347955386808016,2.012811470591689,val_self_probe_loss
86,0.8518198763483442,0.8518198763483442,0.6783459504205492,0.0,0.0,4.1588826179504395,0.24203429067697535,0.0,0.24203429067697535,0.3026167842857008,0.34932505634626626,0.5105910323903733,0.3131423598251476,0.0009950744229516844,0.0005815662432136883,0.0030450014194062657,0.004146895764966042,0.7611753367435526,0.30636819536285526,1.8796990265988784,1.8796990265988784,2.1077920929615543,0.0,0.0,4.1588826179504395,0.2618588186013773,0.0,0.2618588186013773,0.6745564164854123,1.0314163846999223,1.1660257876960571,1.0596688913748316,0.0074256425617683555,0.0017011362645332287,0.007035970050835785,0.00944701190647432,0.7311342071672404,0.3067368835395908,1.8796990265988784,1.9347955386808016,val_self_probe_loss
87,0.6470636808600698,0.6470636808600698,0.9116418262213698,0.0,0.0,4.1588826179504395,0.2475606192120082,0.0,0.2475606192120082,0.2276576406339799,0.45994636549744206,0.38094448707547984,0.4357493123659122,0.0011302489267816026,0.00079948157737446,0.002848074808905901,0.0046364753523690195,0.7578837981470068,0.30565330759099757,1.8096206733806532,1.8096206733806532,2.192447181999313,0.0,0.0,4.1588826179504395,0.2605799118184155,0.0,0.2605799118184155,0.6518412308119561,1.0637132997468393,1.1186632270887147,1.1120310213781246,0.007419564055137174,0.0017685530984517359,0.006885426654769628,0.009638298537165666,0.7314554923069403,0.3059327265490656,1.8096206733806532,1.8796990265988784,val_self_probe_loss
88,0.5863220627970674,0.5863220627970674,1.091060673276169,0.0,0.0,4.1588826179504395,0.24636192222327222,0.0,0.24636192222327222,0.2242481883995554,0.5291692265334951,0.3235962770554175,0.5457573475440889,0.0013780066406834282,0.0008956509899301633,0.0030440401449967195,0.0051416115304731185,0.7565737681383621,0.30791966831383144,1.7079128689763154,1.7079128689763154,2.3007221950322205,0.0,0.0,4.1588826179504395,0.25879803151817793,0.0,0.25879803151817793,0.6169940474087384,1.1037951680305211,1.0517844030899661,1.180397540625902,0.0073417327825922914,0.0017374940455156546,0.006890208223944542,0.00949623055831292,0.7321976388093108,0.3029107392204474,1.7079128689763154,1.8096206733806532,val_self_probe_loss
89,0.5348302168704152,0.5348302168704152,1.0929893616476514,0.0,0.0,4.1588826179504395,0.2432567042295548,0.0,0.2432567042295548,0.19397192363832738,0.5488277380278029,0.3023281907182265,0.5279932907945042,0.0011437886859902153,0.0009814965116303627,0.0031435705097003722,0.005391461110462227,0.7585959291876867,0.3076769672947579,1.6236422707482894,1.6236422707482894,2.4072542849534786,0.0,0.0,4.1588826179504395,0.25987769607801614,0.0,0.25987769607801614,0.5888393401900041,1.1438262116927538,0.995667697222591,1.2469951161183417,0.0073135668606720055,0.0016764801936988757,0.006977800145363493,0.009318416490601318,0.7321833460967734,0.301637949225325,1.6236422707482894,1.7079128689763154,val_self_probe_loss
90,0.7171327574863523,0.7171327574863523,0.9762512876618445,0.0,0.0,4.1588826179504395,0.24381613297925692,0.0,0.24381613297925692,0.2704917621133291,0.4781887461436436,0.40814993516710696,0.48215623150868947,0.0009132501079068845,0.0008067079012251332,0.003474902439071223,0.0044502095021839065,0.7583049597253391,0.30519308661786443,1.581593819992235,1.581593819992235,2.451262086352206,0.0,0.0,4.1588826179504395,0.2608122471141519,0.0,0.2608122471141519,0.5747163964085489,1.157413858156767,0.9676781198883325,1.2774932218819672,0.007470262912698582,0.001663582860550468,0.007163540384969356,0.00898952736311031,0.7323103339775748,0.3008011744259307,1.581593819992235,1.6236422707482894,val_self_probe_loss
91,0.5350129869608076,0.5350129869608076,1.115458301324745,0.0,0.0,4.1588826179504395,0.24513798075371332,0.0,0.24513798075371332,0.19824151988585942,0.5506770920609538,0.2981633989674036,0.548773715937046,0.0009893933040193159,0.0006663350163507938,0.0028690156984601976,0.004608867447296798,0.7614761507210172,0.3076000968331694,1.495596735211818,1.495596735211818,2.5951290588756524,0.0,0.0,4.1588826179504395,0.2587059144833073,0.0,0.2587059144833073,0.5462779598715513,1.2190056034589407,0.9101583322189077,1.3594656754892482,0.007372188024922066,0.0017249986461008251,0.006825447310650178,0.009731356578051858,0.7326945708775372,0.3050688303405454,1.495596735211818,1.581593819992235,val_self_probe_loss
92,0.5390358128913082,0.5390358128913082,1.1512452989293245,0.0,0.0,4.1588826179504395,0.24645197749726727,0.0,0.24645197749726727,0.19674609831108023,0.5686847181534793,0.3036319349629704,0.5663756863669003,0.0010390579384193439,0.0009789748905455265,0.00330625614691265,0.0056728876988647835,0.7613473389988804,0.30745770329963235,1.3931926049477195,1.3931926049477195,2.7196722959879764,0.0,0.0,4.1588826179504395,0.25989320615063544,0.0,0.25989320615063544,0.5121193370790516,1.2626703013174283,0.8418447866758204,1.4403449807732558,0.00759133660944572,0.001852125889097535,0.007030792712228176,0.009399245083852677,0.7325510667717975,0.3050821793745764,1.3931926049477195,1.495596735211818,val_self_probe_loss
93,0.41720479339132194,0.41720479339132194,1.4341004825842236,0.0,0.0,4.1588826179504395,0.24607143991930425,0.0,0.24607143991930425,0.167565749375442,0.6767255408540123,0.21105098666502603,0.741019167494679,0.0009902036805149285,0.0012096330622702702,0.0033639305324623878,0.005793270497029784,0.7600815678270928,0.309480339419567,1.316144409641531,1.316144409641531,2.8310441776924993,0.0,0.0,4.1588826179504395,0.25866511806568004,0.0,0.25866511806568004,0.4853885220826505,1.3001220849406274,0.7914643558262853,1.5145009044841256,0.007598032745455323,0.0017158461680579953,0.007179333834174257,0.0088796956509479,0.7334802874497005,0.30208194348382655,1.316144409641531,1.3931926049477195,val_self_probe_loss
94,0.5995678045428087,0.5995678045428087,1.06559429508271,0.0,0.0,4.1588826179504395,0.24372414130672534,0.0,0.24372414130672534,0.2105474349593848,0.5303071154164953,0.3499349606756027,0.5188361702141333,0.001305885376763565,0.0007911500666387577,0.0029109929684824573,0.004599955608545875,0.7693569616350201,0.31586544128987454,1.245482448233951,1.245482448233951,2.9413983236928902,0.0,0.0,4.1588826179504395,0.2631676637608072,0.0,0.2631676637608072,0.4620635815106494,1.3433683709420772,0.7441527770401227,1.5813224262598415,0.007647108523517136,0.0018672016887242347,0.007002792358383976,0.009253431990835238,0.7330821924698279,0.3063072884304923,1.245482448233951,1.316144409641531,val_self_probe_loss
95,0.42090382289578965,0.42090382289578965,1.4347735633245546,0.0,0.0,4.1588826179504395,0.24349006339825863,0.0,0.24349006339825863,0.16380827630431474,0.6825206299137598,0.21855363817466372,0.7360540720001354,0.00103453067881459,0.0010107997496770092,0.0029049343999442527,0.005269018189447935,0.7598559376829673,0.30838609978343995,1.1840299612246685,1.1840299612246685,3.0258457716207325,0.0,0.0,4.1588826179504395,0.26088321033101647,0.0,0.26088321033101647,0.44039094825246317,1.3684872429100623,0.7043832518978865,1.6408969571594125,0.0073868886093856325,0.0016937220863713586,0.007047468196218891,0.009029893125754475,0.7340851444635332,0.3027058902734555,1.1840299612246685,1.245482448233951,val_self_probe_loss
96,0.5377365405355405,0.5377365405355405,1.1791644297564723,0.0,0.0,4.1588826179504395,0.2418442615169856,0.0,0.2418442615169856,0.193346557324971,0.5571646424568576,0.3057253124492916,0.6057793152090223,0.0010196976201207776,0.0007823933814223214,0.002878174370535037,0.004255246992082909,0.7624387091391697,0.31198787296642716,1.1258178393339149,1.1258178393339149,3.1309202559616254,0.0,0.0,4.1588826179504395,0.2624496999919785,0.0,0.2624496999919785,0.42118686319889953,1.4093962098870958,0.6654007463449878,1.704939617306827,0.007409521243722982,0.0016891327276600846,0.006749318013841182,0.00947776410341124,0.73405727781124,0.3042895668041632,1.1258178393339149,1.1840299612246685,val_self_probe_loss
97,0.38480271493482404,0.38480271493482404,1.4327247084888224,0.0,0.0,4.1588826179504395,0.24417165448453634,0.0,0.24417165448453634,0.14947899787775706,0.694599920844927,0.19671863372489792,0.7218629178395811,0.0011337293357094832,0.0009221574249656275,0.0028931254721129094,0.00578145982322419,0.7606464863870329,0.3090632545110554,1.054973836178365,1.054973836178365,3.250058685400471,0.0,0.0,4.1588826179504395,0.26370992136667976,0.0,0.26370992136667976,0.3972255096175008,1.4480636234146467,0.6184573689481441,1.785556893439975,0.0073588997852227144,0.001668085777620143,0.007020578502391042,0.009077291692728582,0.7349829660809558,0.30226467707142324,1.054973836178365,1.1258178393339149,val_self_probe_loss
98,0.4363545941027407,0.4363545941027407,1.419456242762596,0.0,0.0,4.1588826179504395,0.2449726447315823,0.0,0.2449726447315823,0.16770676674135235,0.6773781570821641,0.229987496068511,0.7259217052363701,0.0012227724093581427,0.0010197276796474683,0.0029976363623520907,0.005212380284107158,0.7610977335897419,0.30760459662399753,1.0156751048999915,1.0156751048999915,3.3232856314189685,0.0,0.0,4.1588826179504395,0.2618781732661383,0.0,0.2618781732661383,0.38359078364620297,1.4724008616823587,0.5927525501472656,1.8344493832768907,0.007491852451652369,0.0016709021366742203,0.0069961237673422105,0.009017261531875001,0.7351849830668905,0.302322135393664,1.0156751048999915,1.054973836178365,val_self_probe_loss
99,0.3606745594157607,0.3606745594157607,1.4981651505706863,0.0,0.0,4.1588826179504395,0.24249198725273266,0.0,0.24249198725273266,0.13822488221989046,0.7074422199937436,0.1838183768674257,0.7744728043413712,0.0009338231839706793,0.0007894066373621819,0.002946122163680763,0.005272036122488375,0.7620646667663666,0.310511383672708,0.9620459436653008,0.9620459436653008,3.402498294570431,0.0,0.0,4.1588826179504395,0.2621303996684388,0.0,0.2621303996684388,0.36450640860112005,1.4943826729836671,0.55820433733846,1.891692996615116,0.007405743757421903,0.0017086065728102574,0.0071104127792236595,0.0088367267549385,0.7354548073703457,0.30224173409598215,0.9620459436653008,1.0156751048999915,val_self_probe_loss
100,0.4524572800791748,0.4524572800791748,1.4970237374158513,0.0,0.0,4.1588826179504395,0.24258880749034045,0.0,0.24258880749034045,0.1803106453185891,0.6638735757995515,0.2332408449021664,0.8169929601321596,0.0010897382509457122,0.0009115196609433744,0.0033361739130142736,0.004910636423349904,0.765994532375252,0.30876391792402047,0.9363508761993476,0.9363508761993476,3.479329735457157,0.0,0.0,4.1588826179504395,0.2576160893677184,0.0,0.2576160893677184,0.354573708724647,1.527863780210107,0.5424811044080264,1.9348264404960116,0.007344773602227229,0.0016062247343470743,0.0073404111819897104,0.008772649312021662,0.7345179154635957,0.30721489002245556,0.9363508761993476,0.9620459436653008,val_self_probe_loss
101,0.3994980035053257,0.3994980035053257,1.4166814788816136,0.0,0.0,4.1588826179504395,0.2418842051182306,0.0,0.2418842051182306,0.15249908097194656,0.6349287038233487,0.20767388874245757,0.7649950494889567,0.001006980464051546,0.0007574305040365444,0.002825021933348651,0.004750385688531951,0.775815789445695,0.32186731725571316,0.860177908856306,0.860177908856306,3.635285836106502,0.0,0.0,4.1588826179504395,0.26060134357547166,0.0,0.26060134357547166,0.3295042629220656,1.5821581611537046,0.4913623902819449,2.036633935242151,0.007366397727106594,0.0016856726711492183,0.007191956325966332,0.008780740366334685,0.7350101383946697,0.3038818295697988,0.860177908856306,0.9363508761993476,val_self_probe_loss
102,0.4810064172803636,0.4810064172803636,1.3893165519679809,0.0,0.0,4.1588826179504395,0.24284745219575588,0.0,0.24284745219575588,0.1882176463268329,0.6642841877565033,0.25390248124218834,0.7086267355015721,0.0012138675103053752,0.0006473845202284519,0.0032175964741399214,0.0052189818820093156,0.7652209069412181,0.3144369421753742,0.7894002141095466,0.7894002141095466,3.816063502236553,0.0,0.0,4.1588826179504395,0.2598553363765989,0.0,0.2598553363765989,0.3058577389051409,1.64997533213648,0.4441283675596141,2.149589249546067,0.007565146129721521,0.0018798976022215423,0.007230970805354694,0.00867428950913343,0.7359936942595132,0.3032326398428923,0.7894002141095466,0.860177908856306,val_self_probe_loss
103,0.33018903293607,0.33018903293607,1.5326103262693247,0.0,0.0,4.1588826179504395,0.23772722428703413,0.0,0.23772722428703413,0.1303142531438599,0.7012322950539814,0.16135626700302969,0.815421856064697,0.001124193291133193,0.0007368564725450714,0.0029188329851664767,0.004458151853814083,0.7589116532899415,0.3065216031608414,0.7478483601108842,0.7478483601108842,3.9129958526688333,0.0,0.0,4.1588826179504395,0.2630766150744065,0.0,0.2630766150744065,0.29092146685890713,1.682326819724548,0.41747011664259875,2.214036752822699,0.007698500364928821,0.0019903323401810682,0.007033856083083643,0.009025165923981008,0.7365764727503616,0.30465004125737255,0.7478483601108842,0.7894002141095466,val_self_probe_loss
104,0.2936658029547769,0.2936658029547769,1.6057193444307758,0.0,0.0,4.1588826179504395,0.2405911381269522,0.0,0.2405911381269522,0.11686612238021798,0.7228527499606135,0.13831658583056716,0.8667135372794714,0.001102121043409774,0.000982613912999286,0.0029631265331495197,0.004901807985506731,0.7582247333128811,0.30834335527095524,0.7120180339754923,0.7120180339754923,3.9808734398543466,0.0,0.0,4.1588826179504395,0.26321820387188694,0.0,0.26321820387188694,0.27796592220652455,1.702040556517447,0.39461438146402467,2.2622060369966284,0.007619231620800583,0.0018201818781410383,0.007078239438268616,0.009023872075417305,0.7365026237061305,0.30538323336506484,0.7120180339754923,0.7478483601108842,val_self_probe_loss
105,0.34595383543410757,0.34595383543410757,1.5177826855074037,0.0,0.0,4.1588826179504395,0.23841555642309617,0.0,0.23841555642309617,0.12690224613008855,0.6682501162282721,0.18020025075594234,0.8333209552725472,0.0009913367606819844,0.0008388700728071725,0.0030492329152155785,0.004437913326904358,0.7659714933807842,0.3111619467792867,0.6393389175906314,0.6393389175906314,4.194889394207771,0.0,0.0,4.1588826179504395,0.26476772323898645,0.0,0.26476772323898645,0.25430919111978195,1.7814241096099712,0.3456166990749214,2.3969480612992036,0.00758348526955533,0.0018733017674399347,0.006839952140219325,0.009514575221095674,0.7366627839781483,0.3019453063144447,0.6393389175906314,0.7120180339754923,val_self_probe_loss
106,0.3274178160098918,0.3274178160098918,1.5062107493698138,0.0,0.0,4.1588826179504395,0.24486294246465787,0.0,0.24486294246465787,0.11793691500086996,0.6521509668322609,0.17040720543262888,0.8374818130145841,0.0014064500059034885,0.0008515897719753392,0.003026008071801109,0.004914048673486915,0.7683895130188876,0.31747462347755057,0.5901014157310591,0.5901014157310591,4.370337512182153,0.0,0.0,4.1588826179504395,0.2684663623016073,0.0,0.2684663623016073,0.2383813118180318,1.8506519784283193,0.31235804797225397,2.502924742576267,0.007617549334122346,0.0019483522947604504,0.00668725307296198,0.009787679229058927,0.7357789452031532,0.30589028619090963,0.5901014157310591,0.6393389175906314,val_self_probe_loss
107,0.28424631562145297,0.28424631562145297,1.635325758455221,0.0,0.0,4.1588826179504395,0.24320445750338054,0.0,0.24320445750338054,0.10862365793170965,0.7299985009624851,0.1368092649220668,0.889064057207739,0.001302599256621693,0.000847536008622299,0.002992324587688643,0.004580580726016464,0.7637700040698967,0.3118654327256489,0.5540223192678105,0.5540223192678105,4.457695243058738,0.0,0.0,4.1588826179504395,0.2662545929414145,0.0,0.2662545929414145,0.22532203982104054,1.875308335799238,0.28932177106363943,2.5659049396917966,0.007586944889875927,0.001889217847690714,0.0065565593518976195,0.009835626671136998,0.7365224379930437,0.30051808216556997,0.5540223192678105,0.5901014157310591,val_self_probe_loss
108,0.4227371404579259,0.4227371404579259,1.305013590697792,0.0,0.0,4.1588826179504395,0.2387333439027177,0.0,0.2387333439027177,0.15551645216725268,0.572758901807041,0.22841237589684196,0.7160310778566498,0.0011967832865548739,0.0009827308868347211,0.0030203105804625934,0.004358850746148733,0.7641415550208903,0.3108413433073381,0.5046145262555306,0.5046145262555306,4.692481835852869,0.0,0.0,4.1588826179504395,0.267219117061692,0.0,0.267219117061692,0.20981249072074148,1.9683133819551202,0.25551967766506145,2.7074600900176287,0.007471543708465479,0.0019089048980802216,0.006164043183693003,0.010848242811199208,0.7359604598572536,0.30293409443049696,0.5046145262555306,0.5540223192678105,val_self_probe_loss
109,0.2808574582363196,0.2808574582363196,1.6359667538876852,0.0,0.0,4.1588826179504395,0.23917382005213644,0.0,0.23917382005213644,0.10616238526263888,0.694943463975721,0.13506585864082354,0.9239751051571609,0.0011805770659156535,0.0007101220800603638,0.0030831140868568183,0.005278479824922202,0.7805153967651133,0.3268573978337184,0.4701626558689782,0.4701626558689782,4.836146918142805,0.0,0.0,4.1588826179504395,0.27130400236719143,0.0,0.27130400236719143,0.19823059078120853,2.021810016045289,0.23266873827279308,2.7975427198414664,0.007371819644634213,0.0020250626519058112,0.006297119350103164,0.010676490531233573,0.7358130133300094,0.3044035769767643,0.4701626558689782,0.5046145262555306,val_self_probe_loss
110,0.18958500739182912,0.18958500739182912,2.132411066119679,0.0,0.0,4.1588826179504395,0.23721718891195617,0.0,0.23721718891195617,0.08830344396859048,0.9170512233816831,0.06265181951576478,1.1991740183579673,0.0009859381664489907,0.001057141720839384,0.0030172968097491155,0.005298191869608919,0.7616304880177804,0.3078335168332876,0.4488386446320862,0.4488386446320862,4.904383823830889,0.0,0.0,4.1588826179504395,0.2718571794699438,0.0,0.2718571794699438,0.18806870343880902,2.036583600345976,0.22146237988360457,2.851052782449131,0.007370866099567737,0.001884072122909924,0.006733189642816921,0.009998625514577635,0.7358298285037094,0.3055333317436787,0.4488386446320862,0.4701626558689782,val_self_probe_loss
111,0.23285831802991822,0.23285831802991822,2.2768484591194618,0.0,0.0,4.1588826179504395,0.24638967489175556,0.0,0.24638967489175556,0.09700631406710256,0.9578427157388298,0.09706873486419622,1.3027899662108373,0.0010532436569692346,0.0007340838138547946,0.003018117076227887,0.005242112923299016,0.7643628615055859,0.31016510607251485,0.5131975469983513,0.5131975469983513,4.435464949295017,0.0,0.0,4.1588826179504395,0.257619314497302,0.0,0.257619314497302,0.20491364381929733,1.841335984027904,0.26888424954637424,2.5778929712308676,0.007381122441718685,0.0017393742210114402,0.007341884710010349,0.008602483598631083,0.7364030254553564,0.29881805218524815,0.5131975469983513,0.4701626558689782,val_self_probe_loss
112,0.28049074239726257,0.28049074239726257,1.959106503281452,0.0,0.0,4.1588826179504395,0.241672251982825,0.0,0.241672251982825,0.10869859991662621,0.8395792060050169,0.13289442101470986,1.1032582888447164,0.0013209473874645347,0.0007894246957319023,0.003092732657724429,0.0048992612507014355,0.7651640810113315,0.3116360864183905,0.4480868624465436,0.4480868624465436,4.715527059776442,0.0,0.0,4.1588826179504395,0.2657290781321733,0.0,0.2657290781321733,0.18267828348144796,1.9465882742997282,0.22600825620896142,2.7525034714779406,0.0074185611301348315,0.001828235818748959,0.00730799542311926,0.008718518668970799,0.7362977188566456,0.302129328250885,0.4480868624465436,0.4488386446320862,val_self_probe_loss
113,0.3595589637085714,0.3595589637085714,1.3201063320155202,0.0,0.0,4.1588826179504395,0.22963013386294556,0.0,0.22963013386294556,0.129999064802551,0.5638374784955209,0.19090669380723777,0.74036306129517,0.0009059696453807489,0.0005859164384504213,0.0030415561474434433,0.004072265214420667,0.7624511173737167,0.3070410550883782,0.3810979061476562,0.3810979061476562,5.0787804401624275,0.0,0.0,4.1588826179504395,0.26894864180813666,0.0,0.26894864180813666,0.16148240588206267,2.0871803781815936,0.1802619193602492,2.9748929242273756,0.007525996112981262,0.002198420721300558,0.006713652356762022,0.009880505049578058,0.7360136083194188,0.30338633763864176,0.3810979061476562,0.4480868624465436,val_self_probe_loss
114,0.19102404089941022,0.19102404089941022,1.9841718036930858,0.0,0.0,4.1588826179504395,0.23937264919019294,0.0,0.23937264919019294,0.07501538899756813,0.833144402153929,0.07668916522969955,1.1344011960475493,0.0009020956207873631,0.0008360688497435875,0.0029208633251811256,0.004407019532795762,0.7760374722705845,0.3195272631755121,0.3520043478665515,0.3520043478665515,5.2067013196878555,0.0,0.0,4.1588826179504395,0.26934006060502547,0.0,0.26934006060502547,0.15090819913893938,2.1299037509453225,0.16176539539180187,3.0600925758857027,0.007529613421922579,0.002154884399579652,0.00647268753993377,0.010155489978449917,0.7360214944581808,0.3030099169067714,0.3520043478665515,0.3810979061476562,val_self_probe_loss
115,0.3236371695455552,0.3236371695455552,1.6864037073159062,0.0,0.0,4.1588826179504395,0.2371444535144205,0.0,0.2371444535144205,0.116808229347877,0.7170725746323589,0.16818299906637058,0.9532363303741757,0.0011355270278659516,0.0009482990453672035,0.0027851231975591323,0.004502456241903743,0.7616708209302632,0.3081503157165519,0.3198693976824328,0.3198693976824328,5.3938082098405555,0.0,0.0,4.1588826179504395,0.27301588756327305,0.0,0.27301588756327305,0.14020276143684152,2.20025604435746,0.14032982116397355,3.176726430987141,0.007581346801891402,0.0021171345601801225,0.006383892433625293,0.010400108167300035,0.7360614819556289,0.3051309409719076,0.3198693976824328,0.3520043478665515,val_self_probe_loss
116,0.22024271784004737,0.22024271784004737,2.33649053050841,0.0,0.0,4.1588826179504395,0.2427208058364305,0.0,0.2427208058364305,0.08986054679213253,0.9610843845734088,0.09152715463134022,1.3588738616895335,0.0013112777226820995,0.0011568938347405137,0.0028629237306728532,0.005397836348802489,0.7648179353134038,0.31406806689062444,0.3161124884156707,0.3161124884156707,5.323300690662046,0.0,0.0,4.1588826179504395,0.2719506152113032,0.0,0.2719506152113032,0.1358913687746162,2.168221559491217,0.14089504328573713,3.1383529476913976,0.007417326100322097,0.001825037125639915,0.006808354688507522,0.009639707671605652,0.7358179268259439,0.3061145658818831,0.3161124884156707,0.3198693976824328,val_self_probe_loss
117,0.20937972335077404,0.20937972335077404,1.9021520161537124,0.0,0.0,4.1588826179504395,0.23775682021770728,0.0,0.23775682021770728,0.08786984149910484,0.8107071643374231,0.0826749086602868,1.0751659482120486,0.0009686214815712514,0.0008369329540586673,0.0028375500878809854,0.004928788175585585,0.7661811941672366,0.3115352378456836,0.29258690621727,0.29258690621727,5.487362116760349,0.0,0.0,4.1588826179504395,0.27117762191695455,0.0,0.27117762191695455,0.1268559893338669,2.2257104409592494,0.1263442201444428,3.2448343136203217,0.007545088553630895,0.0019251662782588264,0.0067506935183531515,0.0095939988195202,0.7365074453886992,0.3075369109648355,0.29258690621727,0.3161124884156707,val_self_probe_loss
118,0.17896899682368458,0.17896899682368458,2.2593238488019627,0.0,0.0,4.1588826179504395,0.24168822362315642,0.0,0.24168822362315642,0.07582113755157403,0.9353259351640187,0.06420873011371404,1.3076422699266057,0.0011181172603126881,0.0008695069605496713,0.002874448187570021,0.0048095084763613545,0.7674430354235594,0.3131474784517131,0.3001773348830131,0.3001773348830131,5.301502481843373,0.0,0.0,4.1588826179504395,0.2684733984263047,0.0,0.2684733984263047,0.12679302875930154,2.1465825197859583,0.13399583534829274,3.138248369080356,0.0073617796516367694,0.0017282017418251627,0.006977382590357932,0.00909957122158907,0.7370061441237882,0.3065904823149213,0.3001773348830131,0.3001773348830131,val_self_probe_loss
119,0.3145649770374945,0.3145649770374945,2.031213314175344,0.0,0.0,4.1588826179504395,0.23519827088527176,0.0,0.23519827088527176,0.1256461812747575,0.8650806093287913,0.15007616859645012,1.149768376099324,0.0011774347213398626,0.0007546099926079953,0.0032010302465137106,0.00506501500729909,0.7645632108401519,0.31338139442659496,0.26522419354097443,0.26522419354097443,5.546908635900627,0.0,0.0,4.1588826179504395,0.26639983159784947,0.0,0.26639983159784947,0.11362199089923723,2.2279301347291987,0.11214622479765127,3.3027584886768406,0.007392516182352332,0.0018841233619941874,0.00705345384906746,0.009035391291250585,0.7380502449799768,0.296914484745227,0.26522419354097443,0.29258690621727,val_self_probe_loss
120,0.2291859521823971,0.2291859521823971,2.095088277310624,0.0,0.0,4.1588826179504395,0.23698781015255319,0.0,0.23698781015255319,0.08663799772785341,0.8494927313927108,0.10382632900675519,1.2296151527869141,0.0009382737853958422,0.0006821880548832129,0.003602673956699072,0.004392645398203925,0.7625357721299424,0.30740955089240385,0.2649701025961719,0.2649701025961719,5.455026530238412,0.0,0.0,4.1588826179504395,0.2640306964424086,0.0,0.2640306964424086,0.1117183843306526,2.1917406026250825,0.11380113532870823,3.246872608949031,0.007366739662316402,0.0018774042480867623,0.007012327724448781,0.00912216950427764,0.7381532518019588,0.3006359172163543,0.2649701025961719,0.26522419354097443,val_self_probe_loss
121,0.20547580212747227,0.20547580212747227,2.3038199359610365,0.0,0.0,4.1588826179504395,0.23858308983490312,0.0,0.23858308983490312,0.0896025313479513,0.9394919772833815,0.07708021131999439,1.348030206873097,0.0012894972512418248,0.00110104833723615,0.003010756546332686,0.004997003946195711,0.7633922770701177,0.3104538242981803,0.24794582478840899,0.24794582478840899,5.656183439289561,0.0,0.0,4.1588826179504395,0.2723599008706786,0.0,0.2723599008706786,0.10447361320546418,2.2660548916514616,0.10404988311474091,3.373512157458835,0.007311201006633602,0.0017770224283267227,0.007139714563812088,0.009503771769322501,0.737611284537345,0.30443348555091004,0.24794582478840899,0.2649701025961719,val_self_probe_loss
122,0.2324632599655412,0.2324632599655412,2.517315184531895,0.0,0.0,4.1588826179504395,0.23872863266588434,0.0,0.23872863266588434,0.09828865421275505,1.0418438610061593,0.0953457291221653,1.4592328306418383,0.00120792911544457,0.0007540359806790656,0.0035428601004281433,0.005816075762245154,0.7634520620990924,0.3093686240237578,0.26966045033302366,0.26966045033302366,5.296890984503379,0.0,0.0,4.1588826179504395,0.2620375547905146,0.0,0.2620375547905146,0.10963177988999841,2.114300523994502,0.12051081104979197,3.1666281783131893,0.007302501724925549,0.0016441776446757198,0.008011417584175602,0.007866459871173738,0.7378217163293258,0.29529248261303637,0.26966045033302366,0.2649701025961719,val_self_probe_loss
123,0.19216249820200723,0.19216249820200723,1.952775503961629,0.0,0.0,4.1588826179504395,0.23520718671945787,0.0,0.23520718671945787,0.07791504428264992,0.773442057792494,0.07548812419302868,1.1631549541929453,0.0009804235004216002,0.0006520550580923758,0.0032088925432501737,0.004128474588572374,0.7638667476425841,0.31205104705269326,0.25082043875355897,0.25082043875355897,5.4241317208879485,0.0,0.0,4.1588826179504395,0.26702224606682795,0.0,0.26702224606682795,0.10206572059831172,2.1668137516016546,0.10925267066123971,3.240842287049785,0.007520764950725759,0.0018306959015112992,0.0075812292797201725,0.008573961561337483,0.7372747180254563,0.30321530969987004,0.25082043875355897,0.25082043875355897,val_self_probe_loss
124,0.22898404831813013,0.22898404831813013,1.957320684789957,0.0,0.0,4.1588826179504395,0.23663922053333433,0.0,0.23663922053333433,0.08620170081437092,0.82079655677898,0.10337254597828953,1.1198318452828868,0.0013696283915281525,0.0007912867721903693,0.0030379402458884483,0.0045672309591049485,0.7752720048215596,0.3207563918521454,0.22974885902974918,0.22974885902974918,5.588548276550281,0.0,0.0,4.1588826179504395,0.2640480055757191,0.0,0.2640480055757191,0.09459864351065447,2.2258950270110778,0.09562622165446233,3.346186794167072,0.00753907001860583,0.0019911080215657103,0.007477113808959329,0.008769289844941278,0.7378304706226965,0.30182435701352467,0.22974885902974918,0.25082043875355897,val_self_probe_loss
125,0.16414539812850376,0.16414539812850376,2.0372098574147004,0.0,0.0,4.1588826179504395,0.23534669603592218,0.0,0.23534669603592218,0.0649569108126364,0.8389205719649988,0.05992685556646874,1.1818481345408474,0.0012922007737489075,0.0006441905256721772,0.0028471826037962467,0.004888135894599374,0.7730773118141585,0.31582640698660086,0.20122458908406105,0.20122458908406105,5.864577588827713,0.0,0.0,4.1588826179504395,0.2697336064732593,0.0,0.2697336064732593,0.08482349761154341,2.330118996386202,0.07690478701387411,3.51771856183244,0.007521795312731573,0.002180412931694766,0.0074637265267105115,0.008990602989345557,0.7373896052378305,0.30591278361237567,0.20122458908406105,0.22974885902974918,val_self_probe_loss
126,0.200073756997266,0.200073756997266,2.5651372418903495,0.0,0.0,4.1588826179504395,0.2368909495624046,0.0,0.2368909495624046,0.07995146804751929,1.061837613950642,0.08141473052424146,1.4871239991598935,0.000933714858683094,0.0008667401127737915,0.002999418345228876,0.005446642382186965,0.7634837941463902,0.30828844905553876,0.23879112576290687,0.23879112576290687,5.440566593954652,0.0,0.0,4.1588826179504395,0.26111272902962585,0.0,0.26111272902962585,0.09650339411502207,2.1585465633073206,0.10273743386420867,3.2656461054470785,0.0073281742928579295,0.001885959047229233,0.008294412913234754,0.007815143416681969,0.7377761228484396,0.3024146021893306,0.23879112576290687,0.22974885902974918,val_self_probe_loss
127,0.20779037766330327,0.20779037766330327,1.9858109247834963,0.0,0.0,4.1588826179504395,0.23084049990030597,0.0,0.23084049990030597,0.08363637479653932,0.7957211704403325,0.0852123586364851,1.173798738699713,0.0010809489654537605,0.0008570337404677182,0.0029491167670140364,0.003950220871099264,0.7675300117512566,0.3136336019612301,0.18949494986384183,0.18949494986384183,5.8102030079372184,0.0,0.0,4.1588826179504395,0.26891068494097786,0.0,0.26891068494097786,0.07809557176993362,2.297546551880999,0.07194164209646282,3.4960978435792076,0.007322559564035264,0.0019589821312371177,0.007566725297596722,0.008751531264611654,0.7374084504864971,0.303878475975546,0.18949494986384183,0.20122458908406105,val_self_probe_loss
128,0.2206893574434172,0.2206893574434172,1.8036607269332647,0.0,0.0,4.1588826179504395,0.23397229376333867,0.0,0.23397229376333867,0.08023487867912202,0.7468256172197579,0.1015784706262019,1.0404582751391438,0.001093666014244548,0.0007950544147988234,0.0030153963492997194,0.0039591993423512065,0.7660211562848641,0.3156437224797438,0.17041092659838453,0.17041092659838453,6.05331039308391,0.0,0.0,4.1588826179504395,0.26995121599724575,0.0,0.26995121599724575,0.07172800809208604,2.389358115631231,0.05917972329749454,3.6472449305854875,0.0075179098591281485,0.0021348434156437785,0.007105413172827883,0.009633064392942542,0.7382635013287112,0.30420086491181986,0.17041092659838453,0.18949494986384183,val_self_probe_loss
129,0.1985424583783919,0.1985424583783919,3.113107254064175,0.0,0.0,4.1588826179504395,0.2399089318893351,0.0,0.2399089318893351,0.09674922640422108,1.2893422190202186,0.06297858337882976,1.807432549129497,0.001159965080442546,0.0009827888706261593,0.003300919341389601,0.0063521130729679316,0.7638911725268275,0.30903547828859607,0.19301095445241248,0.19301095445241248,5.698771696005549,0.0,0.0,4.1588826179504395,0.2679919231197108,0.0,0.2679919231197108,0.07670851071185855,2.2441570525121244,0.07682753799726134,3.43806936925925,0.007167767097389684,0.0017930098459524879,0.007845952871157238,0.00806374888670463,0.7379675263203449,0.3058177978725907,0.19301095445241248,0.18949494986384183,val_self_probe_loss
130,0.330859590546687,0.330859590546687,1.911510410672616,0.0,0.0,4.1588826179504395,0.23755030304553348,0.0,0.23755030304553348,0.12938104607941814,0.7991094546214679,0.16261900369533872,1.0961626900705528,0.0011328289798181298,0.0007564968018653823,0.0033478679767483693,0.0041876322185747435,0.7648307958497174,0.31260770012989525,0.21151831933522816,0.21151831933522816,5.543531292343732,0.0,0.0,4.1588826179504395,0.2651411397671848,0.0,0.2651411397671848,0.08349385842542101,2.1820380897347973,0.08845789043915382,3.3448499095140267,0.007408875453496288,0.001835621855241031,0.008079450368528364,0.008081980331609985,0.7381281286292936,0.30752647552431,0.21151831933522816,0.19301095445241248,val_self_probe_loss
131,0.20772236527549973,0.20772236527549973,1.7870430978573246,0.0,0.0,4.1588826179504395,0.23571422259383615,0.0,0.23571422259383615,0.08038408015001029,0.7003068324305224,0.08830969201750505,1.0702827922441678,0.0011003528996120268,0.0006998377124841607,0.0031793715050709805,0.0035911087137386285,0.7687112269626621,0.3183877332673769,0.1680616768227416,0.1680616768227416,5.89777478881134,0.0,0.0,4.1588826179504395,0.2627178255630576,0.0,0.2627178255630576,0.06777148605295405,2.314258165241028,0.060729799612847545,3.567104756473477,0.007493866251205653,0.0020176109664648916,0.007247765456696521,0.009212200759811709,0.7392427541824601,0.2997356083082116,0.1680616768227416,0.19301095445241248,val_self_probe_loss
132,0.19881202417919586,0.19881202417919586,2.468072285113036,0.0,0.0,4.1588826179504395,0.229148868540901,0.0,0.229148868540901,0.07426337123890413,0.9975288393697676,0.08577604367347633,1.4543671751319218,0.0010394369621398736,0.000946476585447684,0.0030382332645633187,0.005003309230045155,0.7641784807198919,0.30878674964349956,0.17501727294940386,0.17501727294940386,5.820034250154258,0.0,0.0,4.1588826179504395,0.2648805502038565,0.0,0.2648805502038565,0.0695128456345233,2.2842265503099246,0.06596550453303857,3.5192061559939236,0.007406205371197932,0.0017996408419969823,0.007710284946821862,0.008768280425039554,0.7383269454751696,0.3054931263745942,0.17501727294940386,0.17501727294940386,val_self_probe_loss
133,0.18490970560833075,0.18490970560833075,1.9656225195896744,0.0,0.0,4.1588826179504395,0.23323910571348525,0.0,0.23323910571348525,0.06948557245400944,0.8269975366220124,0.07637635025100703,1.1222007475286297,0.0013699251791330935,0.0007635352145564824,0.00299284876588503,0.004976658540819777,0.7681202819789673,0.3147117123580267,0.15359333648074489,0.15359333648074489,5.989939076698715,0.0,0.0,4.1588826179504395,0.26588001088326024,0.0,0.26588001088326024,0.06133678336830243,2.3415363755840692,0.05266068839635816,3.6318876738428654,0.007426654066073763,0.0020062674871267924,0.007756854109943307,0.008556288830438479,0.739270257653657,0.30316047823947406,0.15359333648074489,0.1680616768227416,val_self_probe_loss
134,0.17117541899616318,0.17117541899616318,2.9342750369210275,0.0,0.0,4.1588826179504395,0.22943695462037914,0.0,0.22943695462037914,0.06545412432837876,1.1856711513549907,0.06707591965536942,1.7324695543485207,0.0011619596409236472,0.0010327699867575194,0.002936357953220209,0.005106013171624241,0.7612250375302773,0.30731101237589126,0.1701731058936682,0.1701731058936682,5.743731981987909,0.0,0.0,4.1588826179504395,0.2669788623078269,0.0,0.2669788623078269,0.0652117405798263,2.2431993167500317,0.0653565466137869,3.483935970483313,0.007336770180361172,0.0017086180244444656,0.008329189394424258,0.007763626937528852,0.738754177315635,0.30786817340376954,0.1701731058936682,0.1701731058936682,val_self_probe_loss
135,0.21005084548803898,0.21005084548803898,1.954417366456776,0.0,0.0,4.1588826179504395,0.2361887307872364,0.0,0.2361887307872364,0.07775950398700952,0.8094461886406469,0.09340036195691605,1.1287138269893195,0.0012118326525360297,0.0006322683954333353,0.0027818928402925215,0.0039882365840105865,0.766196721079059,0.31400884113772376,0.14840053803987385,0.14840053803987385,5.985682408724513,0.0,0.0,4.1588826179504395,0.26454209485409425,0.0,0.26454209485409425,0.05692746548664681,2.331525490520904,0.05185460749296298,3.63755174342728,0.007401194808475372,0.0019900100711051243,0.007690799775785009,0.00848745865608502,0.7399817462663473,0.30517521704205813,0.14840053803987385,0.15359333648074489,val_self_probe_loss
136,0.27197034686443966,0.27197034686443966,2.4828275250910927,0.0,0.0,4.1588826179504395,0.23260118783697992,0.0,0.23260118783697992,0.11488193295626165,1.01454123323037,0.11789521772483963,1.4516192313475875,0.0009165045647903905,0.0007135394912852956,0.002830515510599925,0.005069298026408554,0.773620700338931,0.31963457705291515,0.1472822009984936,0.1472822009984936,5.981392446326914,0.0,0.0,4.1588826179504395,0.26632066357950246,0.0,0.26632066357950246,0.055302788895375515,2.3219298829110513,0.05233396631694451,3.642973450804997,0.007348177361902955,0.0020190740193209884,0.007896485387041054,0.008099398661046203,0.7403749579228229,0.30349037328862255,0.1472822009984936,0.14840053803987385,val_self_probe_loss
137,0.19963188551194583,0.19963188551194583,2.598490852719473,0.0,0.0,4.1588826179504395,0.23222936274387704,0.0,0.23222936274387704,0.08165634804201832,1.0613244512045816,0.0792350296920695,1.5210384797901897,0.000868195026524367,0.0007297445710387879,0.002995630353586963,0.004328908060874655,0.7644777953559297,0.31025025320498006,0.15604201543451465,0.15604201543451465,5.848925910057118,0.0,0.0,4.1588826179504395,0.2660107403438284,0.0,0.2660107403438284,0.058095751056933535,2.26886231924251,0.05831421544682813,3.563593878867741,0.007300496408415767,0.0018558163509460315,0.008043598220972864,0.007828398984394134,0.7400515060987531,0.30445380795816457,0.15604201543451465,0.14840053803987385,val_self_probe_loss
138,0.16206658885913414,0.16206658885913414,2.7050650115201553,0.0,0.0,4.1588826179504395,0.24011520017449603,0.0,0.24011520017449603,0.05648499321801798,1.0531284518122803,0.06606377863849623,1.634728349551035,0.0009809136914299406,0.0011144823717908871,0.002918093529929592,0.005013150236856613,0.7796156724381264,0.32856597930487375,0.19557966313885977,0.19557966313885977,5.407924381842524,0.0,0.0,4.1588826179504395,0.25506451762981297,0.0,0.25506451762981297,0.07257031766634134,2.1000031262451078,0.08347742740782152,3.2919870096357156,0.0070862942084204406,0.0014752870274888264,0.008158651152365373,0.007527830684412942,0.7388895624172613,0.296246273917441,0.19557966313885977,0.15604201543451465,val_self_probe_loss
139,0.1832731304982622,0.1832731304982622,2.1446929719262275,0.0,0.0,4.1588826179504395,0.2297945661321037,0.0,0.2297945661321037,0.06798098478711627,0.8609985506364465,0.07596062433534802,1.2671437358696311,0.0012533090720564008,0.0006856226710284033,0.002813755756046758,0.004243804363336549,0.7747363172692342,0.3190995400483208,0.25035285872193225,0.25035285872193225,5.172724136839742,0.0,0.0,4.1588826179504395,0.2563050640110644,0.0,0.2563050640110644,0.09327441992481118,2.015480619039595,0.11762089409535716,3.140847863739368,0.007067200592635865,0.001484050729068145,0.008203438313617169,0.00774070043883269,0.7374078753572073,0.30501644914935094,0.25035285872193225,0.19557966313885977,val_self_probe_loss
140,0.1890087961398155,0.1890087961398155,2.2471957260703936,0.0,0.0,4.1588826179504395,0.23196502003724698,0.0,0.23196502003724698,0.07632275094389589,0.9104329128427642,0.0739212580307353,1.3204446952098943,0.001203962271356072,0.0005342613254753583,0.0029892535609551975,0.004871906041378272,0.7632973877187618,0.3139481719513756,0.16995265860087383,0.16995265860087383,5.60671447448849,0.0,0.0,4.1588826179504395,0.25993528499366336,0.0,0.25993528499366336,0.06192070740327146,2.175057143991038,0.06850019176288144,3.41520925059984,0.007166292274926474,0.0018395075100489742,0.007998351749938027,0.00794433086086643,0.7388071984237765,0.30388081036739467,0.16995265860087383,0.19557966313885977,val_self_probe_loss
